Hours_Studied,Attendance,Parental_Involvement,Access_to_Resources,Sleep_Hours,Previous_Scores,Motivation_Level,Tutoring_Sessions,Family_Income,Teacher_Quality,Peer_Influence,Physical_Activity,Parental_Education_Level,Distance_from_Home,Exam_Score,Gender_Male,School_Type_Public,Internet_Access_Yes,Extracurricular_Activities_Yes,Learning_Disabilities_Yes
23,84,0,2,7,73,0,0,0,1,2,3,0,0,67,1,1,1,0,0
19,64,0,1,8,59,0,2,1,1,0,4,1,1,61,0,1,1,0,0
24,98,1,1,7,91,1,2,1,1,1,4,2,0,74,1,1,1,1,0
29,89,0,1,8,98,1,1,1,1,0,4,0,1,71,1,1,1,1,0
19,92,1,1,6,65,1,3,1,2,1,4,1,0,70,0,1,1,1,0
19,88,1,1,8,89,1,3,1,1,2,3,2,0,71,1,1,1,1,0
29,84,1,0,7,68,0,1,0,1,1,2,0,1,67,1,0,1,1,0
25,78,0,2,6,50,1,1,2,2,0,2,0,2,66,1,1,1,1,0
17,94,1,2,6,80,2,0,1,0,1,1,1,0,69,1,0,1,0,0
23,98,1,1,8,71,1,0,2,2,2,5,0,1,72,1,1,1,1,0
17,80,0,2,8,88,1,4,1,2,1,4,1,1,68,1,0,0,0,0
17,97,1,2,6,87,0,2,0,2,1,2,0,0,71,1,0,1,1,0
21,83,1,1,8,97,0,2,1,1,2,4,0,0,70,1,1,1,1,0
9,82,1,1,8,72,1,2,1,1,2,3,2,0,66,1,0,1,1,0
10,78,1,2,8,74,1,1,0,1,1,4,2,0,65,1,0,1,1,0
17,68,1,1,8,70,1,2,1,1,2,4,0,0,64,0,0,1,0,0
14,60,1,0,10,65,0,0,2,1,2,3,1,0,60,1,0,1,1,0
22,70,0,1,6,82,1,1,0,2,1,3,0,0,65,0,1,1,1,0
15,80,1,1,9,91,0,3,0,1,2,2,1,1,67,0,1,1,1,0
12,75,1,2,7,58,1,3,1,1,2,4,1,0,66,1,0,1,1,0
29,78,1,1,5,99,2,0,2,1,0,1,0,1,69,0,1,1,0,0
19,99,1,2,6,84,1,1,1,2,1,3,0,0,72,1,1,1,0,0
20,74,1,2,8,89,0,1,1,1,0,2,1,1,66,0,1,1,0,0
11,78,2,1,8,100,2,1,0,1,1,3,0,1,66,1,1,1,1,0
17,65,0,2,5,75,1,2,0,1,2,3,0,0,63,0,1,1,1,0
21,62,2,0,6,54,2,0,2,2,2,3,2,2,64,1,1,1,1,0
13,91,0,1,6,90,1,1,2,1,0,2,0,1,65,0,1,1,0,1
22,83,2,2,6,94,1,0,2,1,1,2,1,1,71,1,1,1,1,0
16,90,1,1,4,58,1,1,0,1,1,3,0,1,66,0,1,1,0,0
18,66,2,2,4,51,0,2,0,1,1,2,1,0,64,1,0,1,0,0
16,83,0,1,6,57,1,0,2,0,2,4,0,0,63,0,1,1,0,1
31,70,1,2,7,66,1,1,2,1,0,3,1,0,69,1,1,1,1,0
20,69,1,1,8,96,1,2,1,2,2,3,0,0,67,1,1,1,1,0
14,60,2,1,5,50,1,2,1,1,1,3,1,0,61,0,1,1,0,0
25,65,2,1,5,90,1,2,1,1,2,3,1,1,68,0,1,1,0,0
13,72,0,1,6,93,0,1,0,1,0,3,0,0,61,1,1,1,0,0
21,65,1,0,7,91,0,2,1,2,2,3,0,2,64,0,1,1,1,0
8,99,1,1,9,54,0,2,0,1,1,5,2,0,67,0,1,1,0,0
12,72,0,1,8,84,1,1,0,1,2,5,0,0,63,0,1,1,1,0
21,65,0,1,6,98,0,1,1,2,0,4,0,0,64,1,1,1,1,0
24,68,2,1,8,56,0,3,2,2,1,1,1,0,67,1,1,1,0,0
21,84,1,1,6,52,0,1,1,2,1,2,1,2,65,0,1,1,1,1
19,63,0,2,7,94,1,1,1,1,2,3,0,1,64,1,0,1,0,0
18,94,1,2,7,82,1,3,1,1,0,2,1,0,70,1,0,1,1,1
11,98,1,1,9,82,0,1,1,1,2,3,2,2,68,1,0,1,1,0
16,70,1,1,8,98,1,2,1,1,2,3,0,1,65,1,1,1,1,0
17,78,1,1,6,88,1,1,1,2,2,3,1,0,68,0,0,1,1,0
26,61,1,0,6,70,1,2,0,1,2,3,0,1,64,0,1,1,1,0
22,86,0,1,7,72,0,3,0,2,2,2,0,1,68,1,1,1,1,0
9,77,1,1,5,57,1,2,1,2,1,3,0,0,63,1,1,1,0,0
22,71,0,1,7,65,0,1,1,0,2,4,1,1,64,1,1,1,1,0
18,68,2,1,7,72,1,0,1,1,1,3,1,0,64,1,1,1,0,0
16,86,0,1,8,63,1,2,1,1,2,4,0,0,67,1,1,1,1,0
24,77,2,0,8,96,1,0,1,1,1,3,0,0,67,0,1,1,0,0
26,67,1,2,7,51,0,2,2,2,1,4,2,2,66,0,0,1,1,1
26,88,1,2,5,79,1,1,0,2,2,4,1,1,72,1,0,1,1,0
15,83,1,2,5,89,0,1,1,2,1,2,0,0,65,0,1,0,0,1
18,94,1,1,6,87,2,1,1,1,2,4,0,0,71,1,1,1,1,0
22,65,2,0,8,82,1,2,1,2,2,1,2,0,66,0,1,1,0,0
26,91,1,0,8,71,1,0,0,1,1,3,0,1,68,1,0,1,1,0
17,87,1,1,7,96,1,1,2,1,0,5,2,0,70,0,1,1,0,0
19,65,1,1,10,66,0,0,0,1,2,3,0,1,62,1,1,1,1,0
13,88,0,2,9,88,2,2,0,2,0,4,2,2,68,1,0,1,1,0
13,78,1,2,9,96,2,2,0,1,1,3,1,1,67,1,1,1,1,0
25,98,0,2,8,56,1,0,1,2,1,3,2,0,71,1,0,0,1,0
28,66,1,2,8,97,1,0,1,1,1,2,0,0,68,1,1,1,1,0
20,86,1,1,8,89,1,1,0,1,0,3,2,0,69,1,1,1,1,0
26,75,0,2,4,81,2,3,1,2,2,2,0,1,70,1,0,1,1,0
22,98,1,2,5,69,0,1,0,2,0,4,0,1,69,0,1,0,0,0
16,73,1,1,7,95,1,1,0,1,0,4,1,0,65,1,1,1,0,0
22,98,1,0,7,52,1,3,1,1,2,3,1,0,70,0,1,0,1,0
29,96,1,0,7,72,1,1,0,1,2,3,0,1,71,1,1,1,1,0
20,71,1,1,7,88,1,1,0,0,1,4,1,0,65,0,1,1,1,0
29,92,0,1,4,91,1,2,1,1,0,1,2,0,72,0,1,1,0,0
4,100,2,2,8,60,2,0,1,2,2,4,1,1,69,1,0,1,1,0
25,70,1,1,7,52,1,1,1,1,2,3,2,0,66,0,1,1,0,0
21,77,0,1,7,90,1,4,1,1,1,3,2,1,68,1,0,1,1,0
18,81,2,0,8,71,1,0,1,1,1,3,0,1,65,0,1,1,1,0
21,72,1,1,5,57,1,1,2,1,1,5,1,1,64,1,1,1,1,1
8,61,1,1,7,54,1,1,2,1,2,3,1,0,60,1,1,1,1,0
19,69,1,2,7,82,2,1,0,1,0,2,0,0,65,1,1,1,1,0
22,71,2,1,6,79,2,1,0,0,2,3,0,0,66,1,1,1,0,0
29,78,2,2,4,93,0,5,1,2,1,3,1,0,74,1,1,1,1,0
17,67,1,1,5,52,2,2,1,1,0,3,0,2,62,0,0,1,1,0
15,95,1,1,7,93,1,2,0,1,2,4,1,1,70,1,1,1,0,0
17,88,1,2,7,94,0,0,1,1,1,3,0,0,69,1,1,1,1,0
25,63,1,2,7,72,1,3,1,2,0,4,1,2,67,1,0,1,1,0
22,86,0,0,6,54,1,2,1,1,1,0,0,1,64,1,1,1,0,0
17,86,1,2,5,97,2,3,2,1,1,3,1,0,71,1,1,1,0,0
23,98,1,0,7,54,0,0,1,1,0,3,1,0,68,0,1,1,1,0
21,60,2,1,7,80,1,0,1,2,1,4,1,0,64,1,1,1,0,1
26,70,1,0,8,75,1,1,1,0,1,4,0,2,63,0,0,1,1,1
16,97,1,1,6,92,0,0,2,1,2,4,1,0,71,1,0,1,1,0
18,97,2,1,4,75,0,0,0,1,2,3,0,1,69,1,1,1,1,0
18,89,2,1,4,73,1,3,2,1,2,2,1,0,100,0,0,1,1,0
11,91,1,1,6,94,1,3,1,1,1,3,1,1,68,1,1,1,0,0
22,64,0,1,7,98,0,1,1,1,0,3,0,0,62,1,1,0,0,0
22,81,1,1,7,77,0,2,1,1,2,3,2,2,68,0,1,1,1,0
20,69,2,2,6,73,1,2,0,1,2,3,0,2,66,1,0,1,1,0
19,67,0,1,5,92,2,0,1,1,2,3,1,0,64,1,1,1,0,0
12,92,1,1,4,92,2,2,1,2,1,3,0,1,67,1,1,1,0,1
17,65,1,2,8,66,1,1,2,2,1,4,2,1,65,0,1,1,1,1
18,79,1,1,7,79,1,0,0,2,1,3,1,2,65,1,0,1,1,0
15,98,2,1,6,58,2,0,0,2,2,3,1,0,69,1,1,1,0,0
19,67,1,1,5,82,2,1,0,0,0,3,0,0,63,1,0,1,0,0
22,99,1,0,6,92,0,3,1,1,0,4,2,1,72,1,1,1,1,0
31,100,1,1,7,59,1,2,2,2,2,5,2,1,76,1,1,1,0,0
21,82,1,2,7,66,2,3,0,1,2,3,1,0,69,0,1,1,1,1
22,67,1,1,7,72,2,3,0,2,2,2,2,1,67,0,1,1,1,0
20,73,2,1,9,92,1,2,1,2,2,3,1,0,69,1,1,1,1,0
8,77,2,1,6,87,1,0,0,1,1,2,0,1,63,1,1,1,1,0
20,72,1,1,9,66,1,3,0,2,2,3,2,0,67,1,0,1,0,0
20,71,0,2,7,62,2,2,1,1,0,5,1,0,66,1,1,1,1,0
35,99,2,2,7,85,0,2,1,2,1,2,2,0,79,0,0,1,1,0
19,66,1,1,8,74,1,1,2,1,1,3,0,0,64,0,1,1,0,0
22,89,2,2,6,80,1,1,2,2,2,3,0,0,73,0,1,1,1,0
20,60,0,2,7,82,2,2,0,2,2,4,0,0,63,1,1,1,0,1
13,84,1,1,5,78,1,1,0,2,2,2,0,0,65,1,1,1,0,0
27,97,0,2,8,81,1,0,2,1,2,5,0,0,73,0,1,1,1,0
25,72,2,2,8,94,0,2,0,1,2,4,1,1,70,0,0,1,1,0
25,67,2,1,9,93,2,2,0,2,2,3,0,0,68,0,1,1,0,1
15,86,1,1,7,57,1,1,1,1,0,3,1,0,65,1,1,1,1,0
28,89,0,2,9,79,2,0,0,1,2,1,1,1,71,0,0,1,1,0
12,88,0,1,6,72,0,2,1,1,2,2,1,2,64,1,1,1,0,0
24,73,1,2,8,64,1,4,2,1,1,3,1,1,68,1,0,1,1,1
33,70,1,1,6,82,0,1,0,2,1,4,1,0,69,1,1,1,1,0
14,98,1,1,7,76,1,0,1,2,2,4,1,1,69,0,0,1,0,0
17,97,1,1,8,89,1,1,0,1,1,4,0,2,69,1,1,1,0,0
21,78,1,1,10,55,1,1,2,0,2,2,1,0,67,1,0,1,1,0
17,94,0,1,8,65,0,4,1,1,1,6,0,2,68,0,1,1,1,0
11,78,1,2,8,51,1,2,0,1,1,3,2,0,64,1,1,1,1,0
20,77,1,1,6,87,0,0,0,2,2,4,0,0,66,0,1,1,0,0
14,66,2,0,7,96,1,3,0,2,0,3,0,0,63,1,1,1,0,0
23,77,1,1,7,79,1,0,0,2,1,2,0,1,66,1,1,1,1,0
14,81,1,1,9,81,1,1,0,2,0,3,2,0,66,0,0,1,0,0
29,61,1,2,7,52,0,3,0,1,2,3,1,0,67,0,0,1,1,0
15,78,2,2,9,75,0,1,0,1,0,1,0,0,65,1,1,1,0,0
18,91,0,1,5,76,1,1,1,1,1,3,0,0,68,0,1,1,1,0
25,87,1,0,9,52,2,1,0,2,2,2,0,0,68,1,0,1,0,0
13,85,2,1,6,89,1,0,2,1,1,1,0,0,65,1,0,1,0,1
21,96,1,1,8,64,2,2,1,2,1,0,1,0,71,1,1,1,0,0
28,61,1,2,6,86,2,1,0,1,0,3,2,2,65,1,0,1,0,1
10,82,1,0,8,70,1,3,0,2,2,1,2,0,64,0,1,1,0,1
21,91,2,1,6,100,1,0,2,1,1,2,2,0,72,0,0,1,0,0
22,82,1,1,9,61,1,2,0,1,0,2,0,0,65,0,1,1,0,1
25,73,1,2,8,53,2,0,0,2,0,5,2,0,66,0,0,0,0,0
13,65,0,2,6,99,1,0,0,1,0,4,0,0,61,1,0,1,0,0
12,96,0,2,8,62,1,2,1,2,0,3,1,0,68,0,1,1,1,0
23,79,2,2,8,82,0,3,1,1,0,3,2,1,69,0,1,1,1,1
22,95,1,2,6,69,1,1,0,1,2,3,1,0,72,0,1,1,1,0
22,83,1,2,5,82,1,2,0,2,2,3,2,0,71,0,1,1,1,0
22,87,2,2,5,80,0,2,0,2,0,3,0,0,70,0,1,1,0,0
16,92,1,2,5,85,0,1,0,1,1,2,0,1,68,1,1,1,1,0
21,86,0,1,5,51,1,2,0,2,2,2,0,1,67,0,1,1,1,0
22,76,1,1,8,92,1,1,0,2,1,4,0,0,68,0,1,1,1,0
16,81,1,1,8,74,1,3,1,1,2,2,2,0,68,0,1,1,1,0
31,92,1,1,4,76,1,2,1,2,2,4,0,2,72,1,1,1,1,1
23,75,0,2,6,71,0,0,1,1,1,2,1,0,65,1,1,1,0,0
13,76,1,2,5,99,0,2,1,1,2,4,0,0,66,0,0,1,0,0
24,64,1,1,8,90,2,0,0,2,0,3,0,0,65,1,1,1,1,0
14,97,1,1,6,66,1,2,1,1,0,3,1,0,67,0,1,1,1,1
25,64,1,2,5,89,0,2,1,1,1,4,1,2,66,1,1,1,0,0
27,86,1,1,7,72,0,1,1,2,2,4,0,2,69,1,1,1,0,0
15,77,1,1,8,94,0,0,2,2,2,3,1,1,66,1,1,1,1,0
26,76,1,2,6,52,1,4,2,0,1,3,0,0,69,1,1,1,1,0
22,87,2,0,7,68,1,0,0,1,1,2,0,0,67,1,1,0,1,0
25,63,2,1,6,71,1,1,1,0,2,3,0,0,66,1,0,1,1,0
31,84,1,1,9,87,1,2,0,1,1,3,1,2,71,1,0,1,1,0
19,91,2,0,6,59,1,5,1,2,1,4,1,1,70,1,1,1,0,0
15,93,2,1,6,64,1,2,1,2,2,4,2,0,71,1,1,1,0,0
15,67,1,1,7,86,2,1,2,1,2,3,2,0,66,1,0,1,1,0
15,96,1,1,7,54,2,3,1,2,0,2,0,0,67,1,1,0,0,0
20,86,2,0,8,60,1,1,1,1,1,4,1,2,66,0,1,1,0,1
22,95,1,2,9,88,0,0,0,2,2,2,2,0,72,1,1,1,0,0
22,79,1,1,9,94,1,1,1,1,2,3,0,0,68,1,1,1,0,0
25,82,1,1,6,86,1,3,0,2,2,3,0,0,69,0,1,0,0,0
20,97,1,1,7,76,0,2,0,0,2,3,2,0,71,1,0,1,1,0
29,96,1,1,9,55,0,0,1,1,1,2,2,2,70,0,1,0,1,0
18,78,1,1,9,91,2,2,2,0,1,4,1,2,67,0,1,1,0,0
36,71,1,1,6,56,1,2,2,1,2,2,0,2,69,1,1,1,1,0
24,76,0,2,8,69,0,2,1,1,1,1,0,1,65,1,1,1,0,0
15,76,2,2,8,53,1,1,0,1,1,4,1,0,65,1,1,1,0,0
14,71,1,1,8,85,0,2,1,2,1,4,0,0,64,1,1,1,1,0
23,71,0,0,9,75,0,1,0,1,0,2,1,0,63,1,1,1,1,0
19,94,0,1,5,95,1,3,0,0,2,2,0,1,69,1,1,1,1,0
24,63,1,0,6,57,1,1,0,2,1,5,1,0,64,0,0,1,1,0
23,87,2,2,8,91,2,0,2,1,2,3,0,1,72,1,0,1,1,0
20,67,0,1,7,76,1,0,1,1,1,4,0,0,63,1,1,1,1,0
15,74,0,2,4,68,0,3,0,1,2,3,0,0,64,0,1,1,1,0
11,62,1,2,5,82,1,3,2,1,1,4,1,1,64,1,0,1,1,0
17,71,1,1,8,90,1,5,1,1,2,1,2,2,67,1,1,1,1,0
25,91,1,1,8,72,0,2,1,2,2,0,2,0,71,1,1,1,0,0
21,95,1,1,5,62,2,1,1,0,2,4,0,0,70,1,1,1,0,0
13,69,1,0,9,96,0,0,2,1,1,4,0,2,61,0,0,1,1,0
21,79,1,2,7,66,0,2,0,1,0,4,1,1,67,1,1,1,1,0
22,79,2,1,5,100,1,4,2,2,0,3,1,0,72,1,1,1,0,0
15,95,0,0,6,88,0,1,0,1,0,5,0,0,66,1,1,1,1,0
21,91,1,2,5,84,1,1,2,0,1,2,0,0,70,1,1,1,1,0
20,81,2,1,6,51,2,3,1,1,1,4,0,0,67,1,1,0,1,1
13,87,2,0,4,72,1,2,1,2,1,3,0,1,67,0,1,1,1,0
22,94,0,1,7,75,2,2,2,1,1,2,1,0,71,0,1,1,1,0
23,60,2,1,8,69,1,1,0,1,2,4,1,0,66,1,0,1,1,0
26,76,1,1,5,57,1,1,1,1,2,4,0,0,68,1,1,1,1,0
26,96,1,1,7,68,1,3,2,1,2,3,1,0,74,0,0,1,1,0
12,90,1,0,6,54,1,1,2,1,1,3,0,0,64,1,1,0,1,0
14,82,1,1,8,65,1,1,0,1,2,3,1,0,65,1,0,1,0,0
23,81,0,1,4,54,1,1,0,1,1,3,1,0,66,1,1,1,1,0
23,74,1,2,8,88,0,0,1,2,0,3,0,0,66,1,1,1,1,1
23,81,1,0,4,84,1,2,1,1,2,5,0,0,68,1,1,1,0,0
43,86,2,1,7,97,1,2,1,2,2,1,0,0,78,0,1,1,1,0
23,77,1,2,6,69,0,1,1,1,2,2,0,1,67,0,0,1,1,0
27,89,1,2,6,89,1,3,1,1,2,3,0,0,74,1,0,1,1,0
26,94,1,2,5,79,2,1,0,2,2,2,2,0,74,1,1,1,0,0
24,66,1,0,9,82,0,1,1,1,1,2,0,0,62,0,1,1,0,1
18,78,2,1,5,77,1,2,1,1,1,4,0,2,66,1,1,0,1,0
25,76,1,1,5,89,2,3,1,2,1,3,0,2,69,0,1,1,1,0
15,87,1,2,10,52,1,2,0,2,2,3,1,0,68,1,0,1,1,0
19,70,1,0,7,54,2,0,1,1,2,2,0,1,89,1,1,1,0,1
17,86,2,0,5,55,0,2,2,1,1,4,1,0,66,1,0,0,0,0
20,95,0,1,7,64,0,2,1,2,1,3,0,0,68,0,1,0,1,0
34,77,1,0,7,80,0,0,1,1,2,3,0,0,69,1,1,1,1,0
9,96,1,1,4,82,2,0,0,1,2,4,1,0,67,1,1,0,1,0
24,100,2,2,6,86,0,2,1,1,2,5,0,0,75,1,0,1,1,0
10,64,1,2,7,64,2,0,1,1,2,4,0,1,60,0,1,1,0,1
17,69,2,1,9,83,1,2,1,2,2,4,1,1,66,0,0,1,1,1
27,98,0,2,7,56,0,1,2,1,2,3,1,0,73,0,0,1,1,0
20,98,1,0,7,50,0,1,1,2,1,2,0,0,68,0,0,1,0,0
14,64,1,1,6,85,1,0,1,1,1,3,0,0,62,1,1,1,1,0
16,61,1,1,9,86,0,2,0,2,2,2,0,0,62,1,1,1,0,0
24,66,2,0,8,81,2,1,1,1,1,4,0,2,65,1,1,1,1,0
16,100,2,0,8,63,2,2,0,1,0,3,0,1,69,1,1,1,1,0
21,67,1,1,7,96,0,3,0,1,1,2,0,2,64,0,1,1,0,0
20,80,1,2,5,94,1,0,0,0,2,4,2,1,67,0,0,1,0,1
16,94,2,2,9,76,1,0,0,2,1,2,0,0,70,1,1,1,1,0
33,61,1,1,7,99,2,2,1,2,1,3,1,0,70,0,1,1,0,0
24,84,2,0,7,65,0,3,1,2,2,3,0,0,69,0,1,1,0,0
8,71,2,0,8,75,1,0,1,2,2,3,0,0,61,1,1,1,0,0
21,94,1,1,7,96,0,0,1,1,1,2,2,1,69,1,0,1,0,1
16,71,2,1,5,73,1,1,1,1,1,0,0,0,63,1,1,1,1,1
25,87,1,0,7,74,0,0,1,2,1,4,0,0,67,1,1,1,1,1
15,87,0,1,4,54,1,1,1,1,1,6,0,1,65,1,1,1,0,0
19,69,1,1,7,61,2,3,2,2,1,4,0,1,66,1,1,1,1,0
23,61,0,1,9,58,1,4,1,1,1,2,0,0,63,1,1,1,0,0
25,76,1,2,4,78,1,2,1,1,0,3,0,1,68,0,0,1,1,0
13,72,2,2,7,66,1,0,0,2,1,4,2,0,65,1,1,1,0,0
18,92,0,1,8,54,1,1,1,1,2,3,0,0,67,1,1,1,1,0
17,92,0,0,8,75,1,2,1,2,1,3,2,0,68,0,1,1,1,0
16,78,1,2,6,83,1,0,0,0,1,3,1,0,64,1,1,1,0,1
31,84,1,1,5,87,2,0,1,1,2,3,1,1,71,1,0,1,0,0
22,84,1,1,6,92,0,0,1,1,1,5,0,0,69,0,1,1,1,0
12,93,1,1,9,74,0,1,1,1,1,3,2,1,67,1,1,1,1,0
26,77,0,1,4,70,0,2,2,0,1,3,1,1,65,0,1,1,0,1
33,71,0,1,5,84,1,1,1,1,2,2,0,0,68,1,1,1,0,0
26,71,2,1,6,51,0,1,2,1,2,3,2,1,67,1,0,0,1,0
11,81,1,1,6,82,2,3,1,2,1,4,0,0,67,1,1,1,1,0
17,78,1,2,7,70,1,2,0,2,2,3,0,0,66,1,1,0,1,0
28,78,2,1,9,73,2,2,1,1,1,4,1,1,70,0,1,1,0,0
16,64,2,0,5,65,1,3,1,2,2,4,2,1,65,0,0,1,1,0
23,89,0,0,7,56,0,4,1,0,2,4,2,0,69,0,0,1,1,0
25,69,1,1,7,70,0,1,2,2,2,4,0,2,65,0,1,0,1,0
14,68,2,1,6,65,1,1,2,1,1,3,1,0,63,1,1,1,0,1
20,77,1,1,5,98,0,2,0,2,1,2,2,2,67,0,0,1,0,0
1,69,2,1,6,97,1,1,0,1,2,3,0,0,61,0,1,1,1,0
14,83,1,0,6,82,1,0,1,1,2,2,0,0,65,0,1,1,1,0
18,75,0,2,8,95,1,1,0,0,1,2,1,0,66,0,1,1,1,0
13,78,1,2,8,88,2,0,2,0,1,3,1,0,66,1,1,1,1,0
30,81,1,0,5,67,1,1,2,2,0,1,0,0,69,1,1,1,1,0
11,68,1,1,6,80,1,2,1,1,2,3,1,1,63,0,1,1,0,0
17,66,0,2,6,61,1,1,2,1,2,6,2,0,65,1,1,1,0,0
21,95,0,0,10,84,0,0,2,1,1,4,0,0,67,1,1,1,0,1
29,77,2,2,7,52,1,2,2,1,0,3,0,0,69,0,1,1,1,1
11,76,0,1,5,92,1,4,1,0,0,2,2,0,65,1,1,1,1,0
27,61,1,1,6,79,1,1,0,1,2,3,0,1,65,1,1,1,0,0
20,80,2,0,6,53,1,0,0,1,1,2,1,1,65,1,1,1,1,0
14,82,1,2,8,94,0,2,0,2,0,5,1,2,67,0,1,1,1,0
23,82,0,1,8,94,1,1,1,1,0,2,0,0,66,1,1,1,1,1
21,88,1,2,7,93,1,4,0,1,2,3,0,0,72,0,1,1,0,0
16,67,1,2,7,89,2,3,0,1,2,3,1,0,66,1,1,1,0,0
20,70,1,1,7,84,0,2,1,2,1,4,1,2,65,1,0,0,1,0
18,92,2,1,7,70,1,1,0,1,1,3,0,1,69,1,1,1,1,0
21,98,1,0,4,57,1,2,2,0,1,2,0,0,68,0,1,1,0,0
24,65,1,0,7,64,0,1,2,1,1,1,2,0,64,1,1,1,0,0
30,80,0,2,6,67,1,3,1,1,0,4,1,1,69,0,1,1,0,0
13,69,1,0,5,68,0,0,2,1,2,1,0,1,59,0,1,1,1,1
33,62,2,1,10,78,1,0,1,1,2,3,0,1,68,0,0,1,1,0
8,73,1,1,7,60,1,0,2,1,1,3,0,0,60,0,0,0,0,0
19,66,1,2,7,59,1,1,2,1,0,3,0,2,62,1,1,1,0,0
24,88,0,1,6,86,0,0,0,0,0,3,1,0,67,1,1,1,1,0
22,81,0,2,8,50,2,4,1,1,2,5,0,2,68,0,0,1,1,0
16,66,1,2,5,57,2,3,1,1,2,3,0,1,64,0,1,1,1,0
19,60,1,2,7,72,2,3,0,2,2,3,0,1,65,0,1,1,1,0
17,92,0,0,6,57,1,2,1,1,2,2,0,1,65,0,0,1,1,1
16,67,2,1,8,98,1,0,0,0,1,3,0,0,63,0,1,1,0,0
25,84,1,0,6,84,0,2,1,2,2,3,0,0,70,1,1,1,1,0
22,73,0,1,9,72,0,3,1,1,2,3,0,0,66,0,1,1,1,0
16,83,1,2,7,56,0,4,2,1,2,3,0,0,68,0,1,1,1,0
25,73,0,0,8,69,1,3,1,1,2,3,0,0,66,0,0,1,0,0
22,63,0,0,8,83,1,3,1,1,0,1,1,0,63,1,0,1,0,0
25,69,2,1,9,98,1,1,0,1,0,3,1,1,66,0,1,1,1,1
24,68,1,1,6,74,1,1,1,1,1,3,0,0,65,0,1,1,1,0
15,77,1,1,8,85,2,1,0,1,2,2,2,1,66,1,1,1,1,0
17,86,2,0,4,60,2,2,2,0,2,3,1,1,67,0,0,1,1,1
24,71,1,1,7,81,1,0,0,1,2,3,0,0,66,1,0,1,1,0
24,60,0,1,6,62,2,4,0,2,0,3,0,0,63,0,1,1,0,0
20,81,1,1,5,60,0,3,1,1,2,4,0,0,66,1,1,1,1,1
21,84,1,1,6,75,0,1,2,1,2,3,1,1,67,1,1,0,0,0
28,99,1,1,6,61,1,1,0,1,2,3,0,0,71,1,1,0,1,0
16,84,1,2,7,86,1,1,0,1,1,2,0,0,67,0,0,1,1,0
23,79,1,2,6,97,1,1,2,0,1,4,0,1,69,1,1,1,1,0
19,83,1,1,7,70,1,2,0,1,0,4,2,0,67,0,1,1,1,1
19,97,2,1,6,66,2,2,1,1,2,2,1,1,72,0,0,1,1,0
27,93,2,0,6,59,2,2,0,1,0,4,0,0,70,0,0,1,0,0
25,73,1,2,7,70,0,0,0,1,1,4,2,1,67,1,0,1,1,0
25,69,0,2,7,78,1,0,0,2,0,3,0,2,64,0,1,1,1,0
28,71,1,1,8,69,2,1,1,2,1,1,1,1,67,0,0,1,0,0
20,80,0,2,8,81,1,3,1,1,0,4,2,0,69,1,0,1,0,0
24,90,0,0,7,83,1,0,0,1,2,3,1,0,68,1,0,1,0,0
18,80,1,1,8,55,0,2,0,0,1,3,0,1,63,1,1,1,0,0
22,63,1,2,7,85,1,4,2,2,0,3,1,0,68,0,1,1,1,0
19,89,2,1,7,95,1,0,1,1,2,3,0,0,70,1,1,1,1,0
21,92,1,0,8,51,0,0,1,1,1,2,1,1,66,1,1,1,1,0
24,72,2,2,6,78,2,0,0,2,0,6,0,0,68,0,1,1,0,0
15,87,2,0,4,80,2,0,0,1,2,3,1,0,67,1,0,1,1,0
33,77,0,2,5,85,1,0,0,1,1,5,0,2,69,0,0,1,1,0
14,96,1,0,9,69,2,0,1,1,0,3,1,0,66,0,0,1,1,1
13,94,1,1,7,91,0,3,0,1,1,3,0,0,68,1,1,1,1,0
27,81,1,1,7,77,1,2,1,0,1,2,2,1,69,0,1,1,1,1
25,88,1,1,7,70,0,1,1,1,2,3,2,1,70,1,0,1,1,0
24,95,1,2,8,86,2,1,1,2,1,3,1,0,74,1,0,1,1,0
24,80,1,2,7,96,2,0,0,2,2,0,1,1,70,0,1,1,1,0
20,73,1,1,7,91,0,1,1,2,1,2,2,1,66,1,1,1,1,0
15,90,2,1,8,97,1,1,0,2,0,3,1,0,69,0,0,1,1,0
20,69,1,2,6,63,0,0,0,1,0,3,2,0,64,1,1,1,0,0
16,76,0,2,8,56,1,1,0,1,2,1,0,0,62,1,1,0,1,0
26,95,0,2,7,77,1,0,1,1,1,3,0,1,70,0,1,1,0,0
19,89,2,1,7,52,1,2,1,1,0,4,0,1,68,1,1,1,1,0
15,76,1,1,6,84,0,0,1,2,1,3,1,0,65,0,1,1,1,0
18,69,2,2,7,62,0,3,1,1,2,3,0,1,65,1,1,1,0,0
22,74,2,2,6,73,0,3,2,2,2,4,2,1,71,0,1,1,1,0
17,71,2,1,9,83,0,2,1,1,1,5,0,0,66,1,1,1,1,0
15,67,1,1,4,74,1,0,0,1,0,3,1,1,61,1,1,1,0,0
21,90,0,1,8,62,0,2,1,2,0,5,0,0,67,1,1,1,1,1
21,70,0,2,4,94,1,0,0,2,1,2,1,2,65,1,0,1,1,0
17,78,1,2,8,88,1,0,0,1,0,3,0,0,65,0,1,1,0,0
17,75,1,2,6,80,1,1,0,1,2,5,0,1,65,1,0,0,1,0
21,99,1,1,8,85,2,4,1,1,2,4,0,1,73,1,1,1,0,0
11,76,1,1,7,71,1,1,1,0,1,2,1,0,62,1,1,0,1,0
12,63,1,2,5,69,0,0,1,2,0,2,1,1,60,0,1,1,1,0
16,64,0,1,9,58,0,1,1,1,2,3,1,1,61,0,1,1,1,0
19,84,0,1,8,90,2,2,0,1,1,3,2,2,67,1,0,1,1,0
22,84,2,1,8,69,1,3,1,2,1,4,1,0,70,1,0,0,0,0
29,77,0,2,6,85,1,1,1,1,2,1,1,0,69,1,1,1,0,0
25,77,1,0,8,65,2,0,1,1,2,5,1,2,66,0,1,0,1,0
19,62,1,1,5,90,0,2,0,2,2,3,1,1,64,1,1,1,0,0
20,81,2,1,4,55,1,1,2,1,2,2,2,1,68,1,0,1,1,0
14,80,2,1,5,81,1,1,0,1,2,4,2,2,67,0,1,1,1,0
20,66,1,1,6,90,2,0,1,1,1,1,1,0,64,0,1,1,0,0
18,64,1,1,6,83,2,2,0,1,2,2,1,0,65,1,1,1,1,0
22,65,0,2,6,85,1,2,2,1,2,3,2,0,66,0,1,1,1,1
15,64,1,1,6,76,2,2,1,1,2,4,0,0,63,0,0,1,1,1
23,84,2,1,6,78,0,2,0,0,0,2,0,1,68,0,1,1,1,0
29,68,1,2,4,53,1,1,1,1,0,4,0,2,66,1,0,1,1,0
19,70,1,1,7,63,0,3,0,0,1,5,0,0,63,1,1,0,0,0
22,67,0,1,7,86,0,1,0,1,2,3,0,1,63,0,1,1,0,0
24,98,2,1,6,97,1,1,1,1,2,4,1,2,74,1,1,1,1,0
18,94,1,2,9,77,0,1,1,2,2,2,1,1,70,1,1,1,1,0
21,69,2,2,7,86,1,2,0,1,1,3,0,0,68,1,0,1,1,0
20,73,1,1,7,84,1,0,1,1,1,4,2,1,66,0,1,1,1,0
21,68,1,0,8,100,0,0,1,1,2,4,0,2,63,1,1,1,0,0
15,80,0,2,5,90,1,4,0,1,2,3,1,2,67,0,1,1,0,0
20,61,1,1,7,81,1,1,1,0,1,3,0,1,62,1,1,1,0,0
23,87,2,2,8,56,1,1,1,2,2,3,2,1,71,1,1,1,0,0
29,81,2,1,7,68,1,2,1,1,1,4,2,0,72,1,1,1,0,0
26,96,1,1,5,63,1,1,2,1,2,2,2,0,72,1,0,0,1,0
33,67,1,1,6,93,2,0,0,2,1,3,0,2,68,0,1,1,1,0
15,92,1,0,7,72,0,1,1,1,0,5,0,0,66,0,1,1,1,0
25,92,1,1,4,77,1,0,0,1,2,3,0,0,70,1,1,1,0,0
21,65,1,0,5,98,2,2,0,1,2,4,2,0,66,1,0,0,1,0
33,76,1,1,10,92,0,1,2,1,2,3,2,0,72,0,0,1,1,0
15,67,2,1,8,89,0,0,2,2,1,4,0,1,64,0,1,1,1,0
15,70,2,1,9,57,1,1,1,1,0,3,0,0,63,0,0,1,0,0
16,71,1,1,8,51,1,0,0,1,0,2,2,2,61,0,1,1,0,0
7,82,2,2,8,56,1,0,0,1,0,2,0,2,62,1,0,1,1,0
17,76,1,2,7,87,2,1,1,2,2,4,0,0,68,0,1,1,0,0
15,98,0,1,8,71,0,1,1,1,2,3,0,0,68,1,1,1,1,0
21,65,0,1,9,56,2,1,1,1,2,5,0,1,63,1,1,1,0,0
22,99,1,0,8,87,0,1,1,1,1,4,0,1,70,0,0,1,1,0
31,69,2,0,7,60,1,1,0,1,1,3,2,0,68,0,1,1,1,0
26,91,2,1,7,79,1,1,0,1,1,5,0,0,72,0,0,1,1,0
17,74,1,1,8,87,1,4,0,0,2,3,1,0,67,1,1,1,1,0
15,66,0,2,6,80,1,1,0,1,1,1,1,0,61,1,0,0,0,0
23,94,0,1,8,100,1,0,0,1,1,3,2,0,69,1,1,0,0,0
12,72,1,0,6,72,2,2,0,2,0,2,0,1,61,0,0,1,1,0
31,86,2,2,6,66,1,3,1,1,2,3,1,1,75,1,1,1,1,0
27,83,2,0,5,60,1,0,2,0,1,2,1,1,68,0,1,1,0,0
17,79,1,0,6,75,0,1,1,2,1,4,0,0,65,1,1,1,1,0
10,80,2,1,6,93,2,4,1,1,0,3,1,1,67,0,1,1,1,0
28,89,1,2,10,97,2,3,1,0,0,6,0,0,75,0,1,1,1,0
19,64,0,1,6,99,1,1,1,1,2,3,1,0,64,1,1,1,0,0
27,87,1,1,8,77,1,1,0,2,1,4,0,1,70,1,1,1,0,0
10,96,2,2,6,80,1,0,1,1,1,4,0,1,67,0,1,0,0,0
16,62,1,1,7,79,0,2,1,1,1,3,0,0,63,1,1,1,1,0
20,66,2,2,7,73,1,1,1,1,0,4,1,0,65,0,1,1,0,0
20,89,1,1,4,58,1,1,1,1,2,3,0,2,67,0,1,1,1,0
17,77,0,2,5,53,1,2,2,1,1,3,1,0,86,1,1,1,1,0
24,76,0,2,6,72,2,3,1,2,1,3,0,1,67,0,1,1,0,1
14,65,2,1,5,59,0,1,2,1,2,4,2,2,63,1,1,1,0,0
19,80,1,1,7,94,1,0,1,0,1,3,1,1,66,0,1,1,0,0
21,65,2,2,7,88,0,2,0,1,1,1,0,0,65,1,0,1,0,0
23,79,1,1,5,81,1,1,1,1,1,3,0,0,67,0,0,1,0,0
24,91,1,1,7,52,0,0,2,2,1,4,1,0,69,1,1,1,0,0
13,70,2,2,6,81,1,2,1,0,2,2,2,0,66,1,1,1,0,0
11,79,1,1,7,81,1,1,2,1,1,2,0,1,64,1,1,1,1,0
28,100,2,0,6,72,1,1,0,1,0,2,2,0,73,0,1,1,1,0
22,87,0,1,8,83,0,1,0,1,1,1,1,2,66,1,1,1,0,0
16,94,1,1,9,93,0,1,0,1,0,4,2,0,68,0,1,1,0,0
29,77,2,0,8,88,0,0,1,2,2,4,1,1,70,1,1,1,1,0
21,91,2,1,9,74,1,2,0,0,0,2,0,0,69,0,0,1,0,0
27,62,1,2,5,63,0,4,2,1,0,4,0,0,67,0,1,1,1,0
20,65,1,0,6,74,0,0,1,1,2,3,1,1,62,1,0,1,0,0
32,68,1,0,8,97,2,1,0,1,2,2,0,0,68,1,1,1,0,0
31,76,1,2,9,91,1,1,0,1,1,4,2,0,72,1,0,1,1,0
19,94,0,1,8,51,1,3,1,0,2,5,2,0,69,1,0,1,0,0
26,74,0,0,5,89,0,3,2,2,0,2,0,0,66,1,0,1,0,0
24,86,2,2,6,59,1,1,0,1,2,3,0,1,70,0,1,1,0,0
28,88,2,1,8,79,1,0,1,1,2,3,0,2,71,1,1,1,0,0
14,83,1,1,7,90,1,0,0,0,0,3,1,0,65,0,1,1,1,0
24,74,2,1,6,78,1,3,0,2,2,3,1,0,70,0,1,1,1,0
26,83,0,0,7,70,2,2,1,2,0,4,0,1,65,1,1,0,0,1
9,74,1,2,7,66,0,1,2,2,1,3,0,2,62,0,0,1,0,0
13,63,2,1,5,65,1,2,2,1,1,2,0,2,62,1,0,1,1,0
8,100,2,1,8,92,1,1,1,2,1,3,2,1,70,0,1,1,1,0
18,65,1,2,6,91,1,5,0,1,1,3,1,0,66,1,0,0,1,0
24,63,2,0,7,91,0,4,0,1,2,4,0,0,67,0,0,1,1,0
29,95,1,0,9,64,1,1,1,2,2,3,0,0,72,0,1,1,0,0
20,72,2,0,7,90,0,0,0,2,0,3,2,0,66,0,0,1,1,0
30,86,1,0,8,52,1,2,1,1,0,2,1,1,68,0,1,1,1,1
12,73,2,1,5,60,1,1,0,1,0,4,0,1,62,1,1,1,0,0
10,76,0,1,8,76,1,2,2,2,2,3,2,1,64,1,0,1,1,1
20,70,1,1,8,70,1,0,0,1,1,5,2,0,65,0,1,1,0,0
22,74,1,0,6,56,0,4,1,2,0,3,2,1,66,1,1,1,1,0
20,76,1,0,7,52,1,2,0,2,1,3,0,0,64,0,0,1,0,0
8,89,1,2,7,81,0,4,0,1,1,3,1,0,67,1,1,1,1,0
19,80,2,1,7,66,0,4,1,1,0,4,1,0,69,0,1,1,1,0
12,98,2,1,8,51,1,0,1,0,2,5,2,1,68,1,1,1,1,0
24,62,1,1,6,72,2,2,0,0,1,4,0,0,64,1,1,1,0,0
22,80,2,1,7,65,1,2,2,1,1,2,0,1,68,0,0,1,1,0
14,83,0,0,9,79,1,1,1,0,2,3,0,0,64,1,1,1,1,0
17,97,1,2,9,96,2,0,2,1,0,1,2,0,71,1,1,1,0,0
14,62,2,2,8,65,0,3,0,1,0,2,0,2,61,1,1,1,1,0
20,83,0,1,7,100,1,4,0,1,0,3,1,0,68,1,1,1,0,0
26,94,2,1,10,54,0,2,2,1,1,5,0,0,73,1,1,1,1,0
14,70,2,1,9,54,1,3,1,1,2,1,1,0,64,1,1,0,1,0
23,95,1,1,7,86,1,3,0,1,2,4,2,2,72,1,1,1,1,1
17,61,1,1,7,87,2,5,1,1,1,3,0,0,65,1,1,1,1,0
15,89,1,1,6,71,1,1,1,2,2,4,0,0,68,0,1,1,1,0
19,97,2,0,8,64,1,2,0,2,2,3,0,0,71,1,1,1,1,0
14,86,1,0,8,90,1,3,1,1,0,3,2,0,65,1,1,0,1,1
17,78,1,1,8,98,0,2,1,1,2,2,0,0,66,1,0,1,0,0
13,62,0,2,7,99,1,4,1,0,2,1,2,1,63,0,1,1,0,0
32,97,1,2,5,82,1,1,1,1,1,3,0,1,74,1,1,1,0,0
20,79,2,0,7,87,0,2,1,2,1,4,0,0,66,0,0,0,1,1
16,61,1,0,8,91,2,2,1,2,1,3,1,1,63,1,1,1,0,0
21,88,2,1,6,90,2,2,2,1,1,4,0,1,72,1,0,1,1,0
19,79,1,2,7,100,0,1,2,2,2,2,1,2,69,0,1,1,0,0
19,65,1,2,9,91,1,1,1,2,2,4,1,0,67,1,1,1,1,0
24,69,0,2,5,83,0,3,0,1,1,3,0,0,66,1,0,1,0,0
25,63,2,1,7,69,1,0,0,2,0,5,0,1,64,0,0,1,0,0
17,83,0,1,9,80,1,4,1,2,0,2,1,0,67,0,1,1,0,0
17,85,1,0,7,94,2,4,0,1,2,3,1,0,69,0,1,1,0,0
18,80,1,0,6,65,1,2,0,2,0,2,1,0,65,0,1,1,1,0
6,93,1,1,7,52,2,0,1,1,1,2,1,0,64,0,1,1,0,0
11,94,1,0,8,66,2,1,2,0,1,4,0,0,65,0,1,0,1,0
28,85,1,2,7,98,1,2,0,2,2,1,0,0,72,1,0,1,1,1
30,61,0,2,8,90,1,2,0,2,0,2,0,1,66,0,1,1,1,0
19,88,1,0,7,59,1,2,0,1,1,3,1,0,66,0,1,1,0,0
23,77,2,2,7,51,1,1,0,0,2,3,1,1,67,1,0,1,1,0
22,83,1,1,8,83,2,1,2,1,0,3,2,1,69,1,0,1,1,1
38,86,0,2,7,79,0,3,0,1,0,3,0,0,73,1,1,1,1,0
27,74,1,2,6,54,1,3,1,1,1,3,1,0,69,0,1,1,0,0
19,97,1,0,8,98,1,1,0,1,1,4,0,0,68,1,0,1,0,1
14,65,0,1,7,81,1,1,0,1,2,3,0,1,61,0,1,1,1,0
10,87,1,0,6,83,1,0,0,1,2,4,0,0,63,1,1,0,1,0
21,60,1,2,8,93,0,0,0,1,2,2,0,2,63,0,1,1,1,0
15,97,0,1,9,67,1,1,0,2,1,2,1,0,68,1,1,1,1,0
11,65,1,2,7,78,1,2,0,1,1,3,2,0,63,0,1,1,0,0
16,64,2,1,7,79,1,3,1,1,2,4,2,0,66,0,0,1,1,1
14,73,2,1,5,98,1,2,0,1,0,4,0,1,65,0,1,1,1,0
30,75,2,2,7,57,2,0,0,1,1,1,1,0,68,0,1,1,0,1
25,69,1,1,7,88,2,0,0,1,0,4,1,0,66,0,1,1,1,0
20,83,0,0,7,79,0,2,1,1,2,5,2,1,66,1,1,0,0,0
29,78,2,1,6,92,1,2,0,1,0,4,0,0,70,1,0,1,0,0
20,61,0,0,8,92,1,0,1,1,0,2,0,0,61,0,1,1,1,0
15,73,1,0,7,51,1,2,0,2,0,3,0,1,61,1,0,1,1,0
29,92,1,1,10,63,2,1,0,2,0,4,0,1,71,1,0,1,1,0
23,88,0,1,7,59,1,1,1,1,0,2,0,0,67,1,1,1,1,0
14,89,2,2,4,73,1,2,1,2,0,3,1,0,70,1,1,1,1,0
19,88,2,1,5,95,1,2,0,1,0,4,1,1,69,1,0,1,0,0
15,72,2,2,8,50,1,2,1,1,1,4,0,0,65,0,1,1,0,0
12,64,2,0,6,74,2,0,1,1,2,2,0,1,61,1,1,1,1,0
26,71,1,0,6,94,0,3,0,1,2,4,2,0,68,1,1,1,0,0
31,93,2,0,5,96,1,2,0,1,2,2,0,0,74,1,1,1,1,0
12,99,1,1,6,83,0,1,1,1,0,3,0,0,67,0,1,1,0,0
23,80,1,1,7,91,0,5,2,1,0,1,0,0,70,0,1,1,1,0
16,60,0,1,8,66,0,1,2,2,1,2,0,1,59,0,0,1,1,1
17,66,2,2,5,64,0,0,1,2,1,2,1,0,64,1,0,1,0,0
16,73,2,1,8,52,1,2,1,2,2,4,1,0,66,0,1,1,1,0
15,83,0,0,5,75,1,1,1,1,1,3,0,2,63,0,1,1,1,0
20,63,0,0,8,73,0,0,2,1,1,3,1,0,61,0,1,1,1,0
15,98,0,2,8,69,0,2,0,1,1,4,0,1,68,0,1,1,1,0
22,75,1,1,6,56,0,3,1,1,2,3,0,2,65,1,0,1,0,0
20,97,1,2,5,62,1,1,1,1,1,4,0,2,69,1,0,1,0,0
19,91,2,0,8,60,1,2,0,1,1,4,0,1,68,1,0,1,1,0
15,90,1,0,6,97,0,2,2,2,2,2,0,0,69,1,1,1,1,0
17,84,1,0,7,98,2,1,0,2,1,2,1,2,67,0,1,1,1,0
25,85,2,2,8,50,2,1,2,1,1,1,1,1,70,0,1,1,0,0
23,86,1,1,8,59,0,1,0,1,1,3,2,1,68,0,1,1,1,0
14,85,1,1,6,94,0,0,2,1,2,4,1,0,67,1,1,1,0,0
21,82,2,1,7,52,1,4,0,1,1,3,0,2,67,1,1,1,0,0
25,99,2,1,6,97,2,0,1,1,2,3,1,1,75,1,1,1,1,0
10,89,0,0,8,69,0,3,0,1,0,4,1,1,63,1,1,1,1,0
23,91,0,1,9,77,2,1,0,1,2,5,0,0,70,1,1,1,0,0
16,95,1,0,6,88,0,2,2,2,2,4,0,0,70,0,1,1,1,0
23,69,1,2,7,62,1,1,1,1,1,4,0,2,64,1,1,1,1,1
15,63,1,0,8,55,0,0,1,0,1,3,1,0,59,0,1,1,0,0
9,79,1,0,7,90,2,1,2,0,1,3,0,0,63,1,1,1,0,0
10,81,2,1,8,99,1,2,1,1,2,4,2,1,67,0,1,0,1,0
20,93,0,2,7,83,1,0,1,1,0,2,0,0,68,1,0,1,1,1
22,78,1,1,5,91,0,0,1,2,0,3,2,0,68,1,0,1,1,0
15,83,1,1,7,97,1,2,0,2,1,2,0,0,97,0,0,1,0,0
24,81,1,0,9,61,1,1,0,0,2,4,1,0,66,0,1,1,0,0
10,62,1,0,7,68,2,3,1,1,1,3,2,0,61,1,1,1,0,0
20,85,2,1,9,61,2,2,2,1,2,3,1,0,70,1,1,1,0,0
13,93,0,0,4,53,2,1,1,0,2,1,2,0,65,1,1,1,1,0
16,66,0,1,8,87,2,3,1,1,2,2,0,1,64,0,1,1,1,0
20,84,1,2,6,57,2,2,1,1,2,4,0,2,69,0,1,1,1,0
15,84,1,2,6,55,0,1,1,1,0,2,0,0,64,1,0,1,0,0
18,67,0,0,9,68,0,2,0,2,0,2,2,0,61,1,0,1,1,0
26,65,0,1,7,53,0,3,2,1,2,2,0,0,64,0,1,1,0,0
17,99,1,2,6,59,1,0,1,1,1,3,0,1,68,1,1,1,0,0
25,76,1,2,8,53,2,1,2,2,2,3,0,2,67,0,1,1,0,1
13,69,2,0,4,94,1,3,0,0,2,3,0,0,62,1,1,1,0,1
23,67,1,1,9,89,1,2,0,2,1,2,0,0,66,0,1,1,1,0
29,87,1,2,10,93,2,1,0,1,1,4,0,1,72,1,1,1,1,0
5,84,1,1,8,93,2,4,2,2,2,3,1,1,68,1,1,1,1,0
15,86,1,2,8,97,1,4,2,1,2,3,0,0,71,1,1,1,1,0
23,64,1,1,7,59,2,3,1,1,2,2,0,1,65,0,1,1,1,0
19,96,1,0,5,95,0,2,1,0,1,3,0,1,68,0,0,0,1,0
22,76,1,0,9,76,1,2,0,2,1,5,0,2,65,0,1,1,0,0
16,73,2,0,8,58,1,1,1,1,1,4,0,0,64,0,1,1,1,0
21,78,1,0,8,83,1,2,1,1,2,4,0,2,65,1,1,1,0,1
19,76,2,2,8,66,0,0,0,2,0,4,0,0,65,1,0,1,1,1
27,95,2,1,7,52,2,3,1,2,0,3,1,1,73,0,0,1,0,0
22,97,1,2,6,54,1,1,0,2,2,3,2,0,72,1,1,1,1,0
22,72,0,1,10,71,1,1,1,1,0,1,1,0,64,1,0,1,1,0
18,95,1,1,7,91,0,0,0,1,2,4,2,1,69,1,1,1,1,1
17,91,1,1,6,66,2,1,2,1,2,3,0,0,69,1,0,1,0,0
17,97,1,2,9,88,1,0,1,1,2,2,0,0,70,1,1,0,1,0
22,70,0,1,7,53,0,1,0,1,2,3,0,0,83,0,1,1,0,0
17,83,2,1,7,70,0,3,0,1,1,5,2,0,68,0,0,1,0,0
22,71,0,2,9,56,2,1,0,2,1,3,1,0,84,0,1,1,1,1
32,93,1,1,8,93,2,1,1,2,0,3,2,2,75,0,1,1,1,0
25,60,0,2,8,98,1,1,1,1,1,5,2,0,67,0,1,1,0,0
18,83,1,2,5,66,1,0,2,1,2,4,2,0,69,1,0,1,1,0
27,74,2,1,8,99,2,3,1,1,2,4,0,0,71,1,1,0,0,0
18,73,1,0,5,88,1,1,1,1,2,5,1,0,66,0,1,1,1,0
8,86,1,2,6,50,2,1,1,1,2,2,1,0,65,1,1,1,0,0
14,94,2,1,7,74,1,1,2,1,2,5,1,0,70,1,0,1,0,0
9,84,2,0,7,92,2,1,0,2,0,4,2,0,66,1,1,1,0,0
18,94,2,1,8,77,1,3,1,2,2,4,2,0,74,1,1,1,1,0
20,71,2,1,8,77,1,0,2,1,1,4,0,1,66,1,0,1,0,0
30,81,1,2,8,72,0,0,0,1,1,2,0,1,68,1,1,1,0,0
22,78,1,2,5,70,1,2,0,1,2,1,1,0,68,1,1,1,1,0
19,60,1,2,10,51,1,0,1,1,2,3,1,0,62,0,1,1,0,1
25,82,1,2,7,81,1,2,1,1,1,2,2,1,71,1,0,1,1,0
7,86,1,0,9,88,1,2,0,1,0,2,1,0,63,0,1,1,0,0
21,84,2,2,4,90,1,2,1,0,1,3,0,2,69,1,1,1,0,0
25,89,1,1,7,81,2,3,1,1,0,0,1,0,71,1,1,1,1,0
11,83,2,0,5,67,1,1,1,1,2,2,2,0,66,1,1,1,1,0
27,63,1,2,6,51,0,0,0,1,2,2,2,1,64,1,1,1,0,0
22,65,1,1,7,95,0,3,0,1,2,2,0,1,65,0,1,1,1,0
18,84,1,2,6,71,1,4,1,0,2,2,0,0,69,0,1,1,0,0
24,71,1,0,9,80,1,2,1,2,2,3,0,0,66,0,0,1,0,0
34,63,1,2,10,60,0,1,1,1,0,4,0,0,67,0,1,1,1,0
21,77,1,0,6,57,1,4,0,1,0,5,0,2,65,1,1,1,1,0
21,82,0,0,6,54,2,3,0,1,0,2,1,1,65,1,1,1,1,0
17,73,2,1,5,90,2,1,0,1,2,4,0,0,67,1,0,1,0,0
15,89,0,1,9,82,0,1,1,1,1,3,1,0,66,1,1,1,1,0
25,86,1,1,7,81,0,1,2,0,2,1,0,0,69,1,1,1,1,0
15,73,1,2,7,96,0,1,0,1,0,2,1,0,64,1,1,1,0,0
20,90,1,1,7,58,2,1,2,2,1,4,0,0,70,1,0,1,1,0
17,86,2,1,7,59,0,3,0,1,2,3,2,1,68,1,1,1,1,0
23,85,2,0,6,59,0,1,1,1,0,1,0,0,68,1,1,1,1,0
22,82,2,1,7,71,0,1,2,1,2,3,0,0,69,0,0,1,1,0
26,60,1,1,7,94,2,3,2,1,2,2,0,1,68,0,1,1,1,0
17,88,1,1,8,94,1,5,1,1,1,2,1,0,70,0,1,1,1,1
18,75,2,1,5,80,1,2,0,2,1,3,0,0,67,0,1,1,1,0
14,98,2,2,7,83,1,3,0,1,2,3,1,0,72,1,1,0,1,0
17,93,2,0,6,95,1,1,0,1,1,4,0,0,69,1,1,1,0,0
22,84,2,1,7,81,1,1,1,0,2,3,0,1,69,1,0,1,0,0
25,70,0,1,8,61,0,3,0,1,2,4,1,1,64,0,1,0,1,0
14,68,0,1,6,85,1,2,1,1,1,3,0,0,63,0,1,1,1,0
25,74,2,2,9,88,1,3,1,2,1,3,0,0,70,1,1,1,1,1
28,79,2,1,4,82,1,0,1,1,2,3,0,0,70,1,0,1,1,0
22,72,2,1,9,64,0,1,1,1,0,2,1,0,66,0,1,1,1,0
31,81,1,1,9,70,0,1,0,1,1,4,2,0,70,0,1,1,0,0
15,67,1,2,6,74,2,0,2,1,2,2,2,0,66,0,1,1,1,0
13,99,1,1,6,57,1,1,0,1,0,5,1,0,68,1,1,1,1,0
9,64,1,1,5,73,1,1,1,1,2,4,1,0,61,1,1,1,0,0
29,97,1,1,8,58,1,1,2,1,0,4,1,1,72,0,0,1,0,0
24,97,2,0,7,75,0,1,1,1,0,2,0,1,69,0,1,1,0,0
20,81,1,0,6,53,0,0,1,0,1,4,0,2,63,0,1,1,1,0
22,89,1,2,5,97,1,2,1,1,1,5,0,0,72,1,0,1,1,0
13,77,1,1,10,62,1,1,2,1,1,4,1,1,65,1,0,1,1,0
35,85,1,2,6,73,2,1,2,1,0,5,0,1,74,0,1,1,1,0
21,74,1,0,7,52,0,1,2,1,0,4,0,2,62,1,1,1,1,0
21,72,2,1,7,60,0,0,0,1,1,4,2,0,65,1,0,1,0,0
24,83,0,2,6,85,0,1,0,2,1,4,0,1,68,0,1,1,0,0
23,80,1,0,6,56,1,3,1,1,2,2,0,0,66,1,1,1,1,1
21,83,2,1,6,81,0,3,2,1,0,4,2,1,71,1,1,1,1,0
15,71,1,2,8,50,0,1,1,1,1,2,2,0,62,0,1,1,0,1
23,75,0,2,6,73,0,1,0,1,2,2,0,1,65,0,1,1,1,0
31,63,1,2,9,86,0,0,2,1,1,3,2,1,68,1,1,1,0,0
28,62,1,2,6,96,1,4,1,2,2,3,0,0,70,1,1,1,0,0
30,70,0,1,8,75,1,1,1,1,2,2,0,0,67,0,0,1,0,0
17,63,1,1,4,92,1,2,0,1,0,4,0,0,63,0,1,1,0,0
14,64,2,2,6,90,0,0,0,2,0,2,0,0,63,0,0,1,1,0
19,93,1,2,6,65,1,0,1,2,1,3,0,0,69,1,1,1,0,0
20,62,0,1,5,94,2,3,1,1,1,3,2,0,66,1,1,1,1,0
27,86,1,1,7,82,0,2,0,1,2,3,0,1,70,0,1,1,1,0
10,71,1,1,7,55,2,2,0,2,2,3,1,0,63,0,1,1,1,0
29,95,0,1,4,97,1,0,1,1,2,4,1,1,72,0,0,1,1,1
19,79,2,1,10,59,0,1,1,1,1,3,1,1,65,1,1,1,1,1
17,72,1,2,7,74,0,2,2,1,2,4,2,2,67,1,1,1,1,0
14,81,1,1,7,73,0,1,2,1,2,3,0,1,63,1,0,0,1,1
10,75,2,1,9,81,1,3,0,2,0,5,0,0,65,0,1,1,0,0
25,83,1,1,8,83,1,2,0,1,1,1,0,1,67,0,1,1,1,1
20,65,1,0,7,62,2,0,1,1,1,0,2,0,80,1,1,1,1,1
12,100,1,1,4,68,1,2,0,1,1,3,1,2,68,1,1,1,1,0
12,77,1,1,8,57,1,2,0,2,0,2,1,1,63,1,1,1,1,0
18,74,1,1,6,56,1,1,1,1,2,3,1,1,64,1,0,1,0,0
30,88,1,1,9,91,1,3,1,0,2,3,0,0,73,0,1,1,0,0
18,75,1,1,6,88,0,2,1,2,0,1,2,0,66,0,1,1,1,1
11,93,1,1,6,72,0,2,0,1,0,3,1,1,66,1,1,1,1,0
19,78,2,2,5,55,1,0,1,1,1,4,0,1,66,1,1,1,0,0
18,89,1,2,5,72,0,4,1,0,1,2,0,0,69,0,1,1,1,0
4,64,1,2,7,65,1,1,1,2,0,4,0,2,59,1,1,1,1,0
20,94,1,1,7,89,1,0,0,1,1,1,0,0,68,1,0,1,0,0
19,89,1,1,6,55,1,1,0,1,1,3,2,1,67,0,0,1,0,0
24,68,1,1,10,73,0,1,1,1,1,4,0,1,64,0,1,1,1,1
31,66,0,2,8,80,0,0,0,0,0,4,0,0,65,0,0,1,1,0
27,73,1,1,7,99,0,1,0,1,2,4,1,0,68,1,1,1,0,0
18,99,1,2,4,54,0,0,1,1,2,3,2,1,70,1,1,1,1,0
13,70,1,1,8,56,1,2,1,2,1,0,0,0,62,1,1,1,0,0
35,78,2,0,10,99,1,1,0,1,2,2,0,0,72,1,0,1,1,0
20,61,1,0,7,70,0,1,1,1,2,4,0,1,62,0,0,1,1,0
20,76,2,2,6,87,0,1,0,1,0,4,2,1,68,1,1,1,1,0
20,83,2,1,7,89,1,3,0,2,0,4,0,0,69,0,0,1,0,0
21,98,2,1,5,66,0,3,2,2,2,5,0,0,73,1,1,1,0,0
19,81,2,2,8,61,0,3,1,1,0,5,2,0,69,1,0,1,0,0
17,93,1,1,9,64,1,1,1,1,1,3,0,1,67,0,1,1,1,0
17,82,1,0,6,88,0,2,0,0,1,3,2,0,65,1,0,1,0,0
20,62,0,0,6,92,2,2,1,1,2,3,2,1,63,1,1,1,0,0
17,73,2,1,7,85,1,2,0,1,2,2,0,1,66,1,1,1,1,0
16,83,1,1,6,72,1,1,0,2,2,2,1,0,66,1,1,1,0,0
21,98,1,2,5,63,0,0,0,2,1,2,2,0,70,1,1,1,0,0
18,94,1,1,6,71,0,2,2,1,1,3,2,2,69,1,1,1,0,0
29,69,1,2,6,96,0,1,2,1,2,4,0,0,70,0,1,1,0,0
4,69,1,0,9,93,0,2,1,2,0,3,0,1,58,0,0,0,0,0
27,68,1,1,9,66,1,3,2,1,2,3,0,2,67,1,0,1,0,0
27,97,2,2,9,66,0,1,0,1,2,3,0,2,73,1,1,1,1,0
8,94,2,0,8,89,2,0,1,1,1,2,0,0,66,0,1,1,0,0
18,91,2,2,7,71,2,0,1,1,1,3,0,0,70,1,1,1,1,0
18,76,2,2,6,79,1,1,1,1,2,2,2,2,67,0,0,1,0,0
12,80,0,0,9,71,2,1,0,0,2,3,0,1,60,0,0,1,0,1
15,79,2,1,8,62,0,1,0,0,2,3,1,0,65,1,1,1,0,0
13,70,1,1,5,59,1,0,1,2,2,2,2,0,63,0,0,1,0,0
31,80,2,2,6,57,0,1,1,2,2,3,0,0,72,0,0,1,1,0
26,61,0,1,5,51,2,0,0,1,1,5,0,1,62,0,0,1,1,0
28,65,1,1,4,64,1,6,1,2,1,3,2,0,70,1,1,1,1,0
24,95,2,0,8,59,1,2,0,2,0,1,1,1,70,1,1,1,1,0
13,90,1,1,5,63,1,0,0,1,1,4,0,1,64,0,1,1,0,0
17,77,1,1,6,54,0,3,0,1,1,4,0,1,64,1,1,1,1,0
23,81,1,0,7,67,1,0,1,2,2,5,0,1,67,0,0,1,1,0
13,75,1,2,7,76,2,1,1,2,0,1,0,1,64,1,1,1,1,0
24,90,1,1,6,97,0,1,2,2,2,4,0,0,72,1,1,1,1,0
19,91,1,0,9,67,1,0,1,1,0,3,1,0,66,0,0,1,0,0
18,91,1,1,5,52,1,2,1,1,0,4,0,1,66,0,1,1,0,0
24,89,1,2,5,68,1,0,0,2,2,2,2,0,71,0,1,1,1,0
23,68,0,0,8,91,1,5,0,1,0,5,2,0,66,0,1,1,0,0
18,74,1,0,6,67,2,2,0,2,1,2,0,0,64,1,1,1,1,0
27,79,1,0,6,65,0,0,1,1,0,2,1,0,66,1,0,1,0,0
14,73,1,0,5,96,0,1,0,1,0,3,0,1,62,0,1,1,1,0
24,90,1,1,8,65,1,4,0,1,1,4,0,1,70,1,1,1,0,0
24,73,1,1,7,99,1,3,1,2,1,3,0,0,69,0,0,1,1,0
18,66,2,1,7,92,1,2,0,1,1,4,0,1,65,1,0,1,0,0
22,76,2,1,6,84,2,2,1,2,1,3,0,0,70,1,1,1,1,0
12,99,2,2,6,80,1,0,2,1,2,3,0,1,70,1,1,0,1,0
26,69,1,1,7,61,1,1,2,2,2,2,1,0,67,1,1,1,1,0
19,84,1,2,8,87,0,2,0,2,2,3,0,1,69,0,1,1,1,0
17,77,0,1,9,67,0,0,0,2,1,5,0,0,62,0,1,1,0,1
26,63,1,2,9,74,1,1,0,1,2,4,0,0,67,0,0,1,1,0
16,80,2,1,8,55,2,0,0,1,2,6,1,1,65,1,1,0,0,0
12,88,1,1,8,65,1,0,0,1,2,4,0,0,65,1,1,1,0,0
11,81,1,2,5,76,1,1,0,1,1,3,2,2,65,1,1,1,1,0
24,95,1,0,6,73,1,3,0,1,2,2,0,1,69,1,1,0,1,0
12,72,1,1,8,67,0,4,1,1,1,4,0,0,63,1,1,1,0,0
31,63,0,2,7,74,0,3,1,1,0,2,1,1,66,1,1,1,1,0
8,97,1,2,8,87,1,0,1,1,2,2,0,0,67,1,1,1,1,1
30,75,1,1,8,73,2,1,1,1,0,3,1,0,69,1,1,1,0,0
21,83,1,1,8,75,2,1,0,2,1,2,0,2,67,1,1,1,1,0
19,92,1,1,5,85,1,1,1,2,1,4,0,0,70,1,0,1,1,0
17,73,2,2,7,92,1,2,2,1,0,2,0,1,67,1,0,1,1,0
22,89,2,1,6,76,1,2,0,1,1,4,0,0,70,1,1,1,0,0
20,65,2,2,6,97,1,0,0,0,0,3,0,1,65,0,0,1,1,0
27,72,1,0,4,68,1,0,1,2,0,3,1,0,63,1,1,0,0,1
21,66,1,1,7,63,1,0,2,1,1,3,0,0,64,0,1,1,1,0
21,92,2,1,4,85,0,1,2,1,0,3,0,2,69,1,1,1,1,0
18,69,0,1,8,59,0,1,0,1,2,4,0,0,60,0,1,0,0,0
20,89,0,1,9,95,1,3,0,1,2,3,0,1,69,1,1,1,1,0
22,98,1,0,8,69,1,4,2,1,2,2,0,0,72,0,0,1,1,0
10,81,1,0,7,85,0,1,0,1,1,2,1,0,63,1,1,1,1,0
12,82,0,1,9,79,2,0,0,1,2,2,1,1,63,0,0,1,0,0
24,78,2,0,7,53,2,0,1,1,1,4,0,0,66,1,1,1,1,1
21,73,1,1,6,85,1,6,1,2,1,5,1,0,70,1,1,1,0,0
19,79,1,2,7,90,1,1,2,1,0,4,1,2,68,0,1,1,1,0
20,84,1,1,10,99,0,2,1,1,2,3,0,1,69,1,0,1,1,0
22,99,1,1,5,71,2,0,1,2,1,4,1,0,72,0,1,1,1,0
17,98,0,2,5,75,0,1,0,0,2,3,1,0,67,1,0,1,0,1
15,94,0,1,8,94,0,1,2,1,2,4,0,1,68,1,1,1,0,0
21,96,1,2,7,63,1,1,1,1,0,2,2,2,70,0,0,1,0,0
14,79,2,1,6,59,1,5,1,2,2,3,2,2,68,1,1,1,1,0
22,86,1,1,5,57,2,2,1,1,2,3,1,1,69,1,1,1,1,0
10,96,1,1,4,99,1,1,1,1,0,5,1,0,68,0,0,1,0,0
26,76,1,1,5,64,0,0,1,1,2,5,1,2,66,0,1,1,0,0
23,98,1,1,9,88,2,1,0,1,0,4,2,1,72,0,1,1,0,0
22,77,1,1,7,72,1,2,1,2,1,3,0,0,67,1,1,1,1,0
26,84,0,2,4,62,1,3,2,2,2,2,0,0,70,1,1,0,0,0
30,88,2,1,9,96,1,1,1,2,1,3,0,0,73,1,0,1,1,1
26,98,1,0,9,73,2,1,2,0,1,6,2,1,73,1,1,1,1,0
9,70,1,1,9,78,0,1,1,0,1,2,0,0,60,0,1,1,0,0
12,90,1,2,6,61,0,2,1,2,1,3,1,0,67,1,1,1,0,0
16,81,2,1,7,66,1,3,2,2,2,4,0,0,69,1,0,1,1,0
20,71,1,0,7,87,2,1,1,1,0,5,0,0,65,1,1,1,0,0
23,91,0,2,9,67,0,2,0,1,1,4,0,0,70,0,1,1,1,0
16,82,2,2,6,75,0,3,1,1,1,3,1,1,68,0,1,1,1,0
21,86,1,0,6,56,1,1,0,2,0,2,1,0,66,0,0,1,0,0
15,73,0,2,8,93,1,1,0,2,2,4,1,2,65,1,1,1,1,0
16,79,0,1,9,87,1,1,0,1,1,2,1,1,64,0,1,1,1,0
12,85,2,2,7,88,2,1,0,1,1,0,1,2,67,0,1,1,1,0
14,76,2,1,8,59,0,3,1,1,1,5,0,1,65,1,0,1,1,0
12,68,2,2,7,75,1,1,1,0,2,4,0,0,64,1,0,1,1,0
14,98,2,2,7,51,1,0,1,0,2,1,0,0,67,1,1,1,0,1
26,80,1,0,6,66,1,2,2,1,1,4,2,0,70,1,1,1,1,0
14,89,1,0,5,67,0,3,0,0,1,3,0,2,63,0,0,0,1,0
36,76,1,1,6,96,1,1,0,1,1,2,1,0,71,1,0,1,0,0
23,74,2,0,6,100,0,2,2,0,2,3,0,0,68,1,0,1,0,0
21,76,1,1,7,81,1,0,1,2,2,2,1,1,67,0,0,1,0,0
15,76,2,2,9,76,1,1,1,2,1,2,2,2,67,0,1,1,1,0
24,82,0,1,7,72,1,0,1,2,2,2,2,1,68,0,1,1,1,0
17,82,2,1,6,51,1,1,0,1,2,3,2,1,66,1,1,1,0,0
21,80,1,1,8,90,1,0,1,1,0,4,1,0,68,1,1,1,1,0
35,65,2,1,7,84,2,0,1,1,2,2,0,1,70,1,1,1,1,0
19,80,0,0,8,82,1,5,0,0,2,3,1,0,67,1,1,1,0,0
27,67,0,1,6,90,1,2,2,2,1,3,0,1,67,1,0,1,1,0
16,65,0,2,9,96,0,2,0,1,0,2,0,0,62,1,1,1,0,0
20,97,1,2,9,69,0,0,0,0,0,3,0,0,67,1,1,1,0,1
31,84,1,2,7,71,0,4,0,1,0,4,0,2,70,1,1,1,0,0
16,86,2,2,8,99,1,4,0,2,1,4,1,0,72,1,0,1,0,0
31,76,1,1,9,83,1,2,2,1,0,3,0,1,70,0,0,1,1,0
24,96,0,2,6,93,1,2,0,1,1,2,0,1,94,0,1,1,0,0
17,86,1,1,7,61,1,2,2,1,2,3,0,1,66,1,1,0,0,0
24,91,0,0,7,66,2,2,0,2,1,3,0,0,69,1,1,1,1,0
26,75,2,1,5,70,0,0,2,0,1,2,2,0,68,1,0,1,0,0
24,98,2,0,8,66,2,2,0,1,2,1,0,1,71,1,1,1,0,0
11,93,2,1,9,94,1,4,0,2,1,4,0,1,69,1,1,1,0,0
16,94,1,1,7,76,0,2,1,1,1,3,0,0,67,0,1,1,0,1
19,67,0,1,8,98,1,2,0,1,0,2,2,0,64,0,0,1,1,0
20,71,1,1,9,66,1,1,1,0,0,5,1,0,63,0,0,1,1,1
24,71,1,2,6,52,1,2,1,1,1,3,1,2,66,0,0,1,1,0
21,71,2,1,8,57,0,2,2,1,2,1,2,0,66,0,1,0,1,0
12,94,0,2,6,61,1,3,2,2,1,4,1,0,69,1,1,1,1,0
22,61,0,0,6,82,0,4,1,1,2,4,0,1,64,0,1,1,1,0
24,63,2,1,8,59,0,1,0,1,1,3,0,0,62,1,1,1,0,1
23,71,1,1,7,69,2,3,0,1,2,5,0,2,66,0,1,1,1,1
26,68,1,2,8,90,1,4,0,2,1,3,0,0,70,1,0,1,1,0
25,69,2,1,7,56,1,2,0,1,1,4,0,0,67,1,0,1,1,0
23,92,0,1,8,54,1,0,2,0,2,1,2,0,68,0,1,1,0,0
20,83,2,0,9,77,2,0,0,1,2,3,0,0,67,1,1,1,0,1
10,60,1,1,9,85,1,0,1,2,2,4,2,0,62,1,1,1,0,0
23,77,0,1,8,96,1,1,2,1,1,1,1,0,67,1,0,1,1,1
21,76,1,2,8,83,1,0,0,1,2,5,0,0,68,1,1,1,1,0
22,65,0,1,7,97,0,2,1,2,1,4,0,1,64,0,0,1,0,0
12,87,1,0,7,62,1,2,1,1,1,4,0,0,64,0,1,0,1,0
14,88,1,1,8,67,1,2,2,0,1,3,2,2,66,1,1,1,0,0
26,89,1,0,7,92,1,2,0,2,2,2,2,1,72,1,1,1,1,0
20,89,1,2,8,91,1,2,1,1,2,3,0,0,72,0,1,1,1,0
24,60,1,2,9,83,2,2,1,0,2,3,0,0,66,1,1,1,1,1
20,98,0,1,7,75,2,4,1,1,2,1,1,0,72,1,0,1,0,0
20,93,2,1,4,51,0,1,1,1,2,3,0,0,69,1,1,1,1,0
26,96,2,2,10,64,0,2,1,1,1,3,0,0,72,0,0,1,1,1
17,61,0,0,6,58,1,1,1,2,1,4,0,0,60,1,1,1,1,0
21,97,1,1,7,53,1,0,2,1,1,2,0,1,69,1,1,1,1,0
17,92,1,2,8,89,1,0,0,0,2,3,0,0,68,1,1,1,0,1
17,93,0,1,9,57,2,3,0,2,1,2,1,0,69,1,0,1,1,0
18,64,1,0,10,68,0,1,0,1,2,5,0,0,62,1,1,1,1,0
21,90,1,1,6,99,0,2,0,2,2,2,0,1,71,1,1,1,1,0
17,98,1,2,9,70,0,1,2,1,0,2,0,0,70,1,0,1,1,0
28,87,0,0,7,57,1,2,1,2,0,4,0,1,68,1,0,1,1,0
15,83,2,1,10,84,1,1,2,2,0,2,1,0,68,1,1,1,1,0
19,98,1,2,9,90,0,1,2,1,2,2,1,2,70,0,0,0,0,0
17,78,1,2,7,64,1,0,0,1,1,3,0,0,65,0,0,1,0,0
29,84,2,1,6,90,1,0,1,2,2,3,2,2,73,1,1,1,1,0
21,79,2,1,4,64,0,0,0,2,0,4,1,1,66,1,1,1,0,0
26,97,1,1,8,85,0,2,2,0,1,3,0,0,71,1,1,0,0,0
11,63,2,1,9,56,2,2,1,1,1,3,0,0,62,0,1,1,1,0
22,80,1,1,8,71,2,2,0,1,2,3,0,0,68,0,0,1,1,0
25,87,1,2,4,76,0,1,0,2,2,4,1,2,70,1,1,1,0,0
20,92,1,0,5,86,0,0,1,1,1,2,2,1,68,0,1,1,0,0
26,83,2,0,8,83,1,2,0,2,1,2,1,0,71,0,1,1,1,0
17,96,1,1,10,93,1,2,1,0,0,4,0,0,70,0,1,1,1,0
28,98,1,1,7,59,1,1,0,1,2,3,0,0,72,1,1,1,1,0
34,63,1,2,9,83,1,2,1,2,0,2,1,1,69,1,1,1,1,0
18,76,1,2,5,56,1,1,0,0,0,2,1,1,63,1,1,1,0,0
17,61,1,1,7,74,2,0,1,1,1,2,2,0,62,0,1,1,0,0
29,73,1,1,7,76,1,2,0,2,1,3,0,0,68,0,0,1,0,0
29,81,0,1,9,51,0,2,1,1,2,5,2,0,70,1,1,1,1,0
17,96,1,1,6,54,1,1,1,1,2,4,0,0,69,1,0,1,1,0
17,94,1,1,10,92,0,2,0,1,0,2,0,0,68,1,0,1,0,0
18,65,2,1,7,64,1,2,2,1,2,1,0,0,65,1,1,1,1,0
12,64,1,0,5,67,1,3,0,1,2,2,0,0,59,1,0,1,0,1
14,84,1,1,5,82,1,3,0,1,2,3,1,2,66,1,1,1,0,0
14,81,2,1,6,61,0,0,0,1,2,4,0,1,64,1,1,1,0,0
15,71,0,1,8,60,2,5,0,2,2,4,0,2,63,0,1,0,0,0
20,96,1,1,6,71,1,5,0,2,1,3,1,0,72,1,1,1,0,0
21,97,1,2,6,53,0,0,0,1,0,3,0,1,67,1,1,1,1,1
29,76,1,1,8,96,0,2,0,1,2,2,2,1,94,1,1,1,0,0
14,96,1,2,4,97,0,2,1,1,0,3,0,0,70,0,1,1,1,0
26,75,0,1,6,72,1,0,0,2,1,3,0,0,66,1,1,1,0,0
19,89,0,1,5,60,0,4,1,1,2,2,2,1,69,0,1,1,1,0
20,79,1,0,6,74,0,2,0,1,2,2,0,2,64,1,1,1,1,0
24,65,1,1,7,55,0,1,0,2,2,3,0,0,63,0,0,1,0,1
13,97,2,2,7,70,1,1,0,2,1,4,2,0,71,0,1,1,0,0
22,78,2,1,7,54,1,1,1,1,0,3,0,1,65,1,1,1,0,1
21,89,0,1,9,85,0,1,1,1,0,5,1,2,68,0,1,1,1,0
23,75,1,1,7,64,2,1,0,1,0,3,0,1,64,1,1,1,0,1
22,61,0,0,10,76,2,1,2,2,2,2,1,0,64,1,1,1,1,0
35,64,1,1,8,51,1,2,1,1,0,5,0,0,66,1,1,1,1,1
16,80,2,1,6,76,1,1,1,2,2,4,1,0,68,1,1,1,0,0
17,88,1,1,10,50,1,3,0,2,1,5,1,1,67,0,1,1,0,0
16,73,0,2,7,96,1,1,1,1,2,3,0,1,66,0,0,1,1,0
17,88,1,1,10,75,1,2,1,1,1,3,0,0,68,1,1,1,1,0
16,88,0,1,7,55,1,3,0,0,1,3,2,0,66,1,1,1,0,0
27,88,1,1,7,67,1,3,2,1,1,4,1,2,71,1,1,1,0,0
29,80,1,2,8,52,1,4,0,1,2,4,0,1,71,0,1,1,1,0
17,97,1,2,7,77,1,0,0,1,0,4,1,2,68,1,0,1,0,0
15,80,2,0,9,56,2,3,1,1,1,3,0,0,64,0,1,1,0,1
23,78,1,1,10,74,0,3,1,1,0,4,0,1,67,1,1,1,1,0
17,68,2,1,4,65,2,0,1,1,2,2,0,1,64,1,0,1,1,0
24,72,2,0,8,88,2,3,0,1,2,2,0,0,68,0,1,1,1,0
21,62,1,0,6,74,2,0,0,2,2,3,2,2,62,1,0,1,0,1
11,85,1,0,4,92,0,0,1,2,1,1,1,0,64,1,1,1,1,0
29,70,0,2,8,97,0,3,0,2,2,3,2,1,70,1,1,1,0,0
31,72,1,1,8,98,2,0,0,1,1,4,1,2,68,1,1,1,0,0
16,91,1,1,8,63,2,2,1,2,1,3,1,0,69,0,1,1,0,0
18,73,0,1,8,88,0,3,0,1,2,4,1,1,65,1,1,1,1,0
22,70,1,2,8,72,1,2,2,1,1,3,0,0,67,1,1,1,1,0
22,67,2,1,6,71,0,2,1,1,2,2,1,1,65,1,1,1,0,0
24,91,2,1,7,93,0,0,1,1,2,2,0,1,71,1,1,1,0,0
32,65,1,0,8,57,0,2,0,1,2,3,0,1,65,0,1,1,1,0
19,78,1,1,9,74,0,2,0,1,2,5,0,1,66,0,1,1,1,0
15,80,2,1,7,80,1,0,0,0,1,5,0,0,65,0,1,1,0,0
12,87,1,1,7,53,0,2,1,1,1,1,1,0,65,1,0,1,1,0
16,85,0,1,7,93,2,1,1,2,2,3,0,0,68,1,1,1,0,0
20,92,1,1,5,66,1,2,1,1,0,2,1,1,68,1,1,1,1,1
31,62,2,1,8,83,1,0,1,2,1,2,1,0,67,0,0,1,0,1
17,72,0,1,5,96,2,3,2,1,0,3,0,1,65,1,1,1,1,0
21,71,1,0,8,86,1,2,1,2,1,2,1,0,66,1,1,1,0,0
20,66,1,1,7,94,0,0,1,0,1,4,0,1,63,0,1,1,1,0
27,72,2,2,5,53,1,1,2,1,1,5,2,0,70,1,0,1,1,0
35,72,2,2,5,75,1,1,0,1,2,5,1,1,72,1,1,1,1,0
17,81,1,2,6,78,1,2,0,1,2,2,0,1,67,1,0,1,0,0
17,87,2,0,6,84,1,0,1,1,2,3,1,2,67,1,1,1,1,0
26,75,0,1,9,56,1,1,0,1,2,5,0,1,66,1,1,1,1,0
24,89,0,1,7,83,1,1,0,0,1,3,0,1,66,1,1,0,0,0
31,73,2,1,8,57,1,2,0,2,1,4,0,2,69,1,1,1,1,0
24,72,1,0,9,53,1,0,0,2,1,4,0,1,62,1,0,1,1,1
18,82,0,1,9,73,0,2,0,1,2,4,1,0,66,0,1,1,0,0
24,61,1,1,7,80,2,0,0,1,2,3,2,1,64,1,1,1,0,0
27,63,2,1,6,98,1,1,0,2,2,2,0,1,67,0,1,1,1,0
25,77,2,2,8,85,1,2,1,1,2,1,1,0,71,1,1,1,0,0
23,98,2,1,6,80,1,1,1,1,2,2,0,1,73,1,1,1,1,0
26,89,1,0,10,61,0,0,1,2,1,3,0,1,68,0,1,1,1,0
27,64,2,0,8,58,1,2,2,2,1,1,2,2,66,1,1,1,1,0
28,94,1,2,7,80,1,3,0,2,2,4,2,2,75,1,1,1,1,0
24,89,1,2,8,61,1,1,0,2,2,3,2,0,72,0,1,1,1,0
19,84,2,0,7,85,1,1,2,1,1,3,0,0,68,1,0,1,1,0
21,93,1,1,6,56,1,1,0,1,2,3,0,0,68,1,1,0,1,0
27,76,0,2,8,67,1,1,1,1,2,4,0,0,69,1,1,1,1,0
15,69,1,1,7,89,1,1,0,2,0,2,1,1,63,0,1,1,1,0
22,80,1,2,10,92,1,0,1,2,2,2,0,0,70,0,1,1,1,0
18,82,0,1,6,67,0,1,2,0,2,3,2,1,66,1,0,1,1,0
20,82,0,0,8,60,1,3,1,2,2,4,0,1,66,1,1,1,1,0
28,83,1,2,6,98,1,1,0,2,1,2,2,1,72,1,0,1,0,0
21,98,0,1,6,88,1,1,1,0,1,3,2,0,71,1,1,1,0,0
20,96,2,1,4,90,1,3,0,1,1,2,1,0,72,1,0,1,0,0
12,95,1,1,8,61,2,4,2,2,1,1,1,0,69,1,0,1,0,0
24,92,0,2,6,71,0,2,0,2,2,2,0,0,71,1,1,1,1,0
24,98,1,0,9,53,1,3,2,0,0,2,2,2,69,1,0,1,0,0
33,64,2,1,8,55,1,1,1,2,1,3,1,1,68,0,1,1,0,0
18,71,0,0,7,61,0,2,0,1,0,4,1,0,61,1,1,1,1,0
21,80,1,2,5,65,2,2,1,0,1,1,2,1,68,1,0,1,0,0
21,94,2,1,8,100,0,0,0,1,1,3,2,0,72,1,1,1,1,0
29,80,1,1,6,71,1,0,1,1,2,3,1,1,70,0,1,1,1,0
19,90,2,1,5,85,2,0,1,2,2,5,2,0,73,0,0,1,1,0
22,66,1,2,8,95,0,3,1,1,2,3,0,1,67,0,0,1,0,0
24,70,1,2,5,62,1,2,0,1,0,4,1,0,65,1,0,1,0,1
21,89,1,1,4,57,1,1,2,1,2,2,0,0,68,0,0,1,0,0
17,67,0,2,9,62,2,3,1,1,2,3,0,0,65,1,1,1,1,0
21,74,2,1,6,94,1,1,0,2,2,1,0,0,97,1,1,1,0,0
26,71,2,0,4,83,0,1,1,1,0,3,1,1,66,1,1,1,1,0
14,74,2,2,6,73,2,2,1,1,1,3,0,0,67,0,0,1,1,0
21,88,2,1,6,91,1,2,2,1,1,1,0,1,70,0,1,1,0,0
16,75,2,1,9,62,1,3,0,1,2,4,0,1,66,0,1,1,1,0
27,82,1,2,5,62,0,1,0,2,1,4,0,1,69,0,0,1,1,0
11,64,2,1,5,78,0,2,0,2,1,4,1,1,62,1,0,1,1,0
17,92,1,0,8,90,2,1,2,0,0,3,0,0,68,1,1,1,1,0
22,75,1,2,6,63,0,1,0,1,2,2,1,0,67,1,1,1,1,0
29,86,1,1,7,61,1,0,1,1,0,4,0,2,68,0,1,1,1,0
20,89,2,1,6,74,1,1,0,2,1,2,0,1,69,1,0,1,1,0
17,68,1,1,10,57,1,1,2,1,2,1,0,1,62,0,0,1,1,1
31,95,2,1,5,87,1,2,0,1,1,3,2,1,75,1,1,1,1,0
11,85,1,1,7,79,0,2,2,0,2,3,0,0,65,1,1,1,0,0
7,77,2,1,9,76,1,2,1,2,0,3,1,1,63,1,1,1,0,0
23,67,2,1,6,94,0,1,1,1,2,2,1,2,66,1,1,1,0,0
17,98,0,2,6,87,2,3,1,1,2,5,1,0,71,0,0,0,0,0
14,90,2,1,8,57,1,0,1,1,2,3,1,1,66,1,1,1,1,1
24,68,1,1,9,71,1,2,1,1,1,4,1,0,66,1,1,1,0,0
21,74,1,2,6,66,0,1,1,2,0,4,0,0,66,1,0,1,0,0
17,92,2,2,9,90,1,1,2,0,2,3,0,1,71,1,1,1,1,0
12,88,1,1,7,86,2,3,1,2,2,3,0,1,68,1,1,1,1,1
25,91,1,1,8,74,2,1,1,2,2,3,1,1,71,1,0,1,0,0
24,78,1,1,9,91,0,0,2,2,0,3,2,2,68,0,1,1,1,0
19,89,0,1,8,71,1,2,0,2,2,4,0,0,68,1,1,1,0,0
31,75,1,1,7,90,0,2,1,2,1,2,0,1,68,1,1,1,0,1
14,68,1,1,6,52,1,2,0,1,2,2,1,0,62,1,1,1,1,0
11,85,2,0,10,57,2,0,1,2,1,5,0,0,65,1,1,1,1,0
16,99,0,2,6,88,2,2,0,0,1,3,2,0,71,1,1,1,0,0
20,72,1,2,7,56,0,0,0,1,0,6,1,1,63,1,1,1,1,1
21,78,2,1,8,84,0,1,2,0,2,4,0,0,68,1,1,1,0,0
19,87,2,0,8,86,0,1,1,2,2,4,0,1,69,0,1,1,1,0
22,82,2,2,10,83,1,1,0,2,1,2,1,1,69,1,0,1,0,1
12,94,1,2,7,91,0,3,1,1,2,3,2,0,71,0,0,1,1,0
29,90,1,2,7,76,1,0,0,1,1,1,2,1,71,0,1,1,0,0
20,62,1,1,9,95,0,0,1,1,1,3,0,0,62,1,0,1,1,1
27,100,0,0,7,78,0,2,1,1,0,2,0,0,70,1,1,1,1,0
22,90,2,2,8,75,2,1,0,0,1,3,1,1,70,1,0,1,0,0
23,95,1,1,7,75,1,2,2,1,2,2,1,0,73,1,1,1,1,0
23,86,1,2,8,96,0,3,1,1,2,2,0,1,71,0,0,1,1,0
23,94,1,0,8,62,1,2,0,1,2,0,2,1,69,0,1,1,1,0
24,64,1,2,6,85,2,0,2,0,1,3,2,0,66,1,0,1,1,1
28,74,1,0,4,62,1,1,0,1,1,3,0,1,65,1,0,1,1,0
21,95,2,1,4,55,1,2,1,2,1,1,1,0,71,1,0,1,0,0
24,68,1,1,4,98,2,2,1,2,0,2,0,0,68,1,1,1,1,0
19,63,1,2,7,56,1,2,0,1,2,3,0,0,64,0,0,1,1,0
29,92,0,0,4,84,1,2,0,1,0,3,2,0,71,1,1,1,1,0
16,93,0,1,7,71,1,0,1,2,2,2,0,0,67,1,1,1,0,0
31,67,1,0,7,92,2,2,1,1,0,3,0,2,66,0,1,1,0,0
20,94,0,2,8,89,1,1,0,1,2,4,0,0,71,1,1,1,1,0
11,87,0,1,8,57,2,0,0,1,0,2,0,1,62,1,1,1,0,0
21,81,2,1,8,73,1,3,0,1,2,2,0,0,67,1,1,1,0,1
16,93,1,0,8,51,1,3,0,1,1,2,1,0,67,1,1,1,1,0
25,77,0,1,7,71,1,0,1,1,0,3,0,0,66,0,1,1,1,0
16,68,0,1,7,85,2,1,0,2,2,3,2,1,64,0,0,1,1,0
17,71,0,1,6,62,1,2,0,1,1,3,1,0,62,1,1,1,1,1
9,80,1,2,7,91,0,1,1,1,1,3,1,0,65,0,1,1,0,0
17,81,1,0,5,53,0,0,1,1,1,1,1,0,63,1,1,1,1,0
5,92,1,1,9,52,1,2,2,1,1,4,1,1,64,0,0,1,1,1
10,92,0,2,6,51,0,1,1,1,1,3,0,0,65,0,0,1,1,0
25,83,1,2,7,64,1,0,0,1,1,2,1,1,68,1,1,1,0,0
25,91,1,2,7,73,1,2,0,1,2,3,0,0,72,0,1,1,1,0
23,68,1,1,9,55,1,0,0,1,2,3,1,1,64,1,1,1,1,0
14,62,2,1,4,100,0,1,0,1,1,3,0,0,62,1,1,1,0,0
20,95,1,0,7,100,0,3,0,1,1,2,0,0,69,0,0,0,1,0
20,63,0,0,8,76,1,3,1,1,1,4,2,0,64,0,1,1,1,0
13,70,2,1,10,78,1,1,0,1,0,2,0,2,61,0,1,1,0,0
29,88,1,2,7,96,0,2,0,0,2,2,0,0,72,0,1,1,0,0
25,76,1,0,6,88,0,1,1,1,0,3,1,2,66,1,0,1,1,0
19,95,2,0,10,58,0,2,2,1,2,3,0,0,69,1,1,1,0,0
20,72,1,1,8,90,2,2,0,0,1,2,1,0,65,0,0,0,0,0
21,60,2,1,9,62,1,2,0,1,2,3,0,0,64,1,1,1,1,0
8,72,0,1,5,72,1,3,2,0,2,4,0,0,62,0,0,1,1,0
19,83,1,1,8,77,2,1,0,1,2,4,0,2,66,1,1,1,0,0
16,75,0,0,5,86,1,0,0,1,2,1,1,1,62,0,1,1,1,0
14,81,1,1,5,58,2,3,0,2,0,4,2,1,66,1,1,1,1,0
18,95,1,2,8,54,1,2,2,1,1,3,1,1,70,0,1,1,0,0
31,96,1,1,8,93,0,3,0,1,2,3,0,0,75,1,1,1,1,0
24,71,0,2,6,91,1,3,2,1,1,2,0,2,67,0,1,1,1,0
17,78,0,1,9,76,0,4,1,1,2,2,1,0,66,1,1,1,1,0
23,82,1,2,6,83,1,2,1,1,2,3,2,1,71,1,0,1,0,0
28,98,2,1,7,86,1,2,1,2,1,2,0,0,75,0,0,1,1,0
26,100,2,2,7,74,0,1,1,1,1,2,0,2,72,0,1,1,0,0
20,69,2,1,7,63,0,2,0,1,0,2,0,1,64,0,0,1,0,0
16,89,1,1,9,74,1,1,0,1,1,3,0,2,65,1,1,0,1,0
24,75,0,1,5,98,2,1,0,1,2,3,0,0,67,1,1,1,0,0
22,60,1,1,6,92,0,2,0,2,0,2,0,0,63,1,1,1,0,0
25,60,1,0,5,73,0,1,1,1,0,2,0,0,62,1,1,1,1,0
24,78,0,2,10,61,2,2,1,1,2,4,1,1,69,0,1,1,1,0
26,80,1,1,7,94,1,1,0,1,2,2,2,1,70,1,0,1,1,0
17,61,0,1,6,82,2,0,1,2,1,4,2,0,63,1,1,1,1,0
28,87,1,1,7,70,1,2,0,1,1,2,2,0,71,1,1,1,1,0
21,72,1,0,8,56,1,0,0,1,1,4,0,0,63,1,1,1,1,0
32,82,0,1,8,88,0,0,2,1,2,2,1,1,71,1,1,1,1,0
16,72,1,1,6,66,0,0,0,1,2,4,1,0,63,1,0,1,1,0
30,67,1,2,6,80,2,0,0,1,1,4,0,1,68,1,1,1,1,0
21,76,1,0,5,78,2,0,0,2,1,3,0,0,65,1,1,0,1,0
16,69,2,2,7,85,1,0,2,2,0,3,0,0,66,0,0,1,1,0
17,81,0,1,9,77,1,3,0,1,1,4,1,2,66,1,1,1,1,0
18,68,2,2,6,82,0,0,1,2,2,3,0,0,66,1,1,1,0,0
23,80,0,0,8,54,1,0,1,2,2,2,0,0,65,0,0,1,1,0
23,66,1,2,6,83,1,0,2,1,2,2,0,0,66,0,1,1,0,0
17,87,1,1,5,60,1,4,1,1,2,3,0,0,67,0,0,1,1,1
20,90,2,1,8,70,1,0,1,1,1,3,0,1,68,0,0,1,0,0
33,64,1,0,10,76,0,2,2,2,1,3,0,0,68,1,0,1,1,0
30,79,0,1,8,84,1,3,0,1,0,3,1,1,69,0,0,1,0,0
23,63,1,0,6,87,0,1,1,1,1,2,2,0,64,1,1,1,1,0
20,84,1,1,6,85,1,0,1,1,2,3,0,1,67,1,0,1,0,0
21,71,1,1,10,55,0,1,1,1,0,4,0,1,63,0,1,1,1,0
24,81,0,2,7,69,1,3,0,1,0,3,1,0,67,1,1,1,1,0
14,81,1,2,6,64,0,2,2,2,1,2,0,2,64,0,1,0,1,0
18,97,0,1,7,70,0,0,2,1,1,2,0,0,66,0,1,1,0,1
10,82,2,1,7,82,0,2,0,2,1,4,0,0,65,1,0,1,0,0
22,83,1,1,8,60,0,4,1,1,1,2,2,1,68,0,1,0,1,0
24,76,0,2,9,75,0,0,0,1,2,5,0,0,66,1,0,1,0,0
17,98,2,2,9,94,0,0,2,0,0,3,1,0,71,1,1,1,0,0
29,91,1,2,7,87,1,2,1,2,0,4,1,0,74,0,0,0,1,0
13,71,1,2,7,86,0,2,0,1,2,3,2,0,65,1,1,1,0,0
11,94,0,2,8,92,2,0,1,1,1,4,0,0,68,0,1,1,1,0
21,77,1,2,6,70,0,2,2,1,2,2,1,0,68,1,0,0,1,0
26,93,1,1,8,88,1,1,1,2,1,4,1,0,72,1,1,1,0,1
30,93,2,2,7,53,1,3,0,1,0,2,2,1,74,0,0,1,1,0
17,68,0,2,8,53,1,0,0,1,1,2,1,0,61,1,1,1,0,0
26,88,0,0,10,67,0,0,0,0,2,3,0,2,65,1,0,1,0,0
20,72,2,0,8,60,0,0,0,1,1,5,0,0,63,1,1,1,0,0
19,72,2,1,7,76,1,1,1,2,2,2,0,1,66,0,1,1,1,0
25,72,0,2,6,59,1,2,0,1,0,3,0,0,66,1,1,1,1,0
24,89,2,1,7,99,1,2,0,2,1,4,0,0,73,0,0,1,1,0
11,69,1,1,5,93,1,0,1,2,0,4,1,0,63,1,1,1,0,0
29,60,2,2,8,99,1,0,1,1,2,4,0,0,68,0,1,1,1,1
28,89,2,0,4,90,2,3,0,2,2,2,2,1,73,0,1,1,1,1
16,67,0,2,8,98,1,0,2,0,0,3,0,1,63,1,0,1,1,0
22,64,1,2,8,68,1,2,1,1,0,4,0,0,65,1,1,1,1,0
23,70,0,2,7,75,2,0,0,1,2,4,0,0,66,0,1,1,1,0
22,75,0,0,6,62,1,0,2,2,0,3,2,0,65,0,1,1,1,0
17,79,0,2,7,82,1,0,1,2,0,2,1,0,66,1,1,1,1,0
16,62,2,1,4,89,2,3,0,1,1,3,1,0,65,0,1,1,0,0
20,99,1,1,8,75,1,2,0,2,0,2,2,2,70,0,0,1,0,0
27,89,1,1,7,65,1,1,1,1,1,3,0,0,70,0,1,1,0,0
23,73,2,1,9,75,1,0,2,2,2,3,0,1,68,0,0,1,1,0
18,73,1,2,8,53,1,1,0,2,1,3,2,1,64,1,1,0,0,0
25,78,1,1,7,86,1,1,1,1,0,3,2,1,68,0,1,1,0,0
3,85,0,2,8,73,0,2,0,1,1,3,0,0,62,1,0,1,0,0
27,66,1,1,6,95,1,1,1,1,2,3,1,1,68,1,1,1,1,0
10,68,0,1,6,96,0,1,2,1,1,3,1,1,61,1,1,1,0,0
18,94,2,1,7,56,0,1,0,1,2,3,2,0,69,1,1,0,1,0
13,70,1,1,7,100,1,3,0,1,1,3,0,0,65,1,1,1,1,0
12,75,1,2,6,98,1,2,0,1,1,2,1,2,65,1,1,1,1,0
27,95,1,2,7,81,0,3,0,1,1,2,0,1,72,1,1,1,0,0
17,87,1,1,7,91,2,3,0,2,2,3,1,0,70,0,1,1,1,1
22,74,1,2,10,51,1,1,1,1,0,4,0,0,65,1,0,0,1,0
20,87,1,1,7,99,1,3,0,1,0,3,0,0,69,1,1,1,0,0
23,61,2,0,6,73,1,1,1,1,2,3,1,0,65,1,1,1,1,0
20,89,0,1,7,95,0,3,0,1,1,2,0,0,69,1,0,1,1,0
12,79,0,1,9,69,1,2,0,2,1,3,2,0,65,1,1,1,1,0
26,93,1,2,9,89,1,0,0,1,1,3,1,1,72,1,1,1,1,0
17,98,2,0,10,71,1,0,0,2,2,3,2,1,70,0,0,1,1,0
11,97,1,1,7,68,0,0,0,1,0,2,0,1,64,0,0,1,1,0
17,96,1,0,8,97,0,0,1,1,0,3,0,0,67,0,1,1,0,0
29,80,1,0,5,85,2,0,2,2,1,2,0,1,69,1,1,1,0,0
25,74,0,1,6,92,0,4,1,1,2,3,2,0,70,1,0,1,1,0
18,79,1,1,5,77,0,1,0,2,1,3,0,0,65,1,1,1,1,0
18,88,2,2,8,96,0,1,0,1,2,3,0,2,69,0,1,1,1,0
18,95,2,1,7,87,2,5,1,1,1,2,1,0,74,1,1,1,1,0
32,68,0,1,7,54,1,1,0,1,1,1,2,0,66,1,0,1,1,0
22,97,1,1,6,88,2,1,0,0,2,4,1,0,72,1,0,1,1,0
23,93,1,0,8,51,2,0,0,2,2,1,0,0,67,1,0,0,1,0
26,99,0,2,4,91,2,2,2,0,1,4,2,1,75,0,1,1,1,0
21,95,1,0,7,67,1,3,1,1,2,2,1,2,70,0,1,1,1,0
18,71,0,0,7,80,1,1,1,0,1,4,2,1,63,0,1,1,0,0
19,64,1,1,4,87,2,2,1,1,2,4,0,1,65,1,0,1,0,0
20,64,1,2,8,82,1,3,1,0,0,3,0,1,64,0,1,1,0,0
20,72,1,2,7,84,0,2,1,2,0,2,0,1,65,0,1,1,0,0
24,85,1,1,8,95,1,2,1,1,0,4,0,0,70,0,1,1,1,0
20,92,1,0,10,69,1,0,0,1,2,2,2,2,67,1,1,1,0,0
24,96,1,1,7,77,0,0,0,1,0,2,0,0,67,0,1,0,1,1
20,85,1,2,8,59,1,1,1,1,2,3,2,2,68,0,1,1,0,0
20,60,1,1,9,73,2,4,1,1,0,4,1,0,65,1,1,1,0,0
8,67,2,1,8,58,0,2,1,1,2,1,2,1,61,0,1,1,1,0
25,64,1,0,6,82,0,2,0,1,0,3,0,1,63,0,1,1,1,0
22,75,1,0,5,66,0,2,0,1,2,2,0,2,80,1,1,1,1,0
26,80,1,1,8,93,1,2,0,0,1,1,2,1,69,1,1,1,1,0
3,62,1,0,6,67,1,1,0,1,0,3,0,0,55,1,1,1,0,0
33,74,1,1,9,64,1,2,1,1,1,4,2,0,70,0,0,1,0,0
19,67,1,1,6,75,2,1,0,1,1,3,1,0,65,0,1,1,1,0
27,86,0,1,7,59,0,1,1,1,1,3,0,0,68,1,1,1,1,0
14,79,1,0,5,60,1,3,0,1,0,5,0,0,64,1,1,1,1,0
24,80,1,1,6,89,1,1,0,2,1,3,1,0,69,1,1,1,0,0
14,77,0,2,6,75,1,1,1,2,1,4,0,0,89,0,1,1,0,1
16,98,1,0,6,60,1,1,1,1,2,3,0,2,67,1,0,1,1,0
31,69,1,1,7,52,1,2,2,0,1,5,1,2,92,1,1,0,0,0
19,81,2,2,6,73,0,1,0,2,2,3,0,0,67,0,0,0,0,0
21,89,0,1,10,87,0,3,1,1,2,3,1,0,70,1,1,1,1,0
25,82,2,0,8,68,1,1,0,2,1,3,1,0,68,1,1,1,0,0
23,97,1,0,9,62,1,0,0,1,2,2,2,0,70,1,0,1,1,0
21,75,1,1,7,70,0,3,1,1,2,4,2,0,67,1,1,1,1,1
22,79,1,1,7,98,2,0,2,1,1,3,0,0,69,1,1,1,1,0
34,64,1,1,6,71,2,0,0,2,0,4,0,0,67,0,0,1,0,0
20,84,2,2,10,63,1,0,0,1,2,4,0,0,69,0,0,1,1,0
21,72,1,2,7,78,0,0,2,1,1,1,0,0,63,0,1,0,0,1
26,66,1,1,6,91,1,3,1,1,2,3,1,0,69,0,1,1,0,0
27,82,1,2,6,51,0,1,0,1,0,3,0,1,66,1,1,1,0,0
27,81,1,1,8,78,1,0,1,1,2,3,0,1,68,1,1,1,0,0
24,63,1,1,9,92,1,4,1,1,2,4,2,0,69,1,0,1,1,0
13,88,2,0,9,61,0,4,1,1,0,3,0,0,66,0,0,1,1,0
30,85,1,1,6,96,0,1,1,1,1,4,0,0,72,0,0,1,1,0
13,68,0,1,6,79,1,1,2,1,0,3,1,0,62,1,0,1,1,0
22,79,1,1,9,76,1,1,0,1,2,2,0,0,67,1,0,1,0,0
15,89,2,0,10,98,0,0,0,1,2,2,1,0,67,1,0,1,0,0
20,81,2,2,7,56,0,1,1,1,2,3,0,0,67,1,0,0,1,0
22,76,1,0,9,87,0,2,0,2,1,3,1,0,65,0,1,1,0,1
22,73,2,0,5,91,1,1,1,1,2,3,2,1,67,1,1,1,0,0
23,84,0,0,6,74,1,3,0,1,2,1,0,0,66,0,1,0,0,0
30,98,0,0,5,50,2,0,0,2,0,2,1,0,70,1,1,1,1,0
23,87,0,2,8,76,1,2,2,1,2,5,2,0,71,0,1,1,0,1
19,63,0,2,7,58,1,2,0,2,1,3,2,0,64,0,0,1,1,0
26,78,0,2,7,78,0,4,1,1,1,4,0,1,69,0,0,1,1,0
27,96,1,2,9,87,0,0,1,2,2,2,1,1,72,1,1,0,1,0
13,64,1,0,6,77,1,0,0,2,1,4,0,0,60,1,1,1,1,0
24,100,1,0,7,82,0,1,1,2,2,3,0,1,71,1,0,1,1,0
24,98,1,1,5,55,2,0,1,1,2,3,0,1,71,1,1,1,1,0
18,63,2,2,9,55,1,2,2,2,2,2,2,0,66,0,0,1,0,0
28,97,1,1,9,93,0,3,1,2,1,3,0,0,74,0,1,1,0,0
19,75,1,1,8,52,2,0,0,1,0,4,2,1,64,1,1,1,0,0
21,94,1,0,7,64,0,2,1,1,1,2,0,0,68,1,0,1,1,0
19,77,2,0,6,97,0,4,0,1,0,2,0,0,66,1,1,1,0,0
20,78,1,1,5,73,0,1,0,1,0,3,1,0,65,0,1,1,0,0
13,85,0,2,7,84,1,0,0,1,1,5,0,1,64,0,1,0,1,0
11,91,1,0,8,61,1,1,2,1,2,3,2,2,65,1,0,1,0,0
30,61,2,2,10,64,0,4,1,1,2,2,2,1,69,1,1,1,0,0
15,84,1,2,6,75,1,2,1,1,2,4,2,0,68,0,0,1,1,1
14,67,1,2,7,82,0,1,1,1,1,3,0,2,62,0,1,1,0,0
7,74,0,2,9,98,2,3,2,0,1,2,0,1,63,1,1,1,0,0
16,74,2,0,9,79,2,0,2,1,1,4,2,1,65,0,1,1,0,0
12,79,0,2,6,55,1,1,0,2,1,4,1,2,62,0,0,1,0,0
30,73,0,1,7,68,1,0,0,2,2,2,2,0,67,1,1,1,0,0
26,64,0,2,6,62,0,1,0,1,2,5,0,1,64,1,0,1,0,0
16,66,1,0,6,63,0,2,1,2,1,3,1,1,61,1,1,1,0,0
34,61,0,1,9,75,1,1,0,1,1,2,1,2,65,1,1,1,0,0
26,79,2,0,7,66,1,1,2,1,2,5,0,1,67,1,1,1,0,1
18,98,2,0,7,64,1,0,1,1,2,4,2,1,70,1,1,1,0,0
5,65,1,2,7,98,0,1,0,0,2,3,0,2,59,1,0,1,1,0
34,98,1,2,7,79,1,1,0,1,1,4,1,0,75,1,0,1,0,0
12,89,0,1,7,63,1,4,0,2,1,2,1,0,67,1,1,1,1,0
10,85,1,1,6,64,0,1,1,1,0,3,1,0,64,1,1,1,1,0
26,86,1,2,9,91,1,3,2,1,1,3,0,0,72,0,1,1,1,1
35,93,1,1,6,94,1,5,1,1,1,2,1,0,76,0,1,1,1,1
28,64,1,2,6,84,0,2,1,1,2,2,2,0,69,1,0,1,1,0
23,80,0,1,7,72,0,0,0,2,0,5,0,0,65,1,1,1,0,0
24,88,2,1,10,88,0,2,2,2,2,1,2,2,72,0,1,1,0,0
25,83,1,2,6,97,0,0,0,0,1,4,0,0,69,1,1,1,1,0
25,93,2,1,8,58,1,0,2,1,2,4,0,1,71,0,0,1,0,0
22,63,2,1,7,93,2,0,1,1,1,2,0,2,64,1,0,1,0,0
21,88,2,2,7,92,2,2,1,1,2,3,2,0,74,0,1,1,1,0
20,81,1,2,8,68,1,0,1,1,1,3,1,0,68,1,1,1,1,0
15,75,1,2,4,65,2,1,0,0,2,4,2,1,66,0,0,1,1,0
18,74,1,1,6,78,2,0,2,1,2,2,0,1,65,0,1,1,0,0
10,85,2,1,8,64,0,2,2,1,1,3,2,0,67,0,1,1,1,0
19,96,1,1,7,57,2,0,0,1,2,3,0,0,69,0,1,1,0,0
14,80,2,0,7,98,2,2,0,2,0,2,0,0,66,1,0,1,1,0
13,93,1,2,8,75,1,1,1,1,2,2,0,0,69,1,0,1,1,0
21,76,1,1,6,74,1,2,1,1,1,3,0,0,67,1,0,1,1,0
28,64,1,1,9,56,1,1,0,0,0,2,1,0,64,1,1,1,1,0
26,62,2,2,8,75,1,2,1,1,1,2,1,1,67,1,1,1,0,0
11,62,0,2,7,87,2,3,0,2,2,3,0,2,61,0,1,0,1,0
14,75,1,0,8,62,0,0,2,1,0,2,0,1,61,0,1,1,1,0
26,73,1,1,9,68,2,4,1,1,1,2,0,2,68,1,1,1,1,0
14,89,0,2,6,59,0,2,0,2,1,5,2,1,66,1,1,1,0,0
19,90,1,1,8,68,0,0,2,1,0,4,0,1,66,1,1,1,0,0
23,62,1,2,10,93,2,2,0,1,2,4,1,0,68,0,1,1,0,0
14,69,0,2,8,62,2,1,1,2,1,2,0,0,63,1,0,1,0,0
21,71,1,1,7,51,1,3,1,2,1,3,2,1,66,0,0,1,1,0
12,82,2,1,10,77,2,0,1,1,1,4,1,2,66,0,1,1,1,0
16,66,2,1,7,79,2,0,2,2,1,3,1,0,66,0,0,1,1,0
22,65,1,1,9,66,2,2,1,1,0,4,0,0,65,1,1,1,1,0
10,98,1,1,6,82,1,2,2,1,2,2,1,1,69,1,1,1,1,0
23,92,1,2,9,52,2,1,2,1,2,2,0,0,71,0,0,1,0,0
20,67,2,2,6,67,2,1,1,2,2,2,1,0,66,0,1,1,0,1
23,76,1,1,7,57,2,1,1,1,0,3,0,1,66,0,1,1,1,0
21,74,1,2,6,61,0,0,0,1,2,4,0,0,65,1,0,0,1,0
28,92,0,1,10,69,1,4,0,1,1,4,0,1,71,0,1,1,0,0
21,80,1,2,7,75,2,3,1,2,1,2,0,2,69,1,0,1,0,0
17,65,0,0,5,55,1,2,0,1,2,3,0,0,61,0,1,1,1,0
21,90,2,1,7,55,2,1,0,2,1,4,0,0,70,0,1,1,1,0
23,76,1,1,8,84,2,2,2,1,2,4,1,0,70,0,1,1,0,0
20,71,1,1,7,70,2,0,2,2,0,4,0,0,65,0,1,1,0,0
20,75,1,0,6,59,1,2,1,1,0,1,2,1,64,1,1,1,1,0
16,80,2,2,9,62,0,0,2,1,1,4,2,0,68,0,1,1,1,0
16,74,0,1,9,86,0,1,0,1,1,2,0,0,63,0,0,1,1,0
12,70,1,2,5,53,1,2,0,1,2,3,1,0,63,1,0,1,0,0
30,76,1,1,6,75,0,3,2,1,2,3,1,0,71,0,1,1,1,0
13,61,2,0,7,68,0,1,1,1,1,2,0,0,58,1,1,0,0,0
16,91,1,1,6,91,1,1,1,1,1,2,0,1,68,0,1,1,1,0
16,67,1,2,8,90,2,1,2,0,1,4,0,0,65,1,1,1,0,0
25,62,1,1,10,84,0,2,0,1,2,3,1,0,65,0,1,1,0,0
18,86,2,0,6,69,0,2,1,2,2,2,0,0,68,1,1,1,1,0
27,91,0,2,9,82,1,0,0,0,1,1,0,2,69,1,1,1,1,0
16,93,1,1,5,82,0,5,2,1,2,1,0,0,71,1,1,1,1,0
22,80,0,1,8,67,0,2,0,0,2,2,2,1,65,1,0,1,0,0
15,68,0,1,6,94,0,0,1,2,1,5,2,0,64,0,1,1,1,0
33,89,0,1,8,99,1,2,2,2,2,4,1,1,75,1,0,1,0,0
13,88,2,1,4,66,0,1,0,2,2,4,0,0,67,0,1,1,0,0
22,70,1,2,5,90,2,1,1,2,1,3,1,2,68,0,1,1,1,0
24,96,2,2,8,75,0,1,1,1,2,1,1,1,72,0,1,1,0,0
22,64,1,1,6,73,2,3,1,1,2,4,2,1,67,0,1,1,0,0
19,99,2,1,7,69,1,1,2,1,2,3,0,0,72,1,1,1,0,0
19,94,1,0,10,65,2,1,0,2,0,3,2,1,69,1,1,1,1,0
20,88,0,0,7,96,0,0,2,2,2,3,2,1,68,1,1,1,0,0
19,98,1,1,8,87,1,0,1,1,0,6,0,0,70,1,0,1,1,0
26,89,1,1,6,72,2,1,0,1,1,3,1,0,69,0,1,1,0,1
33,68,1,0,5,88,1,2,0,1,0,1,1,1,67,1,1,1,1,0
17,78,1,1,7,86,1,0,0,0,1,3,1,0,63,0,1,0,0,0
12,63,1,2,5,63,0,4,0,1,2,2,0,1,61,1,0,1,0,0
19,76,1,2,6,59,1,1,1,1,1,3,0,0,66,0,1,1,1,0
35,90,2,1,7,92,0,0,0,1,1,4,0,0,73,1,0,0,1,0
15,75,1,2,7,91,2,0,1,2,1,3,1,1,67,1,1,1,1,0
30,73,2,1,8,100,1,2,2,2,1,2,0,0,72,0,1,1,1,0
30,84,2,1,8,51,0,1,0,1,2,4,2,2,69,1,1,1,0,1
17,95,0,2,5,77,1,2,1,1,2,4,0,1,69,0,1,1,0,0
23,62,0,2,6,85,1,1,0,1,0,3,1,1,63,1,1,1,1,1
30,75,1,1,4,79,0,0,1,1,0,4,0,1,67,1,1,1,1,0
18,66,1,1,6,86,1,0,2,1,2,2,0,1,63,0,1,1,0,0
19,88,1,2,8,57,0,1,1,0,0,4,1,0,66,1,0,0,1,0
17,64,1,1,9,50,1,2,0,2,2,4,0,1,62,0,1,1,0,0
14,87,1,1,7,55,1,2,0,2,2,4,2,0,68,1,0,1,1,0
16,71,1,2,9,69,1,1,0,1,1,4,2,0,65,0,1,1,0,0
13,68,0,0,8,66,1,0,1,0,1,4,1,0,59,1,1,1,1,1
20,97,2,1,7,94,2,1,1,1,0,1,1,1,72,1,1,1,1,0
15,61,1,2,6,54,1,0,2,2,1,2,2,0,63,1,0,1,1,0
21,78,1,1,4,72,1,1,1,2,1,4,2,0,68,1,1,1,0,0
11,61,1,1,9,98,2,0,1,2,0,2,0,1,61,1,1,1,1,0
22,79,0,1,7,75,0,1,0,2,1,3,0,0,65,0,0,1,0,0
25,80,1,1,9,57,0,2,0,2,2,3,0,1,68,0,1,1,1,0
8,73,0,1,6,65,2,1,0,1,1,4,1,1,61,1,1,1,1,0
22,65,0,0,10,81,1,1,0,1,1,3,2,0,63,1,0,1,1,0
27,75,1,1,7,51,2,1,1,0,0,2,2,0,67,1,1,1,1,0
13,87,0,1,6,98,0,0,2,2,2,3,2,1,66,1,1,1,1,1
30,91,1,1,7,78,2,3,1,1,2,2,2,0,75,1,0,1,1,0
23,81,1,1,7,85,0,0,1,1,2,4,0,0,68,1,1,1,0,0
16,84,0,1,7,75,2,2,1,1,0,3,0,0,65,0,1,1,0,0
20,68,0,1,6,98,2,0,0,2,0,4,0,0,64,0,1,1,0,0
23,71,2,1,4,79,1,2,0,1,2,3,0,0,67,1,1,0,1,0
20,66,0,1,6,83,1,2,0,1,1,3,1,0,64,1,0,1,1,0
23,70,1,2,9,93,1,0,0,2,1,2,2,1,67,0,1,1,1,1
14,69,1,2,6,93,0,2,0,1,1,0,0,0,63,1,0,0,1,0
21,81,2,1,4,51,1,0,1,1,2,2,1,1,67,0,0,1,1,0
12,83,2,0,5,64,1,1,2,1,0,2,2,0,65,0,0,1,1,0
19,98,2,0,7,62,2,1,0,2,1,2,0,0,70,0,1,1,1,0
15,68,1,1,6,50,2,2,2,0,1,3,0,1,62,1,1,1,1,0
16,86,2,1,7,94,1,2,0,2,1,3,0,1,69,0,1,1,1,0
27,93,1,0,6,66,1,2,1,1,0,3,1,1,70,0,1,1,1,0
27,82,1,1,9,67,0,1,0,2,1,2,0,1,68,1,0,1,1,0
24,70,1,2,8,55,1,4,0,2,2,4,2,1,68,0,1,1,0,0
13,71,1,1,10,99,1,0,0,1,1,3,2,0,64,1,1,1,1,0
18,62,0,2,6,91,2,4,0,1,1,1,0,1,63,1,0,0,1,0
27,72,0,0,7,79,1,2,2,2,2,2,2,1,68,0,1,1,1,0
21,90,2,0,9,89,0,1,0,0,1,2,0,2,67,0,1,1,1,0
34,62,2,0,8,89,0,3,0,1,1,4,1,1,68,0,0,1,0,0
22,69,1,2,6,83,1,1,0,1,2,2,1,1,66,0,1,1,1,0
21,88,1,1,8,59,0,2,1,1,0,1,2,0,67,1,0,0,1,0
18,91,2,1,8,86,2,1,1,1,1,4,0,1,69,1,1,1,0,1
21,78,2,1,4,78,1,2,2,1,0,3,0,2,68,1,0,1,1,0
19,88,1,2,6,86,1,4,1,1,2,3,1,1,70,1,1,1,0,1
24,76,1,1,7,77,1,3,1,1,0,4,2,1,68,0,0,1,0,0
26,66,0,1,9,98,1,2,0,1,1,2,1,0,66,1,1,1,1,0
15,76,1,2,8,81,1,2,0,1,1,4,2,1,67,0,0,1,1,0
12,83,1,1,6,79,1,1,2,0,1,4,0,1,65,0,1,1,0,0
9,98,1,1,6,92,1,0,1,1,1,5,0,1,67,1,1,1,0,0
23,63,1,1,8,69,2,2,1,0,0,4,0,0,63,1,1,1,0,1
13,80,0,2,4,66,2,2,0,1,0,2,0,1,64,0,1,1,1,0
7,73,2,1,6,75,1,3,0,1,1,3,1,0,64,0,1,1,1,0
22,80,0,0,9,79,2,0,1,1,1,3,1,1,66,0,0,1,0,0
35,61,1,2,7,61,0,2,1,1,2,4,0,0,68,1,0,1,1,1
20,73,2,1,6,84,2,0,1,1,2,3,0,1,67,1,1,1,1,0
25,93,1,2,5,90,0,1,1,1,2,2,1,0,72,1,1,1,0,0
20,82,1,1,8,79,0,1,0,1,2,4,0,0,67,1,1,1,1,0
19,78,1,1,7,76,2,2,1,0,1,3,1,1,66,0,1,1,0,0
26,71,2,0,7,65,1,1,0,1,2,3,1,0,66,0,1,1,0,0
18,72,2,2,8,95,1,1,1,1,0,4,0,1,67,1,1,1,1,0
22,75,1,1,7,88,0,0,0,1,1,3,2,2,65,1,0,1,0,0
22,93,2,1,7,74,0,2,1,2,0,3,1,2,70,1,1,1,0,0
16,99,0,1,5,83,0,0,0,2,1,4,2,0,69,0,0,1,1,0
26,78,2,2,5,67,0,1,2,2,0,3,0,1,69,1,0,1,1,0
19,76,2,1,8,53,1,1,1,1,0,4,1,0,66,0,1,1,1,0
15,94,1,0,8,60,1,2,1,1,1,4,0,2,66,1,1,1,0,0
23,77,2,2,8,54,1,1,0,1,0,3,1,1,67,0,1,1,1,0
15,82,1,2,6,75,1,1,1,0,2,3,0,0,67,1,1,1,1,0
20,69,1,1,8,81,2,2,1,1,2,4,0,0,67,1,1,1,1,0
20,90,2,2,6,69,1,2,2,2,1,3,0,0,72,0,1,1,1,0
27,81,1,0,9,77,0,1,1,2,1,4,1,1,68,0,1,1,1,0
23,92,1,0,6,54,2,3,1,1,2,2,2,0,70,1,1,1,1,1
20,91,1,1,6,88,1,1,0,1,2,4,0,1,69,1,1,1,1,0
25,69,2,0,7,52,2,1,0,1,2,4,0,1,65,1,1,1,1,0
28,89,2,2,8,82,1,0,1,1,0,3,2,2,72,1,1,1,0,0
23,92,1,2,7,72,1,0,0,1,1,4,1,2,69,0,1,1,0,0
20,74,1,1,7,59,0,5,2,1,2,4,0,0,68,0,1,1,1,0
12,67,2,2,6,76,2,1,0,1,0,2,0,1,62,1,1,1,0,0
14,60,1,0,7,89,0,2,1,1,1,3,0,1,60,1,1,1,1,0
18,78,2,1,7,71,0,3,1,1,1,4,0,1,67,1,1,1,1,0
16,74,2,2,6,68,0,2,1,1,1,4,1,0,67,1,1,1,1,0
19,82,1,2,7,57,1,1,1,1,1,3,0,0,67,1,1,1,1,0
20,68,1,1,7,80,0,0,0,1,1,4,0,0,63,0,0,1,1,0
23,94,1,0,10,91,2,1,1,1,1,3,0,0,71,1,1,1,1,0
20,70,1,1,6,78,2,0,1,1,2,2,1,0,66,0,0,1,1,0
23,69,1,1,6,58,2,0,1,1,1,1,2,0,65,0,1,1,1,0
20,79,2,1,7,83,2,2,1,1,2,2,0,1,69,0,1,1,1,0
8,80,2,0,6,52,2,2,1,1,2,1,0,0,63,0,1,1,0,0
14,69,1,1,5,92,2,3,0,0,0,2,2,1,64,0,1,1,1,0
19,71,2,2,5,96,2,2,0,1,1,0,1,0,67,0,0,1,0,1
13,67,1,1,6,80,2,1,0,2,0,2,0,1,62,1,1,1,1,0
24,89,1,0,6,94,0,2,1,1,1,2,0,2,68,1,1,1,1,0
29,91,1,2,5,54,0,2,0,1,1,3,2,1,71,1,1,1,0,0
27,78,2,1,7,61,1,1,0,1,0,3,0,1,66,0,1,0,0,0
19,89,1,2,4,66,0,1,0,1,2,1,2,0,69,0,1,1,1,0
29,89,1,0,8,89,0,1,1,2,1,4,0,1,71,1,0,1,1,0
21,66,1,1,6,74,1,2,1,2,1,4,0,0,66,0,0,1,1,0
18,99,1,1,6,67,1,5,0,1,2,3,2,0,72,0,1,1,0,0
16,93,1,1,8,58,1,1,2,2,2,4,1,0,70,0,1,1,1,0
18,68,0,1,8,91,2,1,0,2,1,3,2,0,65,0,0,1,0,0
18,67,2,1,6,51,1,0,1,2,2,2,1,0,64,0,1,1,0,0
21,65,1,1,8,67,1,1,0,1,2,2,1,1,63,1,1,1,1,0
21,66,1,1,9,62,0,3,1,1,2,2,0,0,63,1,0,0,0,0
20,90,0,1,5,56,1,3,1,1,2,2,0,1,66,1,1,0,0,0
23,79,2,2,8,59,0,1,0,2,0,4,1,1,68,1,1,1,1,0
27,91,1,2,5,75,0,1,2,2,1,4,1,0,74,1,1,1,1,0
26,90,2,2,9,71,0,0,2,0,0,2,1,0,71,0,0,1,0,0
11,84,2,1,6,76,2,3,0,2,0,3,0,1,67,0,1,1,1,0
5,87,2,0,6,86,1,2,1,2,2,3,2,0,66,0,1,1,0,0
26,61,2,1,9,95,1,0,1,1,0,6,1,0,67,1,0,1,1,0
12,72,0,2,8,56,2,3,0,1,2,1,0,1,62,1,1,1,1,1
19,86,1,0,6,54,0,1,2,2,2,5,2,0,68,1,0,1,0,0
13,60,1,1,7,66,1,2,0,1,2,3,2,0,62,1,1,1,1,0
9,61,2,1,6,77,0,1,2,1,1,2,0,0,82,1,0,0,1,0
23,94,2,1,5,55,2,2,1,1,2,2,0,0,70,1,1,1,0,1
25,87,2,1,7,86,1,4,1,0,0,2,1,0,72,1,0,1,0,0
17,71,0,2,6,78,0,0,1,1,2,4,1,0,64,0,1,1,1,0
4,88,1,2,6,87,0,1,1,2,1,4,1,0,66,1,1,1,0,0
17,92,1,1,9,68,2,0,1,0,2,3,1,0,68,0,0,1,1,0
22,72,0,1,6,70,0,1,2,1,1,3,2,2,64,1,1,1,0,0
11,61,0,1,7,90,2,0,1,2,1,3,0,0,61,0,1,1,1,0
21,97,1,1,9,63,1,0,1,1,2,1,0,1,69,1,1,1,1,0
20,74,2,2,7,69,0,2,2,2,1,2,1,0,68,1,0,1,0,0
23,64,1,1,6,51,1,1,1,1,2,5,1,0,64,1,1,1,0,0
21,80,1,2,7,78,1,1,0,2,0,4,0,1,67,0,0,1,0,0
14,91,1,1,8,93,1,0,1,1,1,3,0,1,67,1,1,1,1,0
27,69,1,1,8,51,1,1,2,1,0,2,0,0,65,1,1,1,0,0
19,71,2,1,10,81,1,2,1,2,2,3,0,0,68,0,1,1,1,0
20,70,1,2,6,92,1,2,1,0,2,3,0,0,67,1,1,1,1,0
14,100,0,1,7,75,0,1,0,1,2,3,2,1,67,1,1,1,0,0
17,68,1,2,5,66,1,1,2,1,0,4,0,0,64,1,1,1,1,0
15,83,2,2,8,100,1,0,1,1,2,3,1,0,70,0,1,1,1,0
19,97,1,2,7,53,1,2,0,0,1,3,1,1,69,1,0,1,0,0
30,66,1,2,7,61,0,0,2,2,2,2,0,2,66,1,0,1,0,0
12,99,0,1,6,94,1,2,1,1,1,3,2,1,69,1,1,1,0,0
10,98,0,1,6,65,1,1,0,2,2,2,0,0,66,1,0,1,1,0
29,95,2,1,7,91,0,1,0,1,1,3,0,1,73,0,1,1,1,0
19,69,1,1,6,67,1,4,2,2,2,4,2,1,66,1,0,0,1,0
16,85,1,2,7,91,2,0,1,1,1,2,2,1,69,1,1,1,1,0
26,90,1,0,7,84,0,1,1,1,2,3,0,1,70,1,1,1,1,0
16,99,2,1,5,73,2,1,1,1,2,5,1,2,71,1,0,1,1,1
31,67,0,2,5,76,1,2,1,2,2,4,1,0,70,1,1,1,1,0
24,91,2,0,6,59,1,0,0,1,1,4,0,0,69,1,0,1,1,0
17,74,1,1,9,56,1,1,1,2,0,3,0,1,63,1,0,1,0,0
33,67,2,1,6,86,1,4,1,2,2,3,0,0,71,0,1,1,1,1
16,77,2,2,7,92,0,2,1,1,0,2,1,0,67,1,1,1,0,0
24,92,1,1,5,86,2,3,1,2,1,2,0,0,73,0,1,1,1,0
22,79,0,2,6,96,1,1,2,1,1,2,1,1,68,1,1,1,1,0
28,82,0,1,5,95,1,0,2,0,1,3,0,0,69,1,1,1,1,0
29,100,2,2,8,89,1,2,1,1,1,3,0,1,76,0,0,1,1,0
20,76,0,1,5,95,1,4,0,2,2,3,0,0,68,1,1,1,1,0
15,85,1,1,8,58,2,1,0,1,0,3,1,0,65,1,0,1,0,0
23,75,1,1,8,87,0,0,2,0,2,1,0,0,66,0,1,1,1,0
16,76,1,0,7,88,2,0,0,1,2,2,2,0,65,1,1,1,0,0
32,88,0,1,8,58,0,3,0,2,0,3,0,1,69,1,0,1,0,0
21,98,2,1,10,95,1,0,1,1,1,1,0,0,71,1,1,1,1,0
18,82,2,0,8,50,1,1,2,1,2,3,0,1,66,1,1,1,1,0
21,91,1,2,5,72,1,3,0,1,0,3,0,0,69,0,1,1,0,1
12,64,1,1,9,51,0,2,0,1,1,4,1,0,59,1,1,0,0,0
14,68,1,2,7,76,1,2,2,1,2,3,0,0,65,1,1,1,0,0
27,80,2,2,10,71,2,4,0,0,1,2,1,0,72,1,1,1,0,0
16,61,1,0,6,81,1,0,1,1,0,2,1,0,60,1,1,1,1,0
14,70,1,1,9,88,0,0,2,1,2,4,1,1,64,0,0,1,1,0
23,81,1,1,7,88,0,1,0,1,2,4,2,0,69,1,1,1,0,0
27,61,2,2,10,86,1,3,1,2,2,3,0,0,70,0,0,1,1,0
24,71,1,2,7,55,0,2,2,1,2,3,1,2,67,1,1,1,1,0
26,81,1,1,10,71,0,0,1,1,2,5,0,0,67,0,0,1,0,1
15,83,1,0,8,91,1,0,0,1,1,3,1,2,64,1,0,1,1,0
11,97,1,1,8,83,0,4,1,2,0,2,0,2,68,1,0,1,1,0
29,86,1,2,10,84,0,1,0,2,2,4,0,0,72,0,0,1,0,0
18,77,1,2,6,61,1,1,0,1,1,3,0,0,65,0,0,1,1,0
18,97,1,2,8,66,0,2,1,1,1,2,1,1,70,1,1,1,0,0
28,91,2,1,7,98,0,2,0,1,2,5,2,0,75,1,0,1,0,0
23,68,0,0,7,92,1,3,0,2,1,4,0,0,65,1,0,0,1,0
23,65,1,2,7,58,0,1,0,1,1,3,1,1,63,0,1,1,1,1
33,87,1,2,8,77,0,0,0,1,2,3,0,0,71,1,0,1,0,1
16,82,1,0,8,75,1,2,1,1,2,2,1,0,66,0,1,1,1,0
26,92,1,0,6,72,1,1,0,1,1,3,0,1,69,0,0,1,1,0
20,90,2,1,7,74,0,0,2,0,2,3,2,1,68,0,0,0,0,0
22,85,1,2,4,82,1,1,1,2,2,2,2,0,71,1,1,1,0,0
29,99,2,1,8,98,2,5,0,0,1,2,2,0,77,1,1,0,1,0
23,81,2,0,10,94,2,1,1,2,1,2,1,0,70,0,1,1,1,0
23,65,1,1,7,94,1,1,2,1,0,3,1,0,66,0,1,1,0,0
26,93,2,1,5,85,0,1,2,2,2,3,1,1,73,0,1,1,0,0
18,70,1,1,8,51,1,1,0,1,0,3,1,1,62,1,0,1,1,0
15,91,1,1,6,72,0,0,1,1,1,2,0,1,65,0,1,1,0,0
14,98,2,2,7,76,1,0,0,1,1,2,2,0,71,1,1,1,1,0
8,88,1,1,8,92,2,1,0,1,0,4,1,0,66,1,1,1,1,0
32,84,0,1,8,96,1,1,0,1,2,3,0,0,72,0,1,1,1,0
13,78,1,1,9,73,1,0,1,2,0,4,0,0,64,1,0,1,1,0
19,75,1,1,7,65,0,0,0,0,1,4,0,0,63,0,0,1,0,0
18,74,0,1,7,67,0,0,0,1,2,3,0,0,63,1,1,1,1,0
22,85,2,1,8,79,2,5,1,2,1,2,0,0,72,0,1,1,0,0
25,90,1,1,7,64,1,2,1,2,2,2,0,1,71,1,1,1,1,0
25,87,2,2,6,96,0,3,1,1,2,2,0,1,72,0,1,0,1,0
17,68,1,2,8,71,1,1,1,2,1,2,0,0,65,1,0,1,1,0
19,80,1,1,5,100,1,0,1,1,1,3,0,0,67,0,1,1,1,0
22,92,0,2,7,55,0,1,0,1,2,4,0,1,68,0,1,1,1,0
19,79,1,2,5,59,1,2,0,1,1,2,2,2,66,1,0,1,1,0
30,81,1,2,6,76,1,0,2,1,2,3,2,0,72,1,1,1,0,0
23,91,2,1,6,93,1,3,0,0,1,3,0,1,71,0,1,1,0,0
24,86,1,2,6,68,0,3,0,2,2,3,1,1,70,0,1,1,0,1
24,76,1,1,9,92,1,1,1,0,1,3,2,0,68,0,1,1,0,0
27,96,1,2,9,71,0,0,0,1,2,4,1,0,72,0,0,1,0,0
21,67,0,1,9,93,2,1,0,2,1,3,1,0,66,1,1,1,1,0
12,100,1,1,7,64,1,1,1,2,2,6,0,0,69,1,1,1,0,0
22,65,0,1,6,74,2,2,1,1,2,1,1,0,65,1,1,1,1,0
16,61,2,2,8,64,1,1,0,2,2,3,0,2,62,1,1,1,0,0
17,96,2,2,7,61,0,1,0,2,2,1,1,1,69,0,1,1,0,0
24,70,1,1,7,71,1,1,1,0,0,4,0,0,65,1,1,1,1,0
27,89,1,0,4,67,1,2,0,0,1,4,1,0,69,0,0,1,0,0
20,92,0,2,8,89,1,1,0,1,1,3,0,1,69,0,1,1,1,0
22,94,2,1,8,87,1,2,0,1,1,5,1,0,73,0,0,1,1,0
30,100,2,1,7,68,0,2,1,1,1,2,2,0,75,0,0,1,1,0
21,72,2,2,8,100,1,3,0,2,2,3,1,2,70,1,0,1,1,0
36,88,1,2,8,99,2,0,0,1,0,3,1,0,74,0,0,1,0,0
23,65,1,1,6,96,1,0,0,0,2,3,0,0,65,1,1,1,1,0
9,76,1,1,7,79,1,1,1,1,0,3,1,0,63,1,1,1,0,0
25,94,2,2,5,71,0,4,1,2,0,4,1,0,74,0,1,1,0,0
22,75,2,2,9,66,0,0,0,1,1,2,2,0,67,1,0,1,1,0
28,84,1,1,8,51,1,3,1,1,2,4,2,0,71,0,1,0,1,0
24,80,2,0,6,82,1,1,0,2,1,3,1,1,68,0,1,1,1,0
19,86,2,1,8,78,1,2,1,1,0,4,1,0,69,0,1,1,0,0
13,99,1,2,7,81,1,0,1,1,2,4,2,0,71,1,1,1,0,0
19,62,2,1,6,79,0,7,1,1,1,2,0,0,66,0,1,1,1,0
15,83,1,1,7,57,0,0,1,1,2,3,2,0,65,1,0,1,1,0
17,95,1,0,8,85,0,1,0,2,0,2,1,1,66,0,0,0,1,0
24,79,0,0,8,68,2,2,0,1,0,2,0,0,65,1,0,1,1,0
30,63,1,1,10,76,1,1,1,1,1,4,2,1,67,0,1,1,0,0
22,82,2,1,7,68,2,2,0,1,1,4,2,0,70,1,0,1,0,0
13,73,1,1,7,51,1,1,0,1,2,4,2,0,63,1,1,1,1,0
23,66,0,0,8,94,0,1,1,2,1,3,2,1,64,1,0,1,0,0
27,94,1,1,7,57,1,1,1,1,1,1,0,0,71,1,0,1,1,0
16,81,1,2,6,79,1,2,0,2,2,3,1,1,68,0,1,1,1,0
19,97,1,0,6,94,1,2,2,1,1,4,2,0,72,1,1,1,0,0
20,92,1,2,4,61,1,2,2,1,1,4,1,0,71,1,1,1,1,0
15,88,0,0,8,71,1,1,0,0,2,2,2,1,64,1,0,0,1,0
24,60,2,0,5,69,1,1,1,2,1,5,0,1,64,1,1,1,1,0
19,77,2,1,6,54,0,3,2,1,0,2,1,1,66,1,0,1,1,0
23,68,1,2,7,71,2,3,1,1,2,3,0,1,68,0,1,1,1,0
15,96,2,1,7,74,1,2,0,0,2,2,0,2,68,1,0,1,0,0
17,67,2,1,10,51,1,3,0,1,2,5,0,0,65,1,1,1,1,0
24,71,1,1,5,74,1,1,1,1,2,3,0,0,67,1,0,1,1,0
18,81,1,0,10,55,0,3,0,1,0,2,0,0,64,1,1,1,1,0
30,71,2,1,9,95,2,1,1,1,1,4,1,0,70,1,1,0,1,0
18,68,1,2,8,83,0,1,0,1,2,2,1,0,65,1,1,1,1,0
21,84,1,0,9,53,0,2,1,2,0,3,0,1,65,0,1,1,0,0
26,64,2,1,8,91,2,1,1,1,2,4,0,0,68,1,1,1,0,0
11,62,1,2,4,68,1,2,2,1,0,3,0,1,61,1,1,1,1,0
9,75,2,0,8,61,2,3,1,1,1,3,0,0,63,1,1,1,0,0
11,89,1,1,5,63,1,0,1,1,1,2,1,0,65,0,1,1,1,0
28,82,1,1,6,80,1,1,0,1,1,5,0,2,69,0,0,1,1,0
17,77,1,1,7,54,0,1,0,2,2,2,1,0,64,1,1,1,0,0
35,83,1,0,6,53,1,1,0,1,1,2,0,0,69,0,0,1,0,0
17,75,2,1,8,81,0,3,2,1,1,3,2,0,67,1,1,1,1,1
21,97,1,2,7,99,2,1,1,2,1,1,2,1,74,1,1,1,1,0
29,62,2,1,8,74,1,1,0,1,0,3,1,0,66,1,0,1,1,1
32,87,1,2,7,71,1,0,2,0,1,4,1,0,72,1,1,1,1,1
32,96,1,0,7,97,0,1,0,1,1,5,1,1,73,1,1,1,1,0
27,92,2,1,6,62,2,0,1,2,2,4,1,0,73,1,1,1,0,0
26,67,0,1,5,62,2,0,1,1,0,2,0,1,63,1,1,1,1,0
24,72,2,1,7,95,1,3,0,1,0,2,2,0,69,1,1,1,1,0
25,89,0,0,6,82,2,2,0,1,1,6,2,0,71,1,1,1,1,0
17,63,2,1,9,53,2,1,0,2,1,4,1,1,63,1,1,1,0,0
15,92,1,2,5,84,1,0,2,0,2,5,0,1,69,0,1,1,1,0
20,89,2,2,10,91,0,3,1,1,1,3,1,1,72,1,0,1,1,0
19,89,2,0,7,64,1,2,0,1,2,4,2,1,68,0,1,1,1,1
17,64,0,2,7,69,1,1,1,1,0,3,0,0,62,0,1,1,0,0
24,89,0,2,6,60,1,1,0,1,1,2,0,0,68,1,0,1,1,0
26,87,1,1,8,82,2,1,0,1,0,2,2,0,71,1,1,1,1,0
21,93,1,0,7,83,0,1,2,2,1,3,0,1,67,1,1,0,1,1
29,62,0,2,7,53,2,0,0,1,2,3,1,1,65,0,0,1,1,0
13,61,0,1,8,84,2,1,1,2,1,3,2,2,60,1,1,0,1,1
19,75,1,2,8,83,2,2,2,1,1,2,0,0,68,1,1,1,1,0
16,66,0,1,9,52,1,1,1,0,0,3,0,0,59,1,1,1,1,1
9,82,2,1,8,78,1,0,2,1,1,0,0,1,64,0,1,1,0,0
20,97,2,1,6,81,2,2,0,0,1,3,0,1,71,1,1,1,1,0
19,76,2,2,4,72,0,2,2,1,1,2,1,1,68,0,1,1,0,0
29,94,0,1,7,95,1,2,0,1,1,3,1,1,70,1,1,0,1,1
24,60,0,0,7,66,1,1,1,2,1,4,1,0,62,0,1,1,0,0
14,67,1,1,10,53,1,2,2,1,1,3,1,0,62,1,1,1,0,0
31,61,2,1,7,84,1,2,1,1,1,3,0,0,68,1,0,1,0,0
27,73,1,1,8,80,0,3,1,1,0,3,0,0,68,0,0,1,0,0
23,96,1,1,8,99,2,3,0,0,2,4,0,0,74,0,1,1,1,0
19,64,0,1,8,62,1,0,2,1,2,4,1,0,61,1,1,1,0,1
14,84,1,1,8,70,1,1,0,2,1,5,1,0,67,1,1,1,1,0
18,78,1,0,6,73,1,1,2,2,2,2,0,1,65,0,1,1,0,0
27,98,0,1,6,93,0,5,2,2,2,3,0,1,101,0,1,0,1,0
31,65,1,0,7,71,1,1,0,1,1,4,0,1,65,1,1,1,1,0
29,68,1,1,4,89,1,0,1,1,1,4,1,0,67,1,0,1,0,1
17,61,1,2,7,58,0,2,0,1,2,3,0,0,61,0,1,1,1,1
13,77,1,1,6,70,1,3,1,2,1,4,0,0,64,1,1,1,0,1
21,71,2,0,7,58,2,1,1,2,2,3,1,2,64,0,1,1,0,1
9,95,1,1,7,97,1,1,0,0,1,2,1,0,67,1,1,1,1,0
22,84,1,1,5,59,1,0,2,2,2,3,1,0,69,0,0,1,1,0
19,85,2,1,9,71,0,1,1,2,2,2,2,1,69,0,1,1,1,0
17,81,2,1,7,54,1,4,0,1,2,3,0,0,67,0,1,1,0,0
10,64,1,2,8,96,1,1,1,1,1,3,0,1,62,1,1,1,0,0
23,78,0,2,7,81,1,0,0,1,1,1,0,0,66,1,0,1,0,0
17,100,2,1,8,98,0,0,1,2,2,4,1,0,72,1,1,1,0,0
13,93,1,1,5,52,0,2,1,1,2,3,1,0,67,0,1,1,1,0
3,96,2,2,9,59,1,2,0,1,0,3,1,1,66,0,1,1,1,0
20,93,0,0,8,69,1,2,0,1,1,4,0,1,67,1,1,1,1,0
31,64,2,0,7,81,0,1,1,1,2,4,0,0,67,0,1,1,1,0
30,69,1,1,7,66,1,0,1,0,2,4,2,0,68,0,1,1,1,0
17,60,2,1,9,86,1,0,0,2,2,2,0,0,63,1,1,1,1,0
16,72,1,2,6,58,0,1,1,1,0,2,0,2,62,1,1,1,0,0
23,64,2,1,5,80,0,3,1,2,0,2,1,1,65,0,1,1,1,1
14,79,1,1,6,70,1,1,0,1,2,6,1,1,65,1,1,1,1,0
22,87,1,2,7,75,1,0,1,2,2,2,1,0,70,0,1,1,1,1
25,95,0,1,7,78,1,7,0,1,2,4,0,0,73,1,1,1,0,0
27,90,2,1,9,53,1,1,1,2,2,2,2,0,73,0,1,1,1,0
19,98,1,0,6,96,1,2,0,1,0,2,0,1,68,1,0,0,1,0
19,62,1,0,6,89,2,3,1,1,2,1,0,1,63,1,1,1,0,0
15,60,1,0,5,72,2,2,2,2,2,2,0,0,62,1,1,1,1,0
15,86,2,1,8,77,1,0,1,1,2,3,2,0,69,1,1,1,1,0
19,72,1,2,5,52,1,2,1,1,1,3,2,0,66,1,1,1,0,0
22,70,1,2,8,75,2,0,1,1,2,3,2,0,68,1,0,1,1,0
25,73,2,1,6,71,0,0,0,1,2,3,1,2,67,0,0,1,1,0
15,71,2,2,6,69,0,2,0,2,0,4,1,0,65,0,0,1,1,0
29,80,0,1,10,91,2,1,2,1,2,3,1,1,70,1,1,0,1,0
18,78,0,1,9,59,2,0,2,2,2,1,0,1,64,0,0,0,1,0
20,80,0,0,7,59,2,2,1,2,1,3,0,1,65,1,0,1,1,0
16,87,1,1,5,76,2,1,0,2,1,2,2,2,67,0,0,1,0,0
5,75,1,0,10,84,1,0,2,1,1,4,2,1,62,0,0,1,1,0
25,70,1,1,7,51,2,3,0,1,2,4,0,1,66,1,1,1,1,0
24,67,2,2,7,77,0,0,2,1,2,2,1,0,68,0,1,1,1,0
18,74,1,0,8,65,2,0,1,2,2,4,1,1,64,0,1,1,0,0
20,90,2,0,4,88,1,3,0,1,0,3,0,1,69,1,1,1,0,0
23,90,1,1,6,73,0,1,2,1,2,2,0,0,69,0,0,0,1,0
11,87,1,1,7,92,1,1,1,1,2,5,0,1,67,0,1,1,1,0
17,69,1,1,7,70,0,0,0,2,1,3,1,1,61,1,1,1,1,1
25,84,2,1,5,91,0,1,1,1,2,4,2,1,70,0,1,1,1,1
12,83,0,1,7,86,0,1,2,1,0,4,1,0,65,0,1,1,1,0
22,79,1,1,7,91,0,0,0,1,2,4,1,1,66,1,1,1,1,1
12,82,0,1,10,91,1,3,0,1,0,3,2,0,66,1,1,1,1,0
23,80,1,2,9,74,1,4,1,1,0,3,0,1,69,1,1,1,1,0
20,83,1,1,7,68,2,1,1,1,2,1,0,0,67,0,1,1,1,0
10,89,2,2,7,88,1,2,2,1,2,2,2,0,71,0,0,1,1,0
27,64,2,2,9,68,2,1,0,2,1,4,0,0,68,1,0,1,1,0
16,90,1,1,7,54,2,2,1,1,2,3,0,0,67,0,1,0,0,0
15,65,2,1,5,93,0,2,0,1,1,4,0,0,63,0,1,1,0,1
21,63,1,1,10,70,0,1,2,2,2,2,1,0,64,0,0,1,0,0
27,99,2,1,6,57,1,3,0,1,1,3,1,1,73,1,1,1,1,0
14,98,1,1,10,82,2,1,0,1,2,3,0,1,69,1,0,1,1,0
20,62,2,0,8,94,2,1,1,1,2,3,0,0,65,0,1,1,0,0
23,78,2,0,6,93,1,0,1,2,2,5,2,0,70,1,0,1,1,0
24,67,2,1,4,78,0,1,0,2,2,2,0,0,67,0,1,1,1,0
21,79,1,0,8,54,2,3,0,1,2,3,2,1,67,0,1,1,1,0
18,93,1,2,5,85,1,0,0,1,2,3,0,0,70,1,1,1,1,0
15,98,2,0,8,80,0,2,2,2,0,2,2,0,69,0,1,0,0,0
21,85,2,1,10,61,2,2,1,1,1,2,0,0,68,1,1,1,0,1
14,74,1,2,5,95,2,1,0,2,2,3,1,0,66,1,1,1,0,1
2,84,0,2,8,54,0,3,0,0,2,4,0,0,62,1,1,1,0,0
23,72,1,1,6,69,0,2,2,1,2,4,0,0,67,1,1,1,1,0
25,96,1,0,9,55,2,2,1,2,1,4,0,1,71,1,1,1,1,0
6,95,2,1,7,96,1,4,0,1,1,2,0,1,68,0,1,1,1,0
14,82,2,1,7,52,2,3,0,1,0,2,0,0,66,0,1,1,1,0
24,73,0,1,9,71,2,0,0,1,1,3,0,1,64,1,1,1,1,0
32,72,2,1,8,93,0,1,0,1,1,4,2,0,71,0,0,1,1,0
20,61,0,0,6,63,1,1,1,2,2,4,1,2,61,1,1,1,1,0
16,93,1,2,10,55,1,2,0,1,1,2,1,0,67,1,1,0,0,0
19,78,1,0,5,56,0,3,2,1,1,4,1,1,65,0,1,1,1,0
28,73,2,1,7,70,0,0,0,1,0,6,1,1,66,0,0,0,1,0
16,79,2,2,6,71,1,2,0,2,1,4,0,0,68,0,1,1,1,0
15,93,1,1,5,86,1,0,0,1,1,2,1,2,66,1,1,1,0,0
17,65,1,1,5,62,1,2,1,1,2,4,0,0,63,0,1,1,0,0
14,94,0,0,7,85,0,1,2,1,1,3,0,1,66,0,1,1,1,0
21,96,1,2,8,100,1,1,2,1,2,2,1,0,73,0,0,1,0,0
30,98,1,0,9,93,1,1,0,0,2,3,0,0,88,1,0,1,1,0
22,76,1,1,9,82,2,0,1,2,1,4,0,0,67,1,0,1,0,0
18,69,2,2,7,97,1,2,1,1,2,2,1,0,69,0,1,1,1,0
18,75,1,0,6,100,2,2,0,1,2,3,0,0,67,0,1,1,1,0
11,73,1,2,9,79,1,1,0,2,1,2,0,0,64,1,1,1,1,0
25,67,1,2,6,64,1,0,0,1,1,2,0,1,64,1,1,0,1,0
20,84,0,1,5,96,0,1,0,1,0,2,0,0,65,1,1,1,0,0
19,79,1,1,8,92,2,1,1,2,2,2,0,0,68,1,1,1,0,0
39,95,1,2,9,54,2,2,1,1,2,3,0,1,77,1,0,1,1,0
22,61,1,1,6,97,2,0,0,2,0,2,0,0,63,1,1,1,1,1
15,86,2,2,10,68,1,0,2,1,1,5,1,0,69,1,1,1,1,0
17,91,1,1,8,66,1,3,1,0,2,2,1,0,69,1,1,1,1,0
27,90,1,0,8,67,1,2,1,1,0,3,2,0,70,1,1,1,0,0
21,95,2,1,6,66,2,1,1,2,2,4,1,0,73,1,1,1,1,0
11,89,1,0,9,76,1,1,1,2,1,3,2,2,66,1,1,1,1,0
26,97,1,0,5,79,2,2,0,0,2,3,0,0,71,0,0,1,0,0
16,73,1,0,6,71,1,2,2,2,2,5,1,0,66,1,1,1,1,0
31,80,1,1,6,71,2,2,0,2,1,3,0,0,71,0,1,1,1,0
26,61,1,0,5,87,1,3,2,2,2,2,0,0,66,1,1,1,1,1
17,60,1,2,8,50,2,0,0,2,2,4,0,0,63,0,1,1,1,0
28,70,2,2,8,97,1,5,0,0,0,5,0,0,70,1,1,1,1,1
20,64,2,1,8,86,1,1,1,1,1,2,2,0,66,1,1,1,1,0
25,70,1,1,7,85,1,1,1,1,0,4,0,0,66,1,1,1,0,0
23,67,1,1,8,71,2,2,1,1,1,4,1,1,66,0,1,1,0,0
15,61,1,1,7,98,1,1,1,1,1,3,0,0,62,1,1,1,0,0
16,96,1,1,6,50,2,1,1,2,2,3,1,0,69,1,1,1,0,0
26,60,0,2,6,54,0,1,0,1,2,1,2,1,63,1,0,1,1,0
18,89,1,0,4,90,0,1,2,1,2,2,2,0,68,0,1,1,1,1
18,66,1,2,9,87,1,1,1,0,2,3,0,1,64,1,0,1,0,0
14,96,0,2,9,64,2,2,0,2,1,3,2,1,69,1,1,1,1,0
23,96,0,1,10,80,0,3,0,2,2,3,0,0,71,1,1,1,1,0
32,86,1,1,6,77,1,2,1,0,0,4,0,0,71,1,0,0,1,0
14,87,1,1,6,76,1,1,0,1,2,4,1,2,66,0,0,1,0,0
20,60,1,1,4,80,0,2,2,1,2,3,1,1,63,1,0,1,1,1
28,99,0,1,8,100,0,0,1,1,2,2,0,2,72,1,1,1,1,0
20,95,1,1,8,99,0,1,0,1,1,3,1,0,70,0,0,0,1,0
23,96,1,0,9,99,1,0,2,1,1,2,1,0,71,0,0,1,0,0
14,86,0,0,6,77,1,3,2,1,1,3,0,2,65,1,0,1,1,0
23,74,1,0,8,66,0,0,2,1,0,4,2,0,65,0,1,1,1,0
19,96,0,1,6,78,2,1,0,0,2,2,0,2,67,1,1,1,0,0
26,72,2,1,9,81,2,0,1,2,1,3,0,0,68,1,1,1,0,0
27,83,1,1,8,66,1,3,1,1,2,4,1,2,70,0,1,1,1,0
36,64,1,1,5,82,1,2,1,2,2,2,0,0,70,0,0,1,1,0
23,97,0,2,7,81,0,2,1,2,1,3,0,0,72,1,1,1,1,0
22,66,1,2,4,95,1,1,0,0,1,5,1,1,65,1,1,1,0,0
21,69,1,1,5,62,2,2,0,1,2,3,0,0,65,1,1,1,1,0
18,82,2,1,5,85,2,3,1,2,1,4,2,0,71,1,0,1,1,0
22,91,2,2,6,73,0,3,2,1,2,4,2,0,74,1,1,1,1,0
18,85,0,1,7,56,0,0,0,1,2,4,0,1,64,1,0,1,0,0
21,69,1,1,7,66,2,1,1,1,1,4,0,2,64,0,0,1,0,0
28,60,1,2,7,53,0,3,0,1,1,3,0,0,65,0,0,1,1,0
14,90,0,1,7,66,1,1,1,1,1,5,1,0,67,1,1,1,1,0
27,99,2,1,7,53,0,2,0,2,1,3,1,0,73,1,1,1,0,0
28,92,0,2,5,96,2,1,1,0,1,3,1,1,72,1,1,1,0,0
19,78,1,1,7,55,0,0,1,1,2,3,1,0,65,1,1,1,0,0
7,96,1,2,9,91,1,0,0,1,1,4,1,0,67,1,1,1,0,0
16,76,1,1,7,95,0,2,1,1,0,3,0,0,66,0,1,1,1,0
28,81,2,1,8,73,0,0,1,2,0,3,2,0,70,1,1,1,1,0
20,79,2,1,8,53,1,2,1,1,1,3,0,1,66,0,0,1,0,0
14,78,2,2,8,80,0,1,1,1,1,1,0,0,66,0,1,1,1,0
17,91,1,0,7,62,0,3,2,1,0,3,2,0,68,1,1,1,1,0
25,81,0,1,8,59,0,3,0,1,2,4,1,0,68,1,1,1,1,0
23,73,2,2,8,78,0,0,2,1,1,4,0,1,67,0,1,1,0,0
19,70,2,1,8,68,2,1,0,1,2,3,1,0,65,0,1,0,1,0
18,62,1,0,8,87,1,4,0,1,2,4,1,0,64,0,1,1,1,0
18,83,2,1,5,80,2,1,2,2,2,2,1,0,70,1,1,1,0,0
14,69,0,1,5,91,1,0,2,1,2,3,1,1,63,1,1,1,0,0
30,66,1,2,6,53,0,2,0,1,2,2,0,0,65,1,1,0,0,0
18,86,0,1,9,62,1,4,1,1,0,2,2,0,67,0,1,1,1,1
27,87,1,1,7,78,0,3,0,1,0,5,0,0,71,0,0,1,1,0
29,90,2,1,7,94,1,1,0,0,1,4,0,0,73,0,0,1,1,0
26,80,1,1,4,91,0,1,0,1,1,3,0,2,67,1,0,1,0,0
17,96,2,1,7,84,1,2,0,2,2,3,1,0,72,0,0,1,1,0
22,97,1,1,7,79,2,2,1,2,2,0,0,2,71,1,1,1,0,0
20,92,1,2,4,82,2,0,1,1,1,4,2,0,72,1,1,1,1,0
15,85,2,2,7,61,1,1,1,2,0,3,0,0,68,1,1,1,1,0
22,72,0,0,5,80,1,2,0,2,1,3,1,0,65,0,1,1,1,0
13,99,2,1,6,75,0,1,1,1,2,4,1,2,68,0,1,1,0,1
27,71,1,0,8,69,1,1,2,1,2,4,1,0,67,1,1,1,0,0
17,68,1,1,7,94,2,1,2,1,1,4,1,1,66,0,0,1,0,0
21,78,1,0,6,91,1,0,1,0,1,1,0,0,64,1,0,1,1,1
22,62,2,1,6,54,1,3,0,1,1,3,2,0,65,1,0,1,0,0
18,99,1,1,6,99,1,0,0,1,1,3,0,1,69,1,1,1,0,0
24,84,1,1,7,61,1,2,1,1,2,2,0,2,68,1,1,1,1,0
17,82,2,2,5,61,1,3,1,1,1,4,2,0,69,1,1,1,0,0
25,86,1,1,9,97,0,1,2,1,1,3,0,1,70,1,0,1,1,0
12,80,2,1,5,72,1,1,2,1,2,4,0,0,65,0,0,1,0,1
21,61,1,1,4,90,0,2,1,0,1,3,0,0,63,1,1,1,0,0
32,84,0,1,8,64,1,1,0,2,2,3,1,0,71,0,0,1,1,0
14,89,1,2,6,94,0,0,0,1,1,2,2,0,68,1,0,1,1,0
16,77,1,1,7,92,2,5,0,2,2,3,2,0,70,0,1,1,1,0
23,90,1,2,8,76,2,2,1,0,2,3,0,0,72,0,1,1,1,0
21,69,1,1,6,85,1,3,0,0,1,1,1,2,64,0,1,1,1,0
22,69,0,1,7,98,0,0,0,1,2,2,2,1,64,1,1,1,0,0
23,66,1,0,8,73,2,2,2,1,2,2,1,0,66,0,1,1,1,0
24,75,1,2,9,75,2,0,1,2,2,3,1,2,69,1,1,1,1,0
27,94,1,0,6,86,1,2,1,1,1,2,0,0,71,0,0,1,0,0
22,93,1,2,6,69,2,0,2,0,0,3,0,0,69,1,1,1,1,1
19,75,2,1,8,98,0,1,0,1,1,3,2,1,67,1,1,1,0,0
24,84,0,1,7,52,1,0,0,2,1,3,0,0,66,1,1,1,1,0
31,89,1,1,7,70,1,2,0,2,2,2,0,1,71,0,1,1,0,0
19,70,1,0,9,86,0,2,2,1,1,2,0,0,63,1,1,1,1,1
14,67,1,0,4,71,1,0,2,1,1,4,1,0,62,0,1,1,0,0
27,99,1,2,5,63,1,0,1,2,1,4,0,0,73,0,1,1,0,0
19,85,2,1,4,71,0,1,1,2,0,3,0,2,66,0,1,1,0,0
7,99,2,1,9,94,1,3,2,2,2,2,2,1,72,1,1,1,1,0
25,74,2,0,8,77,0,1,0,1,1,2,2,1,67,0,1,1,1,0
17,88,0,0,5,67,1,0,1,2,1,3,2,0,65,1,1,0,0,0
19,69,1,1,7,84,1,2,1,1,1,4,0,0,66,1,1,1,1,0
22,70,2,1,7,81,0,3,1,1,1,2,2,1,68,0,1,1,1,0
21,80,1,2,4,78,1,1,1,2,1,4,0,0,69,0,0,1,1,0
24,73,2,1,7,70,1,0,2,1,0,3,2,0,68,0,1,1,1,0
17,67,1,2,5,54,1,0,0,1,0,2,0,1,61,1,1,1,1,0
23,71,2,0,8,81,1,3,1,2,2,2,0,0,68,1,0,1,1,0
18,61,2,0,5,71,0,3,2,2,1,3,1,0,64,1,0,1,1,0
24,88,1,0,7,71,0,1,0,2,1,3,1,1,67,1,1,0,1,0
24,80,0,2,9,62,2,3,2,0,1,3,0,1,68,1,1,1,1,0
14,64,1,2,8,62,0,1,1,2,2,4,0,1,61,1,1,1,0,1
27,67,2,0,8,89,0,1,0,0,2,3,2,0,66,0,1,1,0,0
17,64,2,0,7,74,0,2,1,0,2,2,2,0,64,0,1,1,1,0
25,85,0,1,5,55,0,3,2,1,0,3,0,1,67,0,1,1,0,0
22,64,1,2,6,52,0,2,2,1,0,4,1,1,64,0,0,1,0,0
31,90,2,2,7,61,0,0,0,1,2,3,0,0,72,1,1,1,0,0
19,61,1,1,7,74,0,2,2,1,0,3,2,2,62,1,1,1,0,0
18,70,2,1,5,81,0,2,0,1,0,2,0,2,63,0,0,1,1,0
20,96,2,2,8,57,0,1,0,1,1,4,0,0,70,1,0,1,0,0
18,89,2,1,5,72,0,3,1,1,2,3,1,1,69,1,1,1,0,0
25,63,0,1,9,54,1,3,1,0,2,2,0,0,64,1,1,1,1,0
10,93,0,1,7,52,1,2,1,1,2,3,2,0,66,1,1,1,0,0
14,80,0,1,8,93,1,3,0,2,2,4,0,0,67,0,0,1,1,0
14,94,2,2,8,83,1,4,1,0,0,5,2,0,71,0,1,1,1,1
26,84,1,2,10,89,1,0,0,2,2,1,0,2,70,0,0,1,1,0
30,87,0,1,7,59,1,2,1,1,1,3,0,1,69,1,1,1,0,0
19,100,1,0,6,66,2,0,0,1,1,3,0,1,68,1,1,1,0,0
19,69,1,2,6,72,1,1,0,1,1,1,1,0,64,0,1,0,1,0
20,85,2,1,9,83,0,3,1,1,2,3,1,0,70,1,1,1,1,1
27,78,2,0,5,77,1,0,1,0,1,3,2,0,69,1,0,1,1,0
14,62,1,1,6,78,1,0,2,1,2,2,1,0,63,0,1,1,1,0
21,61,0,1,7,58,1,1,1,0,0,3,0,0,60,0,1,1,0,0
26,65,2,0,7,74,1,2,0,1,0,4,0,0,65,0,1,1,0,0
23,86,1,1,8,91,1,0,0,1,0,0,0,0,67,1,1,1,0,0
21,83,1,0,5,75,0,1,1,1,0,4,1,0,66,1,1,1,0,0
26,82,0,2,7,60,1,3,0,1,1,3,2,0,68,0,1,0,0,0
4,61,0,2,7,71,2,0,0,0,2,1,2,0,58,1,1,1,1,0
24,79,0,2,5,88,1,0,1,1,1,3,0,1,67,0,1,1,1,0
16,97,1,1,8,57,0,0,1,1,2,4,0,0,68,1,1,1,1,1
9,76,1,1,7,79,1,1,0,1,1,3,0,0,62,0,1,1,1,0
23,85,0,2,7,98,2,2,0,1,0,3,2,1,69,0,1,0,0,0
28,91,1,2,6,69,2,1,1,2,1,4,0,2,73,1,0,1,1,0
19,91,2,0,6,52,1,2,0,1,0,4,0,1,66,1,1,1,0,1
26,81,0,1,5,82,1,0,1,1,0,5,2,0,67,0,1,1,1,1
30,94,1,1,8,52,1,1,1,0,1,4,0,0,71,0,1,1,0,0
28,76,1,1,9,60,1,1,0,1,1,2,0,2,66,1,1,1,1,0
30,96,2,1,10,52,1,0,2,2,2,4,1,1,74,0,1,1,1,0
24,70,1,2,8,59,0,2,0,2,2,5,0,0,67,1,1,1,0,0
20,71,2,1,6,93,2,2,1,2,0,2,2,0,68,1,1,1,0,0
10,62,1,1,6,87,2,2,0,2,1,3,0,0,61,1,1,1,0,0
19,92,1,2,8,67,1,2,1,1,0,2,0,0,69,0,0,1,0,0
15,77,0,1,7,95,0,4,0,1,2,4,0,1,65,1,1,1,1,0
33,69,1,2,7,83,1,2,1,0,1,2,2,0,71,1,1,1,1,0
19,69,1,0,7,72,1,1,0,0,2,2,0,2,61,0,1,1,0,0
21,96,1,2,9,53,1,0,0,2,1,3,1,0,70,1,1,1,1,0
23,93,1,0,6,87,1,2,1,1,1,3,0,1,70,1,0,1,0,0
20,82,1,2,9,69,0,1,1,1,2,3,1,0,69,1,1,1,1,0
30,85,2,0,7,65,2,2,0,1,0,3,0,0,70,0,1,1,1,0
16,79,2,1,6,64,1,4,0,0,2,4,1,0,67,1,1,1,1,1
21,76,0,1,6,50,0,2,0,1,0,4,2,1,63,0,1,1,0,0
16,97,1,1,7,87,1,1,2,1,1,3,0,0,70,0,1,1,0,0
12,65,1,1,8,57,1,1,2,2,2,5,0,0,61,0,0,1,0,1
16,77,0,2,6,76,0,1,0,1,1,1,2,1,64,0,1,1,1,0
20,74,1,1,8,51,2,2,1,1,0,3,1,0,65,1,1,1,1,0
17,80,1,1,6,81,1,1,1,2,1,1,1,2,65,1,1,1,0,0
16,78,1,0,7,68,2,3,0,2,2,3,2,2,66,0,0,1,1,0
12,81,2,2,5,82,0,1,1,2,2,3,0,2,66,0,1,1,1,0
20,66,0,1,8,54,1,2,1,0,2,2,2,0,63,1,1,1,1,0
11,81,0,2,7,63,1,3,1,1,1,2,2,0,66,1,1,1,1,0
25,70,1,1,9,56,2,0,0,1,2,1,0,2,64,1,1,1,1,0
20,67,2,0,8,82,1,3,0,2,1,4,0,0,65,1,1,1,0,1
11,63,2,1,7,55,0,3,2,1,2,1,2,0,62,1,0,1,0,0
18,91,0,2,9,81,2,4,2,1,1,5,0,1,71,1,1,1,1,0
15,77,1,1,8,57,0,1,0,1,1,2,1,0,63,1,1,1,1,0
22,85,1,2,9,97,2,0,1,2,0,3,1,1,70,1,1,1,0,0
28,89,1,0,6,71,0,2,0,1,1,4,1,1,70,1,0,1,1,0
9,87,1,1,8,56,1,1,1,2,2,3,1,1,65,0,1,1,0,0
21,79,2,2,8,52,1,1,0,1,1,3,0,0,66,0,1,1,1,1
19,76,1,0,5,66,1,2,1,1,2,4,1,0,66,0,0,1,1,0
24,75,1,0,9,95,2,0,1,2,2,2,1,0,68,1,1,1,0,0
21,86,2,2,5,57,1,1,0,1,0,3,0,0,68,1,0,1,0,0
15,80,2,1,5,90,1,4,1,2,1,3,0,0,69,0,0,1,1,0
18,94,1,1,4,71,1,3,2,0,2,3,1,0,71,0,1,1,1,0
15,95,1,1,8,90,0,2,0,1,0,1,2,0,69,1,0,1,1,0
26,67,1,2,5,94,1,0,1,1,2,2,1,0,68,1,1,1,1,0
20,65,1,2,6,100,1,2,0,2,1,5,0,1,67,1,1,1,1,0
31,85,2,1,8,53,1,2,0,2,2,3,0,0,72,1,1,1,0,0
20,72,2,1,7,90,2,2,1,1,1,3,0,0,68,1,1,1,1,0
16,61,2,1,6,53,0,0,2,1,2,4,0,1,60,0,1,1,1,1
11,96,1,2,5,66,2,2,0,1,1,4,0,1,68,1,1,1,0,0
9,69,2,1,7,82,2,1,2,2,2,2,0,0,65,0,1,1,1,0
10,97,0,2,8,72,2,0,0,1,1,3,2,1,67,0,1,1,0,0
22,89,0,1,8,78,0,4,2,1,2,3,0,0,70,0,0,1,0,0
23,91,1,0,10,98,2,0,0,2,0,3,0,0,70,0,0,1,1,0
11,68,1,1,6,91,0,3,0,2,0,2,1,2,61,0,1,1,0,0
25,69,2,0,5,68,1,2,2,2,2,4,1,2,68,1,1,1,1,0
17,81,1,2,7,80,2,1,0,1,0,3,2,0,67,0,1,1,0,0
21,67,1,2,7,52,1,3,0,1,0,3,0,1,62,0,1,1,0,1
30,72,1,0,7,73,1,0,2,1,1,4,0,1,66,1,1,1,0,0
25,73,2,1,6,80,1,3,2,1,2,2,0,2,69,0,1,1,1,0
18,66,1,2,4,86,1,2,1,1,0,4,1,0,66,0,1,1,1,0
15,68,1,1,5,95,1,0,2,1,0,5,1,0,64,0,1,1,1,0
7,92,2,1,8,64,2,1,0,0,1,4,2,0,66,1,1,1,0,0
16,67,1,1,7,95,0,2,1,1,1,5,0,0,63,1,1,1,0,1
19,61,0,2,8,83,0,1,1,1,0,3,0,0,62,1,0,1,1,0
14,85,1,1,8,54,0,1,2,1,0,4,2,1,65,1,0,1,1,0
19,99,0,2,8,69,0,0,2,1,0,2,0,1,68,1,0,1,0,0
20,73,2,2,8,74,0,1,0,0,0,4,0,1,65,1,0,1,1,0
19,65,1,2,7,68,0,1,0,0,1,4,1,0,63,0,1,1,1,0
16,83,2,2,7,56,1,3,1,1,0,2,0,0,68,1,1,1,1,0
21,96,1,2,4,78,0,2,2,1,2,2,0,0,72,1,0,1,1,0
23,91,2,0,6,57,1,2,0,1,2,3,0,0,69,1,0,1,0,0
13,85,0,1,6,96,0,1,0,2,2,5,2,2,66,1,1,1,0,0
28,73,0,0,7,93,2,2,0,2,1,3,1,0,68,1,0,1,1,0
19,82,0,0,6,74,1,1,1,2,1,2,0,1,64,1,1,1,0,0
20,64,1,0,8,53,0,1,0,1,2,2,0,0,61,1,1,1,1,0
24,87,0,1,6,78,2,0,0,0,1,2,2,0,67,1,1,1,0,1
21,89,1,0,9,80,1,0,1,0,1,3,2,1,68,1,1,1,1,0
26,99,1,1,6,94,2,2,1,1,2,3,0,0,74,1,1,1,0,0
22,70,1,2,6,53,1,3,1,2,2,2,0,0,67,0,1,1,1,0
16,61,1,2,6,85,1,2,1,1,2,3,0,0,64,1,0,1,1,0
22,82,0,2,6,78,1,3,1,2,1,3,0,1,69,1,1,1,0,0
13,88,2,1,9,59,1,0,0,1,0,3,0,2,63,0,0,1,1,1
21,92,1,1,7,56,1,0,0,1,1,4,0,1,67,0,0,1,0,0
20,68,2,1,7,85,1,1,1,1,1,3,1,2,65,1,1,1,1,0
19,70,1,1,6,67,1,5,1,0,2,4,2,1,67,0,1,1,1,0
19,81,2,1,7,100,1,1,0,1,0,5,2,1,68,0,0,1,0,0
9,73,1,0,7,95,1,3,0,1,0,3,2,0,62,1,0,0,1,0
17,94,2,1,7,78,1,1,0,2,1,3,1,0,70,0,1,1,1,0
21,79,0,2,7,82,1,1,2,1,0,3,0,0,67,0,1,1,1,0
21,92,2,2,9,58,1,2,2,1,1,5,0,1,89,0,1,1,1,0
14,83,2,1,7,95,0,1,0,1,1,2,0,0,65,0,0,1,1,1
28,91,0,1,5,73,1,2,1,1,1,2,0,0,69,0,1,0,1,0
15,73,1,1,7,76,2,2,0,1,2,4,0,2,64,0,1,1,0,0
26,93,2,0,6,94,1,6,2,1,0,4,0,0,74,0,0,1,0,0
23,71,1,2,8,50,1,0,2,1,2,2,0,2,64,0,1,1,0,0
16,82,0,2,7,75,1,0,0,1,0,2,2,1,64,0,1,1,0,0
31,69,1,0,9,81,1,2,1,1,0,2,1,0,67,1,0,1,1,0
13,79,0,0,6,58,2,2,1,1,2,4,1,1,63,1,1,1,1,0
26,73,2,1,7,53,0,3,1,2,1,5,0,1,68,0,0,1,1,0
26,71,0,1,5,77,0,0,1,1,1,5,2,0,66,1,1,1,1,0
16,99,0,2,7,77,2,0,0,1,1,3,0,1,68,0,1,1,1,1
28,66,1,2,5,67,1,1,2,1,2,1,2,1,68,0,0,1,0,0
18,91,1,1,7,94,1,3,0,1,1,2,0,0,69,0,0,1,0,0
22,99,2,0,7,65,1,3,0,0,1,3,2,0,71,0,1,1,0,0
22,61,0,2,7,76,1,1,2,1,2,3,1,0,65,0,1,1,1,0
19,88,0,1,8,59,1,2,1,1,1,4,0,0,67,1,0,1,1,0
25,70,1,1,7,51,1,1,2,1,0,4,1,0,65,0,1,1,0,0
25,62,2,1,5,71,1,0,0,2,2,4,0,1,65,1,0,1,0,0
10,76,1,0,6,76,1,1,2,2,0,2,2,0,80,1,1,1,0,0
28,97,1,1,7,88,2,2,1,1,1,2,0,1,74,1,1,1,1,0
10,60,1,1,7,72,0,3,1,0,2,3,0,0,59,1,1,0,0,0
26,84,1,1,7,64,0,2,2,2,1,3,0,0,69,1,1,1,0,0
27,80,1,0,9,80,1,0,2,1,1,2,0,1,66,1,1,1,1,1
13,95,1,1,7,69,1,1,0,0,2,2,2,1,66,0,1,1,1,1
18,63,2,2,8,62,1,2,2,1,2,4,0,0,65,0,1,1,0,0
13,87,2,1,4,96,0,3,0,0,1,3,1,0,67,1,1,1,1,1
19,87,2,2,8,77,0,3,0,1,1,4,0,1,69,1,0,1,0,0
18,87,1,0,10,60,2,2,1,1,2,3,0,0,68,0,1,1,1,0
25,98,1,1,9,84,1,1,1,2,1,2,2,0,73,0,0,1,1,0
28,93,0,2,6,90,1,1,0,1,2,2,0,0,71,0,1,1,1,1
28,62,2,1,10,88,1,0,0,2,2,2,2,1,67,1,1,1,1,1
17,79,1,1,7,80,0,1,2,2,2,3,1,0,67,0,1,1,1,0
19,76,2,0,7,76,1,0,2,2,1,2,2,0,66,1,1,1,0,0
10,72,1,0,7,89,1,3,1,1,0,4,1,0,63,0,1,1,0,0
15,78,2,2,7,85,1,1,2,1,0,1,0,2,65,1,1,0,0,0
26,75,1,0,4,79,1,2,2,1,0,1,1,0,67,1,1,1,1,0
30,77,1,0,8,83,1,1,0,0,2,3,1,0,69,1,1,1,1,0
13,99,1,1,7,58,1,1,0,1,1,2,0,0,67,1,1,1,1,0
16,64,2,1,7,51,2,4,2,2,1,3,1,0,66,1,1,1,1,0
20,97,2,2,7,97,0,2,1,2,1,4,0,1,74,0,0,1,1,0
22,79,2,1,6,97,1,2,2,1,2,2,1,1,69,0,1,0,0,0
15,85,0,1,7,89,2,0,1,1,0,4,1,1,66,0,1,1,1,0
23,93,2,0,9,69,0,0,1,1,2,3,2,1,69,1,0,1,1,1
17,74,1,1,8,58,0,1,2,1,1,2,1,2,63,1,1,1,1,0
20,77,1,0,7,68,1,0,1,2,2,3,1,0,65,0,0,0,1,0
23,76,0,1,7,86,0,1,0,1,2,4,1,2,64,1,0,0,0,0
20,75,0,1,7,67,2,0,1,1,1,4,0,0,64,1,0,1,0,0
17,97,0,2,6,90,0,2,1,0,0,2,0,1,69,1,1,1,1,0
19,93,2,2,7,84,1,5,0,2,0,3,0,0,73,0,1,1,0,0
19,64,1,1,8,81,2,1,1,1,0,3,0,1,62,1,1,1,1,1
18,64,0,0,7,97,0,2,1,0,1,4,1,0,62,1,0,1,1,0
18,77,1,1,6,95,2,0,1,2,2,2,2,1,68,0,0,1,1,0
30,64,1,1,7,86,0,1,1,1,2,3,2,2,66,0,0,1,0,0
23,85,0,2,8,60,2,2,1,1,2,1,1,1,68,0,1,1,1,1
18,66,0,2,5,97,1,4,1,1,1,4,0,1,66,1,1,1,1,0
24,81,0,1,6,61,0,3,1,1,2,3,2,0,69,1,1,1,1,0
18,60,1,1,5,69,1,0,1,1,1,2,2,0,62,0,1,1,1,0
27,73,0,1,7,91,1,2,2,1,1,4,1,2,68,0,1,1,0,0
22,87,1,1,8,60,0,2,1,2,0,2,1,1,67,1,1,1,0,0
19,79,0,1,9,82,1,1,0,1,1,4,0,0,65,1,0,1,0,0
23,99,0,1,9,73,1,0,0,1,0,4,1,0,69,1,1,1,0,0
11,95,1,1,6,81,2,2,0,0,2,3,0,0,67,1,1,1,0,0
13,74,0,0,7,98,2,0,1,1,2,3,2,0,64,0,1,1,1,0
13,62,0,1,6,90,1,3,2,2,1,3,2,0,62,0,0,0,1,1
21,94,1,1,9,65,0,5,2,2,1,3,0,0,71,1,0,1,1,1
30,96,1,2,9,53,1,0,1,1,1,3,0,0,72,1,0,0,1,0
33,93,2,2,7,98,0,0,1,1,0,2,0,0,74,0,1,1,1,1
24,65,0,2,6,79,0,1,1,2,1,2,2,0,66,1,1,1,0,0
23,100,2,0,4,59,1,2,1,1,2,4,0,0,72,0,1,1,1,0
9,70,2,1,5,81,1,1,2,2,1,4,2,0,65,0,0,1,0,0
17,89,2,1,4,52,2,0,0,1,2,3,1,2,67,0,1,1,1,0
15,96,1,2,5,59,2,2,1,2,1,2,0,0,70,1,0,1,1,0
16,69,2,1,10,82,1,0,0,2,0,1,0,1,62,1,1,1,1,1
19,96,0,0,5,70,2,0,0,1,2,2,0,2,66,1,1,1,1,0
17,72,0,1,5,66,1,2,2,2,0,3,1,0,65,1,1,1,1,0
8,99,0,2,6,83,2,2,1,2,2,4,2,0,70,1,1,1,1,1
24,71,2,2,10,93,0,2,1,1,2,2,1,0,69,0,0,1,1,1
14,98,1,1,7,84,0,3,2,1,1,3,0,0,70,0,1,1,1,0
21,62,2,2,8,73,1,2,2,1,0,2,1,0,66,0,0,1,0,0
32,88,1,0,7,83,0,1,0,2,2,4,2,0,73,1,0,1,1,0
14,81,2,1,4,85,0,3,1,2,2,4,2,1,69,0,1,1,0,0
5,79,2,2,9,89,0,3,1,1,1,3,1,0,66,0,0,1,1,0
18,69,2,1,8,65,1,4,1,1,1,4,0,2,65,1,1,1,1,0
27,88,1,0,7,56,2,2,0,1,1,4,2,0,70,0,1,1,0,0
32,68,2,2,10,84,1,0,1,2,2,2,2,2,70,1,0,1,0,0
13,82,2,1,6,56,2,2,0,2,1,4,2,0,67,1,1,1,0,0
23,70,1,2,7,73,2,1,0,1,2,3,2,0,68,1,0,1,1,0
17,98,1,0,6,62,0,1,1,1,1,2,1,0,68,0,0,1,1,0
19,61,2,1,9,67,1,0,0,1,0,2,1,2,61,0,1,1,0,0
36,68,1,1,8,74,2,2,1,1,0,3,0,0,70,1,1,1,1,0
11,70,2,2,7,95,2,0,0,2,0,5,1,1,65,1,1,1,0,0
22,77,0,1,5,84,1,3,2,1,2,2,0,1,66,1,1,0,1,0
23,69,1,1,6,59,1,3,2,1,1,3,2,1,67,1,1,1,1,0
27,80,0,0,5,94,2,3,2,1,0,3,0,0,69,1,1,1,1,0
21,95,1,2,9,75,1,1,0,1,1,2,1,2,69,1,1,1,0,0
22,88,1,1,5,60,0,1,0,1,1,2,0,1,67,1,1,1,1,0
18,83,2,0,9,76,1,0,1,0,1,4,0,0,66,0,0,1,0,0
22,64,0,1,9,60,1,1,2,2,1,2,0,0,63,1,0,1,1,0
18,88,2,1,6,68,0,0,1,2,1,4,0,2,67,0,1,1,0,0
24,67,2,0,6,90,1,0,0,1,1,1,1,2,64,1,1,1,1,0
18,91,1,0,6,83,1,2,0,1,1,4,0,0,68,1,0,1,0,0
22,70,1,2,8,74,0,2,0,2,0,2,0,1,65,1,1,1,1,0
20,77,1,0,9,61,1,2,1,1,1,3,0,0,65,1,1,1,0,0
27,74,1,0,9,64,2,1,0,1,1,3,0,0,65,1,1,0,1,0
20,94,0,1,6,99,1,0,1,1,0,4,1,0,70,0,1,1,1,0
9,65,1,2,9,67,1,1,2,1,1,3,0,0,62,0,1,1,1,0
28,83,2,0,9,81,1,0,0,1,1,4,0,1,68,1,1,1,0,0
15,66,0,2,7,75,0,0,2,2,0,3,1,0,62,1,1,1,1,0
16,88,1,2,7,51,1,0,1,1,2,3,1,0,68,0,1,1,1,0
16,96,2,1,9,97,1,0,1,2,1,5,1,0,72,1,0,1,1,0
28,77,2,1,9,54,0,1,2,1,2,3,2,0,70,0,1,1,1,0
7,80,2,1,9,83,0,3,1,1,1,3,0,2,62,0,1,0,0,0
39,97,2,2,10,91,1,2,0,1,2,3,0,1,79,0,1,1,1,0
26,81,1,2,8,87,1,2,2,2,1,1,2,0,73,1,1,1,1,0
21,80,2,2,7,90,2,1,0,0,0,2,1,2,68,1,1,1,1,0
20,83,2,1,9,87,0,0,2,1,1,2,0,0,68,1,1,1,1,0
22,88,1,1,10,72,1,2,0,2,1,2,0,1,69,0,1,1,1,0
23,64,1,0,6,95,2,1,0,1,2,2,1,2,63,0,1,1,1,1
24,93,1,1,7,96,1,5,2,1,0,4,2,0,74,0,1,0,1,0
23,77,1,1,5,72,1,2,2,2,0,5,1,1,69,0,1,1,1,0
21,63,1,0,8,74,1,0,0,1,0,3,0,0,61,0,1,1,0,0
19,91,1,0,8,74,0,4,1,1,1,2,2,0,69,0,1,1,1,1
19,75,1,0,6,64,2,2,0,1,1,3,0,0,64,0,1,1,0,0
19,64,1,1,9,56,0,2,0,1,2,4,2,2,63,0,1,1,1,0
27,85,0,2,6,63,0,1,0,1,0,2,1,0,68,1,1,1,0,0
24,95,2,1,6,92,1,2,0,1,1,3,0,2,72,1,1,1,1,0
2,96,0,2,9,77,1,3,1,1,1,2,0,2,65,0,1,1,1,0
24,98,0,0,6,93,0,2,0,0,2,4,1,0,69,1,1,0,0,0
21,95,1,0,5,87,0,2,1,1,1,4,0,0,70,1,0,1,0,0
20,60,1,1,8,67,0,1,1,1,1,4,2,1,63,0,1,1,1,0
18,75,0,1,7,59,0,0,1,1,2,2,0,0,62,0,1,1,1,1
27,93,1,1,9,78,0,1,0,1,2,2,2,0,72,0,1,1,1,0
26,75,2,2,8,97,1,1,0,1,1,4,0,2,69,1,1,1,0,0
15,84,1,1,4,92,0,2,1,1,0,3,0,1,66,0,1,1,0,0
22,84,1,1,9,88,1,2,0,2,1,4,2,0,71,1,0,1,1,0
14,75,0,0,10,88,1,2,0,1,0,3,1,1,62,0,0,1,0,0
12,96,1,0,9,76,1,2,1,2,2,2,0,0,68,1,1,1,1,0
16,80,2,0,9,58,0,0,1,1,1,2,0,0,63,0,1,1,0,0
25,79,1,1,7,64,1,0,0,1,1,3,1,2,66,0,1,1,1,0
26,100,2,1,6,79,2,1,1,2,2,3,1,1,75,1,1,1,1,0
23,80,1,0,7,66,2,1,2,2,2,4,1,0,69,0,0,1,1,0
24,67,2,1,8,89,1,2,2,0,2,3,0,0,68,0,0,1,0,0
23,81,2,1,8,69,1,5,1,1,0,2,0,1,69,1,1,1,0,0
16,93,2,0,6,56,1,2,0,1,2,4,0,0,67,1,1,1,0,0
23,91,2,1,6,89,1,3,1,1,0,3,2,0,73,1,0,1,1,0
25,92,1,2,5,85,0,1,0,1,0,1,1,0,71,1,1,1,1,0
25,88,2,1,8,63,1,2,2,1,2,3,0,1,71,0,1,1,1,0
27,70,1,1,6,99,2,2,0,1,1,2,0,0,68,0,0,1,0,0
24,94,2,0,7,70,1,1,2,1,1,1,0,0,70,1,1,1,0,0
22,96,0,2,10,84,0,1,2,2,0,3,0,0,71,1,1,1,1,0
26,68,1,2,8,96,2,1,1,2,1,2,0,0,69,1,1,1,0,0
20,65,2,1,7,58,1,3,0,1,1,4,0,0,63,1,0,0,0,0
15,99,0,1,8,94,1,2,1,1,1,3,2,0,71,1,0,1,1,0
19,95,1,1,9,85,1,2,0,1,0,3,1,0,69,1,1,0,1,0
16,96,2,1,5,58,1,2,2,0,2,5,2,1,71,1,1,1,1,0
16,95,1,0,6,83,0,2,0,2,1,3,0,0,68,0,0,1,0,0
19,82,1,1,7,94,1,1,1,1,2,3,0,0,68,0,1,1,0,0
15,86,1,0,6,90,1,0,1,2,1,3,2,2,66,1,1,1,0,0
18,82,1,1,7,88,1,3,0,1,0,3,1,1,67,0,1,1,0,0
9,62,0,2,5,58,0,0,1,2,2,5,1,1,59,0,0,1,1,0
21,90,0,1,8,60,1,1,0,1,0,2,1,0,66,0,1,1,0,0
20,80,0,0,6,77,0,0,1,2,0,3,0,0,64,1,0,1,0,0
15,86,1,1,7,79,1,1,0,1,1,3,0,1,64,0,1,1,0,1
24,80,1,2,7,97,1,0,0,2,1,4,0,1,69,0,0,1,1,0
26,80,2,0,8,73,2,1,1,1,1,3,0,0,69,1,1,1,0,0
10,67,1,1,4,65,1,3,1,1,2,3,0,0,61,1,1,0,0,0
15,71,2,2,8,60,1,0,0,2,0,3,0,2,62,0,0,1,0,0
15,66,0,1,7,53,1,2,1,2,0,3,1,0,61,0,1,1,0,0
14,68,1,1,8,53,2,1,1,2,2,2,1,0,63,0,0,1,1,0
25,99,1,0,5,79,0,2,0,1,2,4,1,0,71,0,1,1,0,0
19,66,2,2,8,59,1,1,1,0,2,2,2,1,65,0,1,1,1,0
18,71,2,2,9,93,1,1,0,2,1,4,1,1,68,1,0,1,1,0
8,84,2,2,7,80,1,1,2,2,2,4,0,1,67,1,1,1,0,0
24,84,0,2,6,93,2,2,0,1,1,1,0,0,70,0,1,1,1,0
13,66,2,1,6,71,1,3,1,1,1,3,0,0,64,1,1,1,1,0
20,92,1,2,8,80,2,0,1,1,1,3,1,0,71,1,0,1,0,0
22,91,2,1,8,76,0,2,1,1,1,3,1,1,71,0,1,1,1,0
28,69,1,2,8,99,0,0,2,1,0,3,0,1,67,0,0,1,0,0
12,72,1,0,7,90,1,0,2,1,2,3,2,2,63,1,1,1,1,0
2,98,0,2,7,80,2,2,0,2,1,1,0,0,66,1,1,1,1,0
21,93,1,0,7,80,1,3,2,1,1,1,0,1,70,1,1,1,1,0
31,88,1,0,6,62,1,2,0,1,2,4,0,0,70,1,0,1,0,0
27,63,0,1,8,87,1,3,0,2,2,3,0,0,67,0,0,1,1,0
21,77,0,1,7,99,2,3,1,2,1,3,2,0,69,1,1,1,0,0
17,82,2,0,9,56,0,3,2,1,2,2,0,0,66,0,1,1,0,0
25,67,1,2,9,82,1,1,1,1,2,3,2,2,67,0,1,1,0,0
14,78,2,1,7,76,1,0,2,1,0,2,1,0,65,0,1,1,1,1
23,84,2,2,8,93,1,1,2,1,2,3,2,2,72,1,1,1,1,0
23,73,2,2,6,50,1,1,1,1,2,3,1,0,68,1,1,1,0,0
26,91,2,1,7,57,0,3,1,1,0,3,1,0,72,1,1,1,1,0
37,94,2,1,8,52,2,1,0,1,2,3,2,0,76,1,0,1,1,0
22,73,1,0,5,58,1,4,0,1,2,3,1,0,65,0,1,1,1,1
17,94,0,1,8,85,1,1,1,0,2,4,0,0,68,1,1,1,0,0
20,64,1,1,6,57,1,3,0,2,1,4,1,0,65,0,1,1,1,0
9,94,1,1,6,81,0,0,0,2,2,3,0,0,66,1,1,1,1,0
16,66,0,1,6,93,1,7,0,1,0,2,0,2,63,1,1,1,0,0
18,63,1,0,7,52,1,2,2,2,2,3,2,1,63,0,1,1,0,0
17,86,1,1,5,51,1,2,0,1,1,2,2,1,66,1,0,1,1,0
21,79,2,0,8,99,1,2,0,2,2,4,0,0,69,1,1,1,1,0
15,96,1,2,7,84,2,3,1,0,2,1,2,0,72,1,1,1,1,0
27,75,1,0,10,57,1,3,2,0,0,3,0,0,66,1,1,1,1,0
20,71,1,1,7,65,1,2,1,1,0,4,0,1,64,0,1,0,1,0
20,80,1,0,8,99,0,0,0,2,2,3,0,0,67,1,0,1,1,0
18,78,2,2,6,61,0,1,0,1,2,5,0,0,67,1,0,1,1,0
21,74,0,1,5,88,1,1,1,2,1,1,1,0,66,1,1,1,1,0
25,88,1,0,8,62,0,2,0,1,1,2,0,0,68,0,1,1,1,0
15,90,1,1,5,70,1,0,1,1,1,2,0,1,65,1,0,1,0,0
16,94,1,2,8,94,2,2,0,2,0,3,0,0,71,1,0,1,1,0
18,99,1,2,10,51,1,1,1,0,1,4,2,0,71,1,1,1,1,0
12,71,1,1,8,65,1,1,1,2,1,2,0,1,62,1,0,1,1,0
15,89,1,2,8,74,0,2,1,2,2,2,1,0,69,1,1,1,1,0
17,76,1,0,7,81,0,4,2,1,1,2,0,0,65,1,0,1,0,0
25,87,2,0,6,51,0,3,1,1,1,3,2,0,70,1,1,1,0,0
22,79,1,1,7,71,1,2,0,1,1,2,1,1,66,1,0,1,1,0
21,100,1,1,6,67,1,0,2,1,2,3,0,2,70,1,1,1,0,0
25,89,1,2,5,51,0,2,1,2,0,2,2,1,70,0,0,1,0,0
19,98,0,2,7,68,1,1,0,1,1,4,0,1,69,0,0,1,1,0
22,93,2,0,9,97,1,2,1,1,1,3,0,0,71,1,1,1,1,1
19,96,1,1,5,64,1,1,1,1,1,3,0,0,69,1,1,1,0,0
22,93,2,1,9,79,1,2,1,2,2,2,2,0,73,0,1,1,0,0
17,78,1,1,9,65,0,1,1,2,1,4,0,1,65,0,1,1,1,0
5,70,2,2,8,55,1,3,0,1,1,3,0,0,62,1,1,1,1,0
19,75,1,2,8,64,1,2,2,0,0,5,2,1,67,0,1,1,0,0
29,61,0,1,7,74,2,1,1,1,1,3,2,1,65,1,1,1,1,0
26,81,0,1,7,65,0,1,1,1,1,3,0,2,65,1,1,1,0,0
26,80,1,2,6,81,1,0,1,1,1,2,1,0,70,0,1,1,1,0
27,81,1,1,7,97,0,1,1,1,1,2,1,0,70,0,1,1,1,0
21,99,1,2,7,53,1,0,1,0,1,4,2,0,71,0,1,1,1,0
21,96,2,0,10,86,0,1,0,2,1,3,1,0,71,1,1,1,0,0
16,66,1,1,8,50,0,1,1,2,1,4,0,1,62,1,1,1,1,0
18,75,1,0,7,50,1,4,0,1,2,2,2,0,65,0,1,1,0,0
24,77,2,1,7,57,1,3,1,2,2,2,1,2,84,1,1,1,1,0
27,74,1,1,6,74,1,2,1,2,1,2,1,2,68,1,1,1,1,0
19,92,2,1,6,52,1,3,2,1,2,1,0,0,70,1,1,1,1,0
17,81,1,2,8,86,1,1,1,1,1,3,2,0,68,1,0,1,0,0
20,83,1,1,6,51,1,2,0,2,0,4,2,0,67,1,1,1,0,0
24,94,0,1,6,75,0,1,0,2,0,4,0,0,69,0,1,1,1,0
11,92,2,2,6,84,1,2,0,0,0,1,0,0,68,0,1,1,1,0
6,65,2,2,6,62,1,3,0,0,1,1,0,0,59,1,1,0,0,0
17,89,2,0,9,79,1,0,1,1,2,2,1,0,67,0,1,0,1,0
13,77,1,2,7,63,0,0,2,0,2,1,0,1,63,1,1,1,1,0
17,72,2,2,7,61,0,1,1,1,0,4,0,0,65,0,1,1,1,0
19,62,1,1,7,91,0,1,0,1,2,3,1,0,63,1,1,1,0,0
17,79,1,1,7,67,0,1,0,1,2,3,0,0,64,0,0,1,0,0
29,74,2,1,6,91,2,3,0,2,2,4,1,2,72,0,1,1,1,0
22,70,0,1,5,61,2,1,0,1,0,3,1,1,63,1,1,1,1,0
22,88,1,1,9,68,1,2,1,1,1,2,0,0,66,1,1,0,0,1
24,91,1,1,8,55,0,0,1,0,1,2,1,1,67,0,0,1,1,0
13,70,2,2,8,75,2,1,2,1,2,2,2,1,66,1,1,1,1,1
26,62,1,1,8,69,1,2,1,2,2,3,1,1,66,0,1,1,1,0
20,94,1,1,10,50,0,1,0,2,0,4,2,0,68,0,0,1,1,1
24,60,2,2,6,73,1,1,0,1,2,5,2,1,66,1,0,1,0,0
14,97,1,1,5,54,1,3,1,1,0,2,1,0,68,0,1,1,1,0
11,85,1,1,8,92,0,2,1,1,0,4,0,2,65,0,1,1,1,0
25,73,1,1,5,75,0,0,1,1,2,2,1,0,67,0,0,1,1,0
22,70,2,0,7,85,1,0,2,1,0,3,0,2,64,1,0,1,0,0
15,60,0,2,7,91,0,0,0,1,0,2,1,2,59,1,0,1,0,0
15,69,1,1,8,53,0,0,2,1,0,3,0,0,60,1,0,0,1,0
27,66,0,2,6,67,0,1,2,2,0,4,1,2,65,0,1,1,0,0
13,84,1,1,9,51,2,0,0,1,0,4,0,0,64,0,1,1,1,0
30,67,1,2,6,52,1,1,0,1,1,1,0,0,66,0,1,1,0,0
15,81,1,1,8,52,1,0,1,1,1,2,2,0,65,1,1,1,1,0
24,84,1,1,6,74,1,2,1,2,2,2,0,2,69,1,1,1,1,0
18,72,2,2,8,73,1,0,1,1,2,4,0,0,66,0,0,1,1,1
24,61,2,1,5,53,1,1,0,2,1,5,1,0,65,0,0,1,1,0
17,61,2,1,7,63,0,1,1,1,2,4,1,1,62,0,1,1,0,0
19,61,1,0,9,62,1,2,1,1,1,2,0,2,60,0,1,1,0,0
20,90,0,1,7,65,0,4,0,2,2,4,1,1,68,0,1,0,0,0
14,73,1,2,9,82,1,1,1,1,0,3,0,0,64,0,1,1,1,0
24,92,2,2,7,85,2,0,1,1,2,3,1,0,73,0,1,1,0,0
17,77,1,1,6,67,0,1,0,1,2,1,1,0,64,1,1,1,1,0
19,78,2,2,7,89,1,2,1,1,1,4,0,1,69,0,1,1,0,0
14,81,0,1,8,71,0,1,0,2,1,3,2,0,63,0,1,1,0,1
5,89,1,1,4,76,2,2,1,1,1,3,1,0,65,1,1,1,1,0
19,71,1,1,8,57,1,2,1,2,2,4,0,1,65,1,1,1,0,0
34,65,1,1,6,62,2,0,1,2,0,3,0,0,67,1,1,1,1,0
25,82,1,1,5,86,1,0,0,0,2,4,0,0,67,1,1,0,1,0
20,73,1,1,8,99,0,1,1,1,2,3,0,0,66,1,0,1,0,0
18,78,1,2,9,85,2,1,0,2,0,2,2,0,68,1,0,1,1,0
20,86,1,0,7,53,1,1,0,2,0,2,0,0,65,1,1,1,1,0
23,80,0,0,5,57,1,1,0,1,1,4,2,0,66,1,1,1,1,0
13,85,2,0,6,72,1,2,0,1,2,1,1,1,66,0,1,1,1,0
27,82,1,1,6,87,0,2,0,2,2,2,0,0,69,1,1,0,1,0
24,90,1,1,7,58,1,2,0,1,1,2,2,0,70,1,0,1,0,0
24,88,1,0,7,88,1,2,1,2,1,2,2,1,71,1,0,1,1,0
23,81,2,1,8,78,2,4,0,0,2,3,0,1,70,1,1,1,0,0
20,87,1,1,8,89,0,2,1,1,1,3,0,1,68,1,1,1,0,0
24,95,2,2,8,78,1,2,0,2,0,2,2,2,73,0,1,1,1,0
24,77,1,2,8,80,2,1,0,2,2,2,0,1,68,0,1,1,0,1
18,77,1,1,7,62,0,2,2,1,1,4,1,0,66,1,0,1,1,0
17,91,1,0,10,86,0,1,1,1,1,3,2,1,67,0,1,1,1,1
21,83,1,0,8,92,0,2,1,1,0,4,0,0,66,1,0,1,1,1
29,63,1,2,8,94,1,0,1,2,2,2,2,0,69,0,0,1,1,0
13,96,1,1,10,51,1,1,0,0,2,3,2,0,67,0,1,1,0,0
11,61,1,0,7,81,2,5,1,0,2,4,0,0,61,1,1,1,1,1
21,90,1,1,6,99,1,2,0,1,0,3,1,0,70,0,0,1,0,0
20,90,2,2,9,79,1,2,0,1,0,2,0,0,70,0,1,1,0,0
21,98,1,1,9,59,2,3,1,1,1,3,1,0,70,0,1,0,1,1
21,62,1,1,7,94,0,1,0,2,2,3,1,1,64,0,0,1,0,0
19,84,2,1,10,63,1,0,0,1,0,3,1,2,65,0,1,1,0,0
29,77,1,1,7,52,1,5,0,1,2,4,1,0,70,0,1,1,0,0
10,73,0,2,8,72,0,1,0,2,2,2,1,1,62,0,1,1,1,0
15,64,2,2,9,55,2,1,1,0,1,3,1,0,64,0,1,1,1,0
19,83,1,2,7,56,1,1,1,0,2,3,1,2,67,0,0,1,1,0
10,79,2,1,8,73,2,1,0,0,1,4,0,0,63,0,1,0,0,0
19,64,0,1,9,81,2,0,1,2,1,3,0,0,62,1,1,1,1,1
30,84,0,1,6,95,1,2,2,2,0,2,1,0,72,1,1,1,0,0
20,90,0,1,6,85,2,3,0,2,1,2,1,0,69,1,0,0,0,0
21,91,1,2,9,92,1,5,0,1,0,2,0,0,72,1,0,1,1,0
12,96,0,1,7,71,2,2,1,1,2,2,1,0,68,1,0,1,1,0
16,76,0,1,6,66,0,1,1,1,1,3,2,0,64,0,0,1,0,0
18,98,2,2,7,80,0,3,0,1,1,1,1,0,72,0,0,1,1,0
18,95,2,2,8,85,0,2,0,2,2,3,1,0,73,0,1,1,1,0
28,72,2,1,5,78,0,5,1,0,0,2,1,2,67,1,0,0,1,0
23,66,2,0,8,63,1,0,0,1,0,4,1,0,64,0,1,1,1,0
13,77,1,1,8,68,0,3,2,1,1,3,0,0,65,0,0,1,1,0
21,76,2,2,9,72,0,1,0,2,1,3,0,1,67,0,1,1,1,0
23,83,1,1,7,51,0,3,1,2,1,2,1,1,68,1,1,1,1,0
27,83,1,2,9,94,1,2,0,2,2,2,0,0,72,1,1,1,1,0
29,90,2,0,7,76,0,1,1,0,2,3,0,1,71,0,1,1,1,0
14,80,1,1,7,88,1,1,1,1,1,3,0,0,66,1,0,1,1,0
15,64,2,1,7,59,0,0,0,1,1,3,0,0,59,0,1,1,0,1
12,94,1,1,10,78,1,1,1,2,1,2,0,0,68,0,1,1,1,0
19,72,0,2,5,96,0,3,0,0,2,2,0,1,64,0,1,0,1,0
23,99,0,1,8,61,0,2,2,2,2,3,0,0,70,0,0,1,0,1
26,65,0,1,7,67,1,4,2,1,0,3,0,1,65,0,0,1,1,0
20,98,2,1,7,69,2,2,2,2,0,2,1,0,72,0,1,0,1,0
18,64,2,2,8,69,1,3,2,1,2,3,1,1,66,1,1,1,0,0
21,69,1,1,9,80,2,2,1,2,2,5,1,0,68,1,1,1,1,0
15,62,1,2,8,70,1,1,0,1,2,3,1,0,62,1,0,1,0,0
33,88,1,0,9,84,1,1,0,1,0,3,0,0,70,1,1,1,0,0
10,94,2,1,7,74,2,3,2,1,2,3,1,1,70,1,1,1,1,0
21,77,1,0,7,58,1,0,0,2,0,3,1,0,64,1,1,1,1,0
32,97,2,0,5,97,0,1,0,2,2,5,1,1,76,0,1,1,1,0
20,84,1,1,10,62,2,1,1,1,1,2,1,1,67,1,1,1,1,0
19,85,2,2,7,78,0,2,0,2,0,3,1,0,69,1,0,1,0,0
18,94,1,0,7,53,1,4,1,2,2,3,0,2,68,0,1,1,1,0
19,72,1,1,8,96,0,1,1,2,2,2,2,1,67,0,1,1,1,0
28,74,1,1,9,96,0,0,2,2,1,3,0,0,69,0,0,1,1,0
7,96,2,1,6,68,1,2,0,2,1,1,0,0,67,0,1,1,1,0
29,96,2,2,9,56,0,0,0,2,1,4,0,0,73,1,0,1,1,0
11,99,1,2,7,88,2,4,1,0,1,3,1,0,71,1,0,0,1,0
18,96,1,0,9,63,1,4,0,1,1,3,2,0,70,1,0,1,0,0
17,65,2,1,6,85,1,1,0,1,1,3,0,0,65,1,0,1,1,0
24,93,2,1,8,96,1,0,1,1,2,1,2,1,73,1,1,1,1,0
10,76,1,1,7,80,1,1,0,2,2,4,2,0,65,0,1,1,1,0
23,100,0,1,5,93,1,4,0,1,1,3,2,1,73,1,0,1,1,0
32,79,0,2,5,61,1,0,0,2,2,3,1,0,70,1,1,1,1,0
12,82,2,1,6,96,2,0,0,0,2,4,1,0,66,1,0,1,1,1
21,81,0,1,8,61,2,3,1,0,0,5,0,1,66,0,1,1,1,0
16,73,1,1,4,61,0,4,0,2,1,5,0,1,64,1,0,1,1,0
23,63,1,1,8,94,2,2,1,1,1,5,2,0,68,1,1,1,1,0
20,96,1,1,7,78,1,1,2,2,1,2,0,0,70,1,1,1,0,0
16,92,1,1,4,90,2,6,2,1,1,3,0,0,72,1,0,1,1,0
23,66,1,2,6,90,1,2,0,1,1,3,0,0,66,1,1,1,0,0
31,91,1,1,6,82,1,2,1,2,2,3,0,0,74,1,1,1,1,0
19,85,2,1,7,59,0,0,1,2,0,4,1,1,67,1,0,1,0,0
24,76,2,2,9,85,1,2,0,1,2,2,2,0,71,0,0,1,1,0
12,70,0,2,9,53,1,2,0,1,1,2,0,0,60,1,1,1,1,1
14,94,0,1,6,60,1,3,2,1,1,3,1,0,68,0,1,1,0,0
23,88,1,1,6,82,1,0,1,1,0,3,1,0,69,1,0,1,0,0
29,82,2,2,5,95,1,2,1,2,1,3,1,0,74,1,1,1,0,0
22,84,2,1,6,89,1,2,1,1,1,3,0,0,71,1,1,1,1,0
18,64,2,1,6,67,2,0,0,1,0,4,1,0,63,1,0,1,1,0
20,79,2,0,7,91,2,2,0,1,0,4,1,1,66,1,0,0,1,1
12,68,1,2,7,98,1,1,1,2,1,4,0,0,65,1,0,1,0,0
24,68,0,0,6,67,2,0,0,2,2,3,0,2,60,0,0,0,0,1
25,86,1,0,6,59,1,3,0,1,2,3,0,0,69,0,1,1,1,0
17,96,2,1,6,60,1,1,0,1,1,3,1,0,69,0,1,1,0,0
17,76,1,2,6,70,0,2,2,1,1,4,2,1,67,1,1,1,1,0
22,68,2,1,9,53,2,1,1,1,1,2,0,1,65,0,1,1,1,0
17,86,2,2,8,74,1,1,0,2,1,4,1,0,70,1,0,1,1,0
20,95,2,1,8,87,0,0,0,1,2,3,2,1,71,0,0,1,1,0
33,90,0,1,9,77,1,3,1,2,0,6,2,1,73,1,1,1,1,1
19,95,0,2,8,99,1,0,0,1,1,2,2,1,70,1,1,1,1,0
18,81,2,0,9,73,2,1,1,2,1,2,0,0,67,0,1,1,1,0
16,90,0,2,8,51,1,1,2,1,1,5,0,1,67,0,1,1,1,0
24,66,0,2,7,74,1,0,2,2,1,2,1,1,65,1,1,1,0,0
19,74,2,2,6,96,1,2,2,1,1,3,1,0,69,1,1,1,1,0
16,76,2,2,6,55,1,1,0,1,2,1,2,0,65,1,1,0,1,0
28,80,1,2,8,61,0,1,0,1,0,3,1,2,68,0,0,1,1,0
29,97,2,1,7,86,1,0,1,1,2,3,1,0,74,0,1,1,0,0
16,95,0,1,5,65,2,0,1,1,1,3,1,0,68,0,0,1,1,0
9,65,1,1,4,88,0,1,0,1,2,3,1,0,61,1,1,1,0,0
26,67,1,0,10,71,2,3,0,1,1,3,2,0,67,1,1,1,1,0
16,74,2,2,6,90,1,1,0,1,0,4,0,0,66,0,0,1,1,1
25,72,0,0,6,78,0,8,1,2,2,4,0,0,69,1,1,1,1,0
8,85,1,0,9,54,0,1,0,2,2,3,0,0,62,1,0,1,1,0
25,96,1,2,5,69,0,0,0,1,1,4,0,1,71,1,1,1,1,0
13,98,2,2,8,67,1,1,1,1,2,4,2,1,71,0,0,1,1,0
24,86,1,2,10,91,0,0,0,2,2,4,1,0,72,0,0,1,1,0
20,94,1,2,10,81,0,1,1,2,1,5,0,2,69,0,1,1,1,1
14,81,0,1,6,89,1,6,0,2,1,3,1,0,67,0,0,0,0,0
18,68,1,2,7,69,1,1,0,2,1,4,0,1,63,0,1,1,0,1
24,81,1,1,6,85,1,1,1,2,1,4,1,1,68,1,1,0,1,0
21,82,2,2,7,53,0,0,2,1,2,2,2,0,69,1,1,1,1,0
24,90,1,0,9,52,0,0,0,1,0,3,1,0,65,0,1,1,1,1
32,69,2,2,5,64,1,0,1,1,0,3,2,0,70,0,1,1,1,0
11,75,1,1,8,89,1,2,2,2,2,4,1,1,65,1,0,1,0,0
30,75,1,1,7,77,1,0,0,1,2,2,0,1,67,1,1,1,0,0
21,98,1,2,9,70,1,0,0,2,2,1,1,0,72,1,1,1,1,0
15,78,1,2,9,95,2,1,2,2,2,3,0,0,69,1,1,1,1,0
12,90,2,2,6,75,0,2,1,1,1,3,2,0,69,1,1,0,1,0
19,90,2,0,7,81,1,4,2,2,1,4,1,0,71,0,1,1,0,1
26,71,1,0,8,99,1,1,1,2,2,3,0,2,67,1,1,1,1,0
19,83,0,0,8,76,0,3,0,0,1,3,2,0,65,0,1,1,0,0
29,96,0,0,4,89,1,2,0,2,1,2,0,2,70,0,1,1,0,0
11,79,1,1,8,71,0,1,1,1,2,2,1,1,63,0,0,1,0,0
20,98,2,2,9,52,1,0,1,1,2,3,1,2,71,1,0,1,1,0
12,69,2,1,7,92,0,1,1,1,1,3,1,0,64,0,1,1,1,0
22,63,1,2,8,97,2,5,1,1,1,3,0,0,69,1,0,1,1,0
25,96,0,1,9,72,0,0,0,1,2,3,0,0,69,1,0,1,0,0
17,94,1,1,7,75,1,1,0,2,2,3,2,1,70,1,1,1,1,0
4,100,2,0,8,71,0,2,0,1,0,4,0,1,64,0,0,1,0,0
21,87,1,2,7,100,0,1,0,1,2,3,0,0,70,1,1,1,0,0
23,97,1,2,7,95,1,0,1,2,2,4,2,1,74,0,0,1,0,0
22,93,1,1,6,52,1,1,0,1,0,3,1,0,69,0,1,1,1,0
27,94,0,1,7,89,1,3,0,1,2,2,1,0,73,0,0,1,1,0
14,83,1,1,10,80,1,1,1,2,1,3,1,0,66,0,0,1,1,1
24,75,2,2,6,51,2,1,1,2,0,3,0,0,67,1,1,0,1,0
27,97,2,2,8,72,1,6,0,1,1,2,1,0,76,0,1,1,0,0
9,77,1,1,7,57,0,2,1,0,0,3,0,0,61,1,1,1,0,0
22,82,0,1,9,94,2,0,1,1,2,4,0,1,68,0,1,1,1,0
17,78,1,0,9,51,2,1,0,1,1,3,0,1,63,1,0,1,1,0
20,83,2,0,6,94,1,1,0,1,1,2,0,0,67,1,1,1,1,0
22,79,0,0,6,97,0,3,2,1,0,3,0,1,66,1,1,1,1,0
17,62,2,0,6,54,0,2,1,2,1,3,1,0,62,1,1,1,1,0
16,95,2,0,6,86,1,0,0,2,1,3,0,0,69,1,0,1,1,0
20,78,1,1,6,77,1,3,1,1,2,3,0,1,67,1,0,1,0,0
13,84,1,1,8,98,0,2,1,1,2,2,1,1,66,0,1,0,0,0
13,66,2,1,6,90,1,2,0,1,2,3,0,1,63,1,1,1,1,1
24,60,1,1,6,85,0,1,2,1,1,2,2,1,64,1,1,1,0,0
13,70,0,1,6,96,2,2,1,1,0,5,2,1,64,1,0,1,1,0
24,88,0,1,8,58,1,1,0,2,0,3,0,0,67,1,1,1,0,0
23,64,0,1,7,69,2,4,2,1,2,3,0,1,66,1,1,1,1,0
10,96,2,2,7,92,1,1,0,0,1,1,0,0,68,0,1,1,1,0
16,69,1,2,6,55,1,1,1,2,0,1,0,1,62,1,1,1,1,0
27,68,1,1,5,97,0,1,1,1,0,4,1,0,68,1,1,1,1,0
14,67,2,0,9,87,1,1,1,1,2,3,0,0,63,1,0,1,0,0
17,61,1,2,7,72,0,1,1,2,1,2,0,1,62,1,1,1,0,0
23,91,2,2,10,67,2,2,0,1,2,2,1,0,72,1,1,1,0,0
25,95,1,0,8,57,0,4,0,1,1,3,0,1,69,0,1,1,0,0
18,85,1,0,10,55,2,3,1,2,1,3,0,0,67,1,1,1,1,0
16,68,1,2,8,71,1,1,2,2,1,3,0,1,65,1,0,1,1,0
29,71,2,1,7,92,0,1,0,1,2,3,0,0,69,0,1,1,0,0
30,79,2,2,6,77,1,1,0,1,2,2,0,0,72,1,1,1,1,0
26,98,0,1,6,73,1,2,0,0,0,3,0,0,70,0,1,1,1,0
21,70,2,2,9,66,1,1,1,0,1,4,1,1,91,1,1,1,0,0
15,89,2,0,7,58,0,2,0,1,0,3,0,1,65,1,1,1,1,0
15,78,0,1,8,100,0,0,0,1,0,3,0,0,62,0,1,1,1,1
23,72,0,2,8,51,1,2,0,1,2,3,1,2,65,1,0,1,1,0
23,78,1,1,8,66,1,1,1,2,1,1,1,1,67,0,1,1,1,0
28,63,1,0,6,88,2,4,1,2,1,4,0,2,67,1,1,1,0,0
24,92,1,2,9,76,1,2,2,1,2,2,0,0,72,0,1,1,0,0
11,70,1,0,7,66,0,1,1,2,0,3,0,0,60,0,1,1,1,0
26,89,1,0,7,100,0,0,1,0,1,3,0,0,69,0,1,1,0,0
14,63,1,1,8,81,0,0,1,0,2,5,0,0,61,0,0,1,0,0
18,98,0,1,7,65,1,1,2,1,1,4,2,0,70,0,0,1,1,0
22,68,1,2,4,92,2,2,2,1,1,3,0,0,68,1,1,1,0,0
32,95,1,2,9,58,1,2,1,1,2,4,0,0,75,1,0,1,1,0
39,92,1,1,9,73,1,1,1,1,0,4,2,1,75,1,1,1,0,0
24,99,2,1,4,92,0,2,2,1,1,3,0,2,72,1,0,1,0,0
19,79,0,1,5,99,2,1,0,1,0,4,1,1,66,0,0,1,1,0
23,89,0,2,10,69,0,5,1,1,1,4,0,0,71,1,1,1,0,0
25,75,0,2,7,57,2,4,0,2,2,5,1,0,70,1,1,1,0,0
18,67,1,2,7,78,0,2,1,1,0,3,0,0,63,0,1,1,1,1
31,78,2,2,6,97,0,0,1,2,1,3,0,0,72,1,1,1,1,0
21,67,1,1,5,83,1,1,0,2,1,5,0,0,65,1,0,1,1,0
23,99,1,1,7,80,0,3,0,0,1,2,0,0,71,1,0,1,1,0
24,64,1,1,8,65,1,0,1,1,2,3,1,0,65,0,1,1,1,0
23,84,1,0,7,80,1,1,1,2,2,3,1,1,69,0,0,1,1,0
25,85,1,0,8,94,1,3,1,2,2,3,0,1,71,1,1,1,1,0
16,82,1,2,10,69,1,2,0,1,2,4,1,0,68,1,1,1,1,0
17,86,0,1,6,62,0,2,1,2,2,4,0,0,66,0,1,1,0,0
13,65,2,1,7,74,0,0,2,1,1,2,0,1,60,1,1,1,0,1
23,82,1,1,9,69,1,0,2,1,2,3,0,0,68,0,1,1,0,0
25,71,1,2,6,73,1,1,0,1,1,4,0,0,67,0,0,1,1,0
23,98,1,0,7,55,1,3,2,2,1,4,0,0,71,1,0,1,0,0
30,90,2,1,10,67,2,2,1,1,1,6,0,0,74,1,0,1,0,0
20,99,0,1,6,91,1,2,1,0,0,4,0,0,70,1,1,1,0,0
24,62,0,2,9,70,0,2,0,1,2,2,1,1,63,0,1,1,0,0
13,71,1,1,7,98,1,0,1,1,2,3,1,0,64,1,1,1,0,0
18,68,1,2,10,85,2,3,0,1,1,3,0,0,66,1,1,1,1,0
24,60,1,1,5,68,1,0,1,0,1,3,2,0,64,0,1,1,1,0
25,70,2,2,7,63,1,1,1,2,2,3,1,1,69,1,0,1,1,0
18,87,1,2,5,84,1,2,1,0,2,4,2,0,71,1,0,1,1,0
20,69,2,1,6,65,1,1,0,1,1,2,0,0,64,0,1,1,0,0
11,80,1,1,6,96,0,1,0,2,1,3,0,0,65,1,1,1,1,0
18,96,2,1,7,56,0,2,1,1,1,1,1,0,69,0,0,1,0,0
25,88,1,2,5,51,1,1,1,0,1,1,0,0,68,0,1,1,0,0
23,76,1,1,7,61,1,3,1,0,2,4,0,0,68,1,1,1,1,0
23,75,2,1,8,80,2,0,0,2,1,4,0,1,68,0,0,1,1,0
20,78,0,1,5,92,0,1,1,1,2,3,0,2,65,1,1,1,1,0
20,67,2,2,6,59,0,1,1,1,0,4,1,0,65,0,0,1,0,0
16,85,1,0,10,79,0,1,2,1,1,3,1,0,66,1,0,1,0,0
24,75,2,0,7,57,1,0,1,1,1,1,2,0,66,1,1,1,0,0
23,94,1,0,4,78,1,2,2,2,1,4,0,1,71,1,1,1,1,0
23,90,2,1,5,51,1,0,0,2,0,1,0,0,68,1,1,1,1,0
17,84,0,1,7,78,0,0,2,2,1,5,1,1,65,0,1,1,1,1
7,75,1,2,7,76,1,0,1,0,2,4,1,1,63,0,0,1,1,0
27,68,2,1,6,52,1,1,1,0,1,5,2,2,66,0,0,1,0,0
17,91,2,0,10,84,1,7,0,2,1,4,1,1,71,1,1,1,1,1
15,79,0,1,10,79,1,2,0,1,1,4,1,1,65,1,0,1,1,0
24,69,1,2,7,81,0,3,1,1,1,4,0,0,68,0,0,1,1,0
18,68,1,1,8,76,2,2,2,1,1,3,2,0,66,1,1,1,1,0
26,67,0,2,8,86,1,2,0,1,0,2,0,0,64,0,1,1,0,1
24,91,1,0,9,76,2,1,0,0,2,4,1,0,70,0,1,1,1,0
24,69,2,0,6,96,1,4,2,1,2,4,1,1,70,1,1,1,1,0
12,81,1,2,10,97,0,1,0,1,2,5,0,0,66,0,0,1,0,0
27,78,1,1,7,86,1,3,1,1,2,2,0,1,70,0,1,1,1,0
22,83,2,2,8,96,1,2,1,2,2,0,1,0,71,0,1,0,0,0
18,95,0,2,7,96,1,2,1,2,2,4,0,1,70,1,0,1,0,1
21,95,1,1,7,63,1,1,0,1,2,4,2,0,70,1,0,1,0,0
9,78,2,1,7,100,0,2,1,1,2,2,0,0,66,1,1,1,1,0
22,61,2,1,5,63,0,1,0,1,2,3,2,0,64,1,1,1,0,0
14,77,2,2,4,51,0,5,0,1,2,3,1,1,66,1,1,1,0,0
12,84,2,1,7,98,2,1,0,1,2,3,0,0,68,0,1,1,1,0
11,82,0,0,6,61,0,2,1,1,1,2,0,0,61,0,1,1,0,0
27,86,1,1,8,79,1,2,0,2,2,4,1,0,72,1,0,1,1,0
16,66,2,2,8,99,1,1,0,2,2,3,0,1,66,1,0,1,0,0
29,86,0,0,7,52,1,1,0,1,2,3,1,0,68,0,1,1,1,0
17,67,0,1,9,63,2,1,0,2,0,4,1,2,61,1,1,1,0,0
10,90,2,1,7,80,0,0,1,1,1,5,0,0,67,0,1,1,1,0
13,74,2,2,5,88,0,3,0,1,1,3,1,0,66,0,0,1,1,1
27,88,1,1,7,90,1,3,1,1,2,4,2,1,74,0,1,1,1,0
19,62,2,1,9,94,1,0,2,0,1,4,2,0,66,0,1,1,1,0
17,76,2,1,4,58,1,4,1,1,1,2,2,1,67,0,0,1,1,0
21,88,2,0,7,69,1,4,1,1,1,3,1,0,71,1,0,1,1,0
23,69,2,0,8,86,2,0,1,2,1,4,1,2,66,1,1,1,1,0
27,92,1,1,10,86,2,0,0,0,2,3,0,1,71,1,0,1,1,0
29,85,2,1,9,65,2,4,0,1,1,4,2,1,72,1,0,0,1,0
18,84,1,1,7,65,1,2,1,1,0,3,0,0,66,0,1,1,1,0
12,74,2,0,8,66,0,1,0,1,2,2,0,0,62,1,1,1,1,0
18,79,2,1,4,95,0,1,0,2,0,2,0,1,66,0,1,1,1,0
22,84,0,2,5,95,1,2,0,2,1,3,0,1,69,1,1,1,1,0
14,79,1,1,8,51,1,0,1,2,0,4,0,0,64,1,1,1,1,0
14,88,1,1,7,66,1,4,1,2,2,3,0,0,69,0,1,1,1,0
22,77,2,0,7,70,1,2,1,1,2,4,2,0,69,1,0,1,1,0
20,68,2,0,7,99,2,0,0,1,2,2,1,1,64,0,1,1,1,1
20,69,1,2,7,97,1,3,1,2,2,3,1,0,68,0,1,1,1,1
15,60,1,1,7,81,0,4,0,2,2,2,0,0,63,1,1,1,1,0
19,72,2,1,5,52,0,1,0,1,2,2,0,0,64,1,1,1,1,0
14,90,1,2,7,60,1,2,1,1,1,4,2,0,69,1,1,1,1,0
25,92,0,2,5,72,1,1,1,1,2,4,0,0,71,0,1,1,0,0
26,68,1,2,6,98,0,2,1,1,1,3,1,2,67,0,0,1,0,0
9,98,2,1,9,55,0,3,0,1,2,2,0,0,67,1,1,1,0,0
14,80,2,0,7,90,2,2,0,2,0,2,1,2,66,0,1,1,1,0
11,97,1,2,8,60,1,0,1,0,2,3,0,0,67,1,0,1,1,0
16,88,0,2,7,75,0,2,1,1,1,4,2,0,68,0,1,1,0,0
19,89,1,1,6,88,0,1,1,2,2,2,0,0,69,0,1,1,1,0
11,63,2,2,5,85,2,0,0,2,2,4,0,1,62,0,1,0,1,1
14,69,1,1,6,89,2,2,2,2,2,5,0,1,66,0,0,1,1,0
14,60,1,1,7,91,1,1,0,2,0,3,2,0,63,1,0,1,1,0
21,89,0,0,8,65,1,2,0,0,1,3,1,0,67,0,1,1,1,0
20,74,2,1,7,68,2,3,1,1,2,4,0,2,68,1,1,1,0,0
16,91,1,0,8,91,0,2,1,1,1,2,0,2,66,0,1,1,0,0
21,74,1,1,5,52,1,3,1,1,2,1,0,0,66,1,0,1,1,0
17,93,2,1,8,76,0,0,0,1,0,3,0,1,67,0,0,1,0,0
18,65,2,1,5,96,1,1,2,1,1,2,0,0,66,0,0,1,1,0
30,67,1,1,8,94,1,1,1,1,1,2,1,0,69,0,1,1,1,0
28,74,1,2,8,90,2,2,1,1,2,3,2,0,72,1,1,1,0,0
12,76,1,0,4,51,1,0,0,1,1,1,0,0,60,0,0,1,1,0
25,74,0,2,8,94,2,0,0,1,2,4,0,1,68,0,1,1,1,0
25,91,0,1,8,96,1,3,1,1,1,3,0,0,72,0,1,1,1,0
13,64,1,2,9,83,0,1,2,1,2,4,0,0,64,1,1,1,1,0
25,74,0,1,6,65,2,0,2,1,1,1,0,1,65,1,1,1,1,0
29,93,2,2,7,74,1,3,1,2,2,3,0,0,76,1,0,1,0,0
13,63,0,1,8,88,1,0,0,1,0,2,0,0,59,1,0,1,0,0
14,98,1,1,8,91,0,0,0,1,0,4,0,1,67,1,1,1,1,0
26,99,1,1,8,67,1,4,1,1,2,4,0,0,73,1,0,1,1,1
22,64,1,2,6,66,0,1,1,1,1,4,1,0,64,1,1,1,0,0
23,72,1,2,8,87,0,3,1,0,1,3,0,0,67,1,1,1,0,0
22,75,2,1,8,84,0,3,2,1,0,3,1,0,69,1,1,1,1,0
22,91,1,0,7,76,1,1,0,2,1,3,1,1,69,0,1,1,1,0
12,84,2,2,6,71,1,2,1,1,2,3,1,1,67,1,1,0,1,0
26,86,1,2,6,83,1,2,0,1,2,4,0,0,72,1,1,1,1,0
27,90,0,1,9,52,0,2,0,2,2,2,1,0,86,1,1,0,0,1
19,65,1,2,8,54,1,0,0,2,1,3,0,2,62,0,0,1,1,0
20,93,1,0,7,79,1,1,1,0,1,3,2,0,69,0,1,1,0,0
11,88,2,2,7,61,0,2,1,1,1,3,2,0,68,1,1,1,1,0
23,83,2,2,4,89,0,1,1,1,0,3,0,2,99,1,1,1,1,0
23,96,0,1,7,89,1,1,0,1,2,3,1,2,70,0,0,1,1,0
20,88,0,1,5,85,1,2,1,1,0,3,0,0,68,1,1,1,1,0
27,68,1,1,7,95,0,0,1,1,2,4,0,0,67,1,1,1,1,0
18,77,2,1,9,57,0,1,0,2,0,2,2,0,66,1,1,1,1,0
23,80,0,2,6,63,0,0,2,1,2,2,0,0,66,1,0,1,0,0
14,62,1,2,7,63,1,2,0,1,2,2,1,1,62,0,1,1,1,0
20,98,1,1,8,89,2,3,2,1,0,2,1,0,72,1,1,1,1,1
19,65,1,2,7,76,1,0,1,1,1,3,2,0,64,0,1,0,1,0
21,88,1,1,6,63,0,1,1,1,1,3,0,0,68,0,1,1,1,0
18,80,1,2,7,57,1,2,0,0,2,3,2,2,66,0,1,1,1,0
19,61,1,2,8,95,2,4,1,1,2,3,1,0,68,1,0,1,1,0
25,97,0,2,7,85,2,3,2,1,1,1,2,0,75,1,1,1,1,0
17,94,0,0,7,76,2,3,0,2,1,3,1,2,67,1,1,1,0,1
10,81,0,1,9,98,1,2,0,1,1,2,1,0,65,1,1,1,1,0
30,69,1,1,8,92,1,2,1,0,1,3,0,0,68,0,1,1,0,0
28,65,1,1,5,59,2,2,0,1,1,5,0,0,67,1,0,1,1,0
12,75,1,1,8,75,2,1,0,1,0,2,1,0,63,0,0,1,1,0
24,70,1,2,8,74,0,2,1,2,0,3,0,0,67,1,1,1,1,0
17,80,1,1,5,92,1,0,0,1,0,4,2,0,67,0,0,1,1,0
22,99,1,1,4,57,2,2,1,2,2,3,1,0,73,0,1,1,1,0
22,83,1,1,5,73,2,0,0,1,2,3,0,0,67,1,1,0,1,0
19,96,1,1,7,82,1,1,2,1,1,4,2,0,71,1,1,1,0,0
15,86,0,1,9,97,1,2,1,1,0,4,0,0,67,1,1,1,0,0
16,79,2,0,6,95,1,0,2,1,1,5,1,0,68,1,1,1,1,0
15,94,0,0,8,77,1,1,2,2,2,1,1,0,68,1,0,1,1,0
15,79,2,1,4,80,1,1,2,1,0,4,0,2,66,1,0,1,1,0
20,95,2,0,7,93,0,0,0,2,1,2,0,0,68,1,1,0,1,0
16,72,1,0,6,87,1,2,1,0,2,4,0,0,63,0,0,0,0,0
24,65,2,2,10,94,1,2,1,1,1,2,2,1,68,1,1,1,0,0
29,94,0,2,4,95,1,1,1,1,2,5,0,0,74,1,1,1,1,0
17,83,0,1,7,92,0,3,0,1,1,2,0,1,65,1,1,1,1,1
21,96,1,1,4,50,1,1,0,0,2,2,2,1,69,1,0,1,1,0
23,98,1,2,6,66,1,1,0,1,1,1,0,1,70,1,1,1,0,0
23,62,1,0,4,70,2,3,1,2,2,2,1,1,65,0,1,1,1,0
20,80,1,1,10,84,1,1,1,1,2,4,1,0,68,1,1,1,0,0
24,75,0,1,6,65,1,0,1,1,2,5,1,1,65,1,1,0,0,0
23,85,1,2,7,66,0,0,2,2,1,2,1,0,68,1,1,0,0,0
13,92,1,2,7,70,0,4,0,1,1,3,0,0,68,1,1,1,1,0
25,71,1,1,5,98,0,0,0,1,2,1,2,2,66,1,1,1,1,0
25,82,2,1,9,72,2,0,2,1,2,0,1,0,70,0,1,1,0,0
15,88,1,1,8,57,1,1,2,1,2,2,0,2,66,1,0,1,0,0
20,65,1,2,8,50,1,0,0,1,2,5,0,0,64,1,1,1,1,0
24,93,1,2,5,62,1,1,0,1,1,1,1,0,70,0,1,1,0,0
19,84,2,1,9,97,0,1,2,1,0,3,0,0,68,1,1,1,0,1
26,98,0,2,9,98,0,4,0,0,2,2,1,1,74,1,1,1,1,0
34,74,2,0,7,76,1,2,0,2,2,2,1,0,71,0,1,1,1,0
15,64,1,1,8,82,0,0,0,1,0,3,0,0,61,1,1,1,1,0
12,80,1,0,7,90,1,3,0,1,1,3,0,0,64,0,1,1,0,0
22,63,2,0,5,53,2,2,2,1,1,1,2,1,64,1,1,1,0,0
24,99,2,1,7,69,1,0,1,1,2,3,0,0,73,1,0,1,1,0
19,62,1,2,6,82,1,0,0,2,0,3,1,1,62,1,1,1,1,1
29,90,0,1,7,95,1,0,2,2,1,2,0,0,71,1,1,1,1,1
12,81,2,1,9,86,1,2,1,2,0,2,2,0,68,1,1,1,1,0
24,75,1,0,5,68,2,2,1,1,1,2,2,0,67,1,1,1,1,0
16,63,1,1,6,95,2,1,1,1,0,4,1,2,63,0,1,1,0,0
30,85,0,1,6,83,1,2,1,1,2,3,1,0,71,0,1,1,0,0
32,83,1,1,6,92,0,1,2,1,1,3,0,0,72,1,1,1,1,0
15,71,2,1,6,69,2,3,1,2,2,3,2,1,66,0,1,0,0,0
17,96,1,1,7,50,0,1,1,1,0,4,0,0,67,0,0,1,1,0
25,72,2,1,8,58,1,0,0,1,0,4,1,1,66,0,1,1,1,0
18,78,0,1,8,96,1,4,2,1,2,4,1,0,68,1,1,1,0,1
20,82,0,0,7,52,0,0,1,1,1,3,1,0,64,0,0,1,1,0
20,64,1,1,8,80,2,1,1,1,2,3,0,0,65,1,0,1,1,0
8,97,2,1,10,70,2,0,0,0,1,1,0,0,66,1,1,1,1,0
20,75,2,2,7,71,2,1,1,2,2,4,1,1,69,1,1,1,1,0
16,63,2,2,9,70,0,2,1,2,0,5,1,1,64,0,0,1,0,0
17,75,0,2,8,53,1,1,0,2,2,3,1,0,65,0,1,1,1,0
29,84,2,1,10,56,2,3,0,2,1,4,2,2,72,0,1,1,1,0
12,81,2,1,8,53,0,1,1,2,2,3,1,0,65,1,0,1,0,0
25,88,0,2,6,53,1,2,1,2,0,4,1,0,70,0,1,1,1,0
18,62,1,1,7,54,1,2,1,2,2,3,2,1,64,1,0,1,1,0
18,71,1,0,7,85,0,1,0,0,1,2,0,1,62,1,1,1,1,0
25,93,1,2,8,56,2,0,0,0,1,3,0,0,69,1,0,1,0,0
22,63,2,0,6,63,0,1,1,0,0,2,2,1,62,1,1,1,0,0
23,94,0,0,9,83,1,2,0,1,2,2,0,0,69,0,0,1,1,0
26,64,1,2,7,56,1,3,1,1,2,3,0,0,66,1,1,1,0,0
18,93,1,2,8,96,1,2,1,0,2,2,0,1,71,0,1,1,1,0
16,74,1,2,7,74,0,4,0,0,2,3,0,0,66,1,0,1,1,0
13,84,2,1,7,98,1,0,0,0,1,4,0,0,64,1,1,0,0,1
15,66,1,2,7,60,2,2,2,1,0,3,0,1,63,0,0,1,1,0
38,63,1,2,8,52,2,1,1,1,2,3,1,1,69,1,0,1,0,0
27,69,2,2,10,80,1,1,1,2,2,4,0,0,68,0,1,0,1,1
12,65,2,2,4,66,1,0,1,2,1,2,0,0,63,0,1,1,1,0
12,72,1,1,8,79,2,1,2,1,2,3,1,2,64,1,1,1,1,0
23,81,1,0,7,74,1,0,0,1,1,0,2,0,66,0,1,1,1,0
23,84,1,2,7,73,1,1,2,1,2,4,0,0,71,1,1,1,1,0
23,92,2,1,4,93,2,0,2,1,0,4,0,0,72,0,1,1,1,0
18,86,2,1,8,60,1,2,0,2,1,1,1,0,88,1,0,1,0,0
19,84,1,2,7,75,0,1,0,1,0,2,1,2,66,1,1,1,1,0
22,76,1,1,6,71,1,0,0,2,1,2,0,1,65,1,0,1,1,0
21,79,0,1,7,84,0,2,1,1,1,3,0,0,66,1,0,1,1,0
7,77,0,1,7,53,2,4,0,1,2,2,1,1,62,0,0,1,1,0
19,94,1,0,4,76,1,4,0,2,0,3,0,1,68,0,0,1,0,0
15,69,1,1,7,74,2,2,0,1,1,5,2,0,65,0,0,1,1,0
21,60,0,2,8,99,0,0,0,0,2,3,0,0,62,1,0,1,0,0
38,86,2,1,6,88,2,1,0,2,0,4,0,1,74,0,1,1,0,0
22,68,1,0,7,58,1,0,1,1,1,3,2,0,64,1,1,1,1,0
18,96,2,2,7,75,2,2,1,2,0,2,0,0,72,1,1,1,0,0
26,94,1,1,9,89,1,0,0,1,1,3,0,0,70,0,1,1,0,1
23,63,2,1,7,76,1,2,1,2,2,1,0,2,65,1,1,1,0,0
23,64,1,2,8,68,0,3,0,2,1,3,0,0,66,0,1,1,1,0
24,80,1,1,7,69,0,0,1,2,2,3,1,2,67,1,0,1,1,0
32,84,1,2,10,68,1,1,0,1,2,5,0,0,73,1,1,1,1,0
13,71,1,2,6,51,0,4,2,1,2,4,1,1,65,0,1,1,1,0
23,89,2,2,6,87,1,4,1,2,1,3,1,0,74,0,0,1,0,0
14,84,1,1,7,81,1,0,2,1,1,2,1,0,66,0,1,1,0,0
23,73,1,1,6,63,1,1,2,1,2,3,0,0,67,1,1,1,0,0
14,61,1,1,5,82,0,0,0,1,1,0,0,0,58,0,1,0,0,0
17,90,2,2,8,65,1,2,0,2,2,3,2,1,71,1,1,1,0,0
18,69,0,2,4,62,2,1,1,0,1,3,0,1,63,1,1,1,1,0
26,93,0,2,6,87,1,1,1,2,2,3,1,0,73,0,1,1,0,0
26,77,2,1,5,90,1,1,1,1,1,2,0,2,68,0,0,1,1,0
13,83,0,1,7,81,1,4,0,1,0,5,1,0,66,0,1,1,1,0
20,95,0,1,4,89,1,3,0,1,0,3,0,0,68,1,1,1,0,1
16,95,1,0,8,68,0,2,1,2,1,4,0,0,66,0,1,0,0,0
12,75,1,2,8,54,0,1,1,2,0,3,0,0,62,0,1,1,0,0
19,68,1,1,5,80,1,0,1,1,1,3,0,1,78,1,1,1,1,1
18,91,1,1,7,63,1,1,1,1,0,4,1,0,68,1,1,1,0,0
35,77,2,2,8,89,1,5,2,1,2,4,1,0,77,0,1,1,1,0
23,68,2,0,8,68,1,1,1,1,1,2,1,0,65,1,1,1,1,0
12,96,2,2,5,84,0,3,2,1,2,4,2,0,73,0,1,1,1,0
17,68,1,0,5,78,1,4,0,0,2,2,1,0,64,1,1,1,1,0
26,61,0,2,9,91,1,0,2,2,2,4,1,0,67,0,0,0,1,0
33,61,2,1,6,92,1,1,1,1,2,4,0,0,69,0,1,1,0,0
10,85,0,0,6,53,2,1,0,1,1,3,0,1,60,1,0,1,1,1
9,86,2,1,8,65,2,0,1,1,2,3,1,0,66,0,1,1,0,0
31,72,0,2,5,94,2,2,0,0,2,2,0,0,70,1,1,1,1,0
22,73,2,1,7,70,0,2,0,1,2,3,1,0,66,1,1,0,1,0
15,74,2,1,8,76,1,1,1,0,1,4,0,2,64,1,1,1,1,0
23,87,1,2,5,59,1,1,2,0,1,4,1,0,70,1,1,1,0,0
4,62,1,1,6,78,2,3,2,1,1,2,0,2,58,0,1,1,0,0
20,97,1,2,5,63,1,0,0,1,0,3,1,2,69,0,1,1,1,0
22,69,1,1,6,91,0,0,2,2,1,1,0,1,64,1,0,1,1,1
26,100,0,1,9,60,1,2,1,1,2,4,0,0,72,1,1,1,0,0
14,67,1,1,9,68,0,1,0,1,1,3,0,0,60,1,1,1,1,1
21,91,1,1,7,55,2,2,2,1,1,3,0,0,70,0,0,1,1,0
14,69,1,0,8,79,1,1,2,1,0,1,2,1,62,0,1,1,1,0
22,63,1,1,8,97,1,1,2,2,1,3,0,1,66,0,1,1,1,0
15,95,1,1,6,59,0,0,1,1,2,5,0,2,66,0,0,1,1,0
18,94,0,1,7,51,1,1,0,1,1,3,1,1,65,1,1,1,1,1
14,76,2,1,5,71,1,1,0,1,0,3,0,0,64,1,1,1,1,0
24,88,2,1,6,87,1,1,2,0,2,3,0,0,72,0,0,1,1,0
25,82,1,1,7,99,2,3,0,2,1,2,0,0,71,0,1,1,1,0
19,94,0,2,5,53,1,1,1,1,1,3,0,0,68,0,1,1,0,0
20,73,2,1,5,89,1,2,1,2,2,5,0,1,68,0,1,1,1,1
11,81,0,1,6,68,2,2,2,1,0,3,2,2,64,0,0,1,1,0
18,79,0,1,9,58,1,3,1,2,0,3,0,0,65,0,1,1,1,0
20,74,1,2,9,60,1,1,0,1,2,3,0,1,64,0,1,0,1,0
36,96,1,0,7,96,1,1,0,2,2,3,1,1,75,0,1,1,0,0
13,67,0,1,8,90,1,2,0,1,0,2,0,0,61,1,0,1,1,0
29,66,2,2,6,66,1,0,1,1,0,3,2,0,68,1,0,1,0,0
26,83,1,1,4,97,0,2,0,2,0,4,1,1,70,1,1,1,0,0
22,86,2,1,6,55,1,5,2,0,0,3,2,0,71,0,0,1,0,0
31,68,0,2,7,66,0,0,0,1,2,3,0,0,66,1,1,1,1,0
22,76,2,0,7,83,0,0,0,1,2,1,1,0,66,1,1,1,1,0
22,98,1,1,7,100,0,0,0,1,1,3,0,2,70,1,1,1,1,0
20,70,0,1,7,73,1,0,0,1,0,5,0,0,62,0,1,1,0,0
27,87,2,0,6,91,0,4,2,1,1,4,0,1,72,1,1,1,1,0
27,90,2,1,8,96,2,0,1,1,0,4,0,1,72,1,1,1,0,0
16,78,0,1,5,50,1,2,0,1,2,2,1,1,63,1,0,1,1,0
12,98,2,0,8,64,1,5,0,1,1,5,1,0,69,0,1,0,1,0
19,89,1,1,6,55,1,0,1,2,2,2,2,1,68,1,1,1,1,0
15,78,2,2,10,89,0,0,1,1,1,3,0,0,67,1,1,1,1,0
20,83,2,2,7,78,2,3,0,1,1,2,1,0,71,0,0,1,1,0
27,88,0,1,6,55,0,2,0,1,2,5,0,2,67,1,1,0,1,0
17,84,0,0,6,71,0,0,1,1,0,4,0,0,62,1,0,1,1,1
20,95,1,1,6,76,1,0,0,2,2,4,0,1,69,0,0,1,0,0
20,74,2,1,8,85,1,2,0,1,2,0,0,0,67,1,1,1,1,0
25,72,1,2,7,89,1,2,0,2,2,3,2,0,71,0,1,1,1,0
7,69,1,2,8,54,2,1,1,2,2,2,0,2,87,1,1,1,1,0
16,62,0,1,8,74,1,2,2,2,1,3,0,1,62,1,0,1,0,0
21,62,2,0,7,58,1,2,0,2,2,1,1,0,64,0,1,1,1,0
27,95,1,2,8,88,2,3,1,1,2,2,0,2,74,0,0,1,0,0
17,87,2,2,9,83,1,0,0,2,1,2,1,1,69,1,1,1,1,0
9,86,2,1,8,86,1,1,0,2,1,1,0,0,65,1,1,1,0,0
24,85,0,1,7,54,1,2,1,0,1,3,1,1,66,0,1,0,1,0
16,94,1,1,8,76,0,3,1,1,0,4,2,0,70,0,1,1,1,0
13,79,2,2,5,92,1,3,1,1,1,3,0,0,68,1,1,1,0,0
16,95,0,0,10,86,1,4,2,1,2,2,1,0,70,0,1,1,0,0
19,74,2,2,8,93,2,1,1,1,0,3,0,0,68,1,1,1,0,0
16,97,2,0,8,60,1,0,0,2,2,3,0,0,69,1,1,1,1,0
7,88,1,2,7,64,0,2,1,2,1,4,2,1,66,1,1,1,1,0
25,70,1,1,4,72,1,0,0,0,1,4,1,1,65,1,1,1,1,0
28,83,1,1,7,76,1,1,1,1,2,3,1,0,71,1,1,1,1,0
24,81,1,0,7,63,1,1,0,1,2,3,0,1,66,1,1,1,1,0
13,66,0,1,6,69,0,2,0,1,2,4,0,0,61,1,0,1,1,0
19,84,1,1,6,84,1,3,1,2,1,2,2,1,69,1,1,1,1,0
20,73,1,1,6,82,0,1,1,2,0,3,1,0,65,1,0,1,0,0
24,62,1,1,8,56,1,0,1,1,2,2,1,1,63,1,0,1,1,0
24,98,1,0,9,99,2,2,0,2,1,2,2,2,73,0,1,1,1,0
16,86,2,1,7,78,0,1,0,1,2,4,2,1,68,1,0,1,1,0
20,95,1,1,6,74,1,1,2,0,2,4,0,2,70,0,1,1,1,0
23,87,1,1,6,98,1,3,1,1,1,3,1,0,72,1,1,1,1,0
29,74,2,1,7,57,1,3,1,1,2,2,0,1,68,1,0,0,1,0
24,81,1,1,7,77,1,0,2,1,2,3,0,0,68,1,0,1,0,0
25,87,2,1,8,90,1,1,0,1,0,4,0,0,71,0,1,1,1,0
21,98,0,0,6,70,1,1,1,1,2,3,0,1,68,1,1,1,1,0
28,70,2,0,8,87,2,3,0,1,1,3,2,1,70,1,1,1,1,0
22,95,1,0,8,95,1,2,0,2,1,4,0,0,70,0,0,0,1,0
15,97,2,1,6,63,0,2,1,1,1,3,0,0,69,0,1,1,1,0
28,87,2,1,4,62,2,2,0,2,2,4,0,0,73,0,1,1,1,0
24,97,1,1,6,68,0,1,1,2,1,4,1,0,72,1,1,1,1,0
17,76,1,2,9,71,1,0,1,2,1,3,2,0,67,1,1,1,0,0
17,98,2,1,4,56,1,2,0,0,2,3,0,0,69,0,0,1,0,0
22,88,0,1,9,62,1,1,2,1,0,3,1,0,68,1,0,1,1,0
23,62,2,0,4,94,1,0,1,0,2,3,2,2,64,0,0,1,0,0
21,96,0,2,6,78,0,2,1,2,1,3,0,1,71,0,0,1,1,0
22,79,2,1,6,63,1,1,1,2,1,4,0,0,68,0,1,1,1,0
30,78,1,2,10,97,1,1,0,0,2,2,0,2,70,1,0,1,1,0
26,83,1,2,7,89,1,3,0,1,2,3,0,1,72,1,0,1,1,0
21,66,0,2,7,68,2,2,0,1,2,1,0,0,65,0,1,1,1,0
26,79,1,2,6,88,1,1,0,2,2,3,1,0,70,1,1,1,0,1
14,93,1,1,8,80,0,2,0,1,2,4,2,0,69,1,0,1,0,0
22,61,1,1,6,84,0,0,1,1,2,2,2,0,64,1,1,1,0,0
31,71,0,2,7,66,1,3,0,1,0,1,0,0,67,1,0,1,1,0
19,60,2,2,6,60,2,1,0,1,2,2,1,0,65,1,1,1,1,0
15,77,0,1,8,63,1,0,1,1,1,1,0,0,62,0,1,1,1,0
16,89,2,1,8,54,1,2,0,2,2,2,1,1,68,1,0,1,0,0
13,92,1,2,6,74,2,2,0,1,1,2,1,0,68,1,0,1,0,0
15,98,1,1,6,70,0,1,1,2,2,3,0,1,68,1,0,1,0,0
18,84,1,0,6,50,1,4,2,2,0,3,2,0,68,1,0,1,1,0
12,70,1,1,7,93,1,1,0,2,1,4,0,2,62,0,1,1,1,0
20,97,1,0,8,84,0,4,1,1,2,5,0,0,72,0,1,1,1,0
25,91,0,1,7,72,1,1,1,2,1,3,1,2,69,1,0,1,0,0
15,83,1,2,4,98,0,3,0,2,2,3,0,1,68,0,1,1,0,0
29,88,0,1,8,97,1,4,0,2,0,3,1,1,71,1,1,1,1,1
23,97,0,2,5,55,1,0,1,0,1,3,0,1,69,0,1,1,1,0
26,88,0,2,6,81,1,1,2,1,2,2,0,0,71,1,1,1,0,0
16,75,1,2,7,91,0,2,0,0,2,5,0,2,65,1,1,1,1,0
25,89,1,2,7,59,1,1,0,1,1,4,0,0,68,1,1,1,0,1
13,62,1,1,8,56,0,1,0,2,2,4,0,0,60,0,1,1,1,1
25,75,1,1,6,63,0,3,2,1,1,4,0,0,68,1,0,1,1,0
21,76,0,2,6,64,1,1,1,1,1,4,0,0,66,0,1,1,0,0
23,67,1,1,7,98,0,4,0,1,1,3,0,1,66,1,0,1,0,0
13,61,1,1,8,89,0,4,0,1,1,4,0,2,62,0,0,1,1,0
15,65,1,1,8,53,1,2,0,1,0,3,1,0,61,1,1,1,0,0
24,86,2,1,7,89,0,2,0,1,0,3,2,2,69,0,1,1,0,0
14,92,1,2,9,58,2,1,2,0,2,2,0,0,69,1,1,1,1,0
23,100,1,1,9,68,1,4,2,2,0,3,2,0,74,1,0,1,1,0
12,74,1,2,8,66,0,1,0,1,0,4,0,0,62,0,1,1,1,0
25,84,1,1,5,64,1,0,0,1,0,3,1,1,67,0,1,1,1,0
13,97,2,1,8,65,2,1,0,1,2,2,0,0,69,0,0,1,0,0
23,67,2,0,7,88,1,1,0,1,2,4,0,0,66,1,0,1,1,0
24,89,1,2,6,63,1,2,2,1,2,3,1,0,72,1,0,1,1,0
16,90,2,0,6,90,1,2,2,1,1,3,0,0,69,1,1,1,0,0
23,64,1,2,7,55,1,0,1,1,2,4,0,1,65,1,1,1,1,0
22,94,1,2,6,80,0,0,2,1,2,2,2,0,72,1,0,1,0,0
17,93,0,1,7,93,0,2,1,1,2,4,0,0,69,1,0,1,1,0
14,61,1,2,7,54,1,3,0,1,2,2,0,0,60,0,1,1,0,1
8,64,2,1,7,82,2,0,2,1,1,1,2,0,61,0,1,1,0,1
22,62,2,0,8,76,1,1,1,0,1,3,0,0,63,1,1,1,0,0
11,73,1,1,7,67,1,3,1,2,2,5,2,0,63,1,0,0,0,1
21,80,1,1,6,55,2,1,2,2,0,3,2,1,68,1,1,1,1,0
18,81,1,1,4,84,0,1,1,1,2,4,1,0,68,0,0,1,1,0
24,71,2,1,8,65,1,1,0,1,0,2,0,0,65,1,0,1,0,0
18,96,1,2,7,67,1,1,2,1,2,2,0,0,71,0,1,1,0,0
18,75,1,1,7,86,0,1,0,1,0,3,0,0,64,1,0,1,1,0
24,62,1,1,9,97,1,1,1,1,0,2,2,0,65,1,0,1,0,0
22,72,2,1,5,67,0,2,1,1,1,4,1,0,67,0,1,1,1,0
22,81,2,1,7,87,0,0,0,1,1,2,0,0,67,0,1,1,0,0
23,76,0,1,6,98,1,1,0,2,1,3,1,1,67,1,1,1,1,0
11,71,0,1,8,55,1,1,0,1,0,3,1,0,87,0,1,1,1,0
25,65,2,2,4,76,2,1,2,1,1,1,0,1,67,0,0,1,1,0
24,93,2,1,8,51,2,4,1,1,2,2,0,0,72,1,0,1,1,1
14,100,1,0,8,91,2,0,0,2,1,3,0,0,69,0,1,1,1,0
19,73,1,1,6,64,0,1,2,1,2,3,1,1,65,0,1,1,1,0
20,75,2,1,7,67,0,1,0,1,2,4,0,0,66,0,0,1,1,0
19,85,2,2,6,84,0,3,1,1,0,3,2,0,70,1,0,1,0,0
22,89,2,2,8,89,1,0,1,1,1,3,0,1,71,1,0,1,1,0
29,76,1,2,8,70,0,1,0,0,1,4,1,1,67,0,1,0,1,0
26,96,2,1,5,83,1,0,1,2,2,2,0,2,72,1,1,1,0,0
12,82,0,1,5,98,1,0,0,2,1,1,0,1,63,1,1,1,0,0
24,78,2,0,9,94,0,0,0,2,1,4,0,1,67,0,1,1,1,0
28,86,0,1,10,85,1,6,0,2,1,2,0,0,72,1,1,1,0,0
22,98,1,1,8,97,0,1,2,1,2,1,2,0,72,0,0,1,0,1
27,92,1,1,8,94,1,1,0,1,0,4,1,0,70,0,0,0,0,0
32,62,2,1,7,86,0,0,0,1,2,2,0,0,67,0,1,1,0,0
26,73,1,1,7,96,2,0,1,2,1,3,0,0,68,0,0,1,0,0
21,79,0,1,8,91,2,1,0,1,2,3,0,1,67,1,1,1,1,0
26,73,2,2,7,75,0,3,0,1,2,5,1,0,70,1,1,1,0,0
21,88,1,0,9,75,2,1,1,2,1,2,2,1,67,0,0,0,0,0
20,93,1,1,7,50,1,1,2,2,2,4,1,0,71,1,1,1,1,0
18,89,2,0,7,52,1,1,2,2,2,3,2,0,69,0,1,1,1,0
29,100,1,1,7,87,1,3,0,1,0,5,1,0,74,0,1,0,1,0
15,71,2,0,7,78,1,0,1,1,2,3,0,0,63,1,0,1,0,0
29,95,1,0,9,88,1,0,1,2,1,2,0,0,72,0,1,1,1,0
23,91,2,0,7,97,0,2,0,1,1,3,1,1,71,1,1,1,1,0
12,74,2,1,7,73,1,1,0,1,1,5,0,0,64,1,1,1,0,0
22,89,1,1,7,54,1,1,2,1,2,3,0,0,69,0,1,1,1,0
7,64,2,2,6,81,1,2,0,0,2,3,2,1,62,0,0,1,0,0
24,92,1,1,5,55,1,1,1,1,1,4,1,0,69,1,1,0,1,0
25,81,2,0,9,81,0,2,0,1,1,3,0,0,68,1,1,1,1,0
16,72,2,1,9,76,2,6,0,0,0,3,0,0,67,1,1,1,1,0
21,86,1,1,9,86,2,2,1,1,1,3,2,0,71,1,1,1,1,0
32,86,1,1,5,68,0,1,1,1,0,4,0,1,70,1,1,1,1,0
17,68,2,1,9,57,1,2,1,0,1,3,0,1,63,1,1,1,0,0
14,61,0,2,10,62,1,0,2,1,0,4,1,1,60,0,1,1,0,0
29,77,1,1,9,84,1,0,0,2,1,3,1,0,69,0,1,1,0,0
32,83,1,1,9,74,1,3,0,1,1,3,1,1,71,1,1,1,1,0
20,95,0,0,8,77,1,1,2,2,2,2,0,0,69,1,1,1,1,0
26,97,2,0,6,66,1,2,1,1,2,1,1,0,73,0,1,1,1,0
28,81,1,2,8,92,1,1,2,1,2,3,1,0,73,0,1,1,1,0
16,90,1,1,5,100,1,1,0,1,2,3,0,1,68,0,1,1,0,0
17,78,2,1,6,66,1,2,0,1,2,4,1,1,67,1,1,1,1,0
27,90,1,2,7,86,2,2,1,1,2,3,1,1,74,1,1,1,0,0
30,68,1,2,7,59,1,3,0,1,2,3,1,1,68,1,1,1,0,0
23,75,2,1,8,87,0,1,1,2,2,2,1,0,69,0,1,1,0,0
15,85,2,1,4,72,1,4,0,2,1,4,1,0,69,1,0,1,0,0
32,61,2,2,7,80,1,0,0,1,2,4,1,1,68,0,1,1,1,1
17,89,0,2,8,62,1,1,0,2,2,1,0,1,66,1,1,1,0,0
18,93,0,0,8,93,1,3,0,2,0,3,2,1,69,1,1,1,1,0
22,76,1,1,8,59,1,1,0,1,2,2,1,0,66,0,1,1,1,0
29,78,0,1,7,96,2,5,0,1,2,4,1,1,72,1,1,1,1,0
25,94,1,0,6,53,0,1,1,1,0,3,0,0,69,0,1,1,1,0
22,91,1,1,8,64,1,1,0,2,2,3,0,1,68,1,1,1,1,1
23,72,1,1,7,78,1,1,0,1,1,3,0,0,66,1,0,1,1,0
20,73,1,0,8,93,2,1,0,2,0,4,0,2,65,1,1,1,1,0
23,87,1,1,8,79,2,2,0,2,1,2,2,0,71,1,1,1,0,0
5,83,1,1,7,61,1,2,0,1,0,4,0,1,61,1,1,1,1,0
18,66,0,1,6,93,1,1,0,1,1,3,1,0,63,0,1,1,1,1
21,72,1,2,9,80,0,1,1,1,1,3,0,0,66,0,1,1,1,0
13,96,1,2,8,62,1,0,2,1,1,2,2,0,69,1,0,1,0,0
22,88,2,2,10,78,1,0,1,2,2,2,0,1,71,1,0,1,1,0
19,99,2,1,8,84,2,0,2,1,2,4,0,0,73,0,1,1,1,0
31,91,2,1,8,84,0,2,0,1,0,2,0,0,72,1,1,1,1,0
29,98,1,2,5,86,0,2,1,1,0,4,0,2,73,1,0,1,0,0
17,69,0,2,7,95,1,1,0,2,2,2,0,1,65,1,0,1,1,0
19,91,0,2,7,91,1,1,2,2,1,3,0,0,71,0,1,1,1,0
20,61,2,1,8,80,1,1,0,2,2,3,0,0,65,1,1,1,1,0
17,87,1,1,8,52,0,1,1,1,2,5,1,0,67,1,1,1,0,0
21,79,1,2,8,87,1,1,0,2,1,2,2,1,69,1,1,1,1,0
15,74,0,2,10,99,0,0,0,1,1,3,1,1,63,1,0,0,0,0
13,94,0,2,6,65,2,2,1,1,1,2,2,1,68,1,1,1,1,0
24,94,2,0,8,80,2,1,0,1,1,4,0,0,70,0,1,0,1,0
24,61,1,1,8,88,0,1,0,1,2,4,0,1,64,0,0,1,1,0
15,84,1,1,10,82,1,1,2,0,0,2,0,0,64,1,0,1,0,1
25,75,0,2,8,96,2,1,0,1,1,0,1,0,68,1,0,1,1,0
16,77,1,2,8,74,1,0,2,0,1,2,1,1,65,0,0,1,1,0
22,93,2,1,8,77,1,0,2,1,1,1,0,0,70,0,1,1,0,0
25,72,1,1,8,52,0,0,1,1,2,2,2,0,66,1,0,1,1,0
20,98,2,0,9,95,0,1,0,1,2,2,0,1,70,0,1,1,1,0
23,67,1,1,6,63,2,3,0,2,1,3,0,0,66,1,0,1,1,0
17,87,1,1,6,99,1,2,0,1,1,2,2,0,69,1,0,1,0,0
19,87,2,2,10,60,2,2,1,0,2,3,0,1,69,1,0,1,0,0
19,70,2,2,4,63,1,1,0,1,1,3,1,2,64,0,0,1,0,0
16,73,1,1,7,74,0,1,0,2,2,3,0,1,64,1,1,1,1,0
19,93,0,1,7,83,1,1,1,1,2,3,0,0,69,0,1,1,1,0
11,90,1,1,7,72,2,3,1,1,0,3,0,0,67,0,1,1,1,0
17,73,0,1,9,68,0,2,1,1,2,3,1,0,63,0,1,1,1,1
18,81,0,2,8,77,0,1,1,2,2,3,1,1,67,1,1,1,1,0
18,62,1,2,6,98,0,3,1,1,1,1,1,0,65,1,0,1,0,0
19,68,1,1,6,98,0,2,0,1,2,1,0,1,64,0,1,1,1,0
20,79,2,1,7,66,0,3,2,1,0,3,1,0,68,0,1,1,0,0
23,63,0,1,9,84,2,0,2,1,1,3,0,0,64,0,1,1,1,0
25,94,2,1,7,86,0,2,0,1,0,4,1,1,70,1,0,0,0,0
16,89,2,1,7,83,2,0,0,2,2,4,2,1,70,1,1,1,1,0
13,98,2,0,6,56,1,1,2,0,0,3,1,1,67,0,1,1,1,0
14,88,2,2,8,77,1,2,1,1,2,3,1,2,69,1,1,1,1,0
17,98,2,1,7,88,1,2,0,2,0,4,0,2,70,1,0,1,0,0
18,82,2,2,6,60,1,5,1,2,0,3,1,0,69,1,1,1,0,0
15,84,1,0,9,67,1,1,1,2,0,3,1,1,65,1,0,1,1,0
12,99,1,2,10,60,1,0,0,0,0,1,0,1,66,1,1,1,1,0
17,86,2,2,7,94,1,2,1,1,1,3,0,1,70,1,1,1,1,0
21,61,1,0,7,93,0,1,0,2,0,5,0,0,63,1,0,1,1,0
24,89,0,1,5,58,1,3,2,1,2,3,0,0,69,0,1,1,0,0
17,96,2,2,8,88,1,4,0,0,2,4,2,0,74,1,0,1,1,0
18,92,1,1,8,68,0,2,2,2,2,3,0,0,70,1,0,1,1,0
14,83,2,1,7,84,1,1,0,1,1,3,0,0,66,0,1,1,0,0
20,87,0,2,6,75,1,0,0,1,2,3,2,0,68,1,1,1,1,1
15,100,1,0,10,74,1,2,1,1,0,5,0,2,67,1,1,1,0,0
23,64,1,1,8,94,0,2,1,1,2,5,0,1,66,0,0,1,1,0
9,87,2,1,6,82,1,0,0,1,0,3,1,0,65,0,1,1,0,0
18,71,0,1,8,62,1,3,2,2,2,2,1,0,66,1,1,1,1,0
22,86,2,1,7,56,1,1,2,1,2,4,0,1,69,1,0,1,1,0
21,84,0,1,7,97,1,2,0,0,1,4,0,1,67,0,1,1,0,0
36,66,0,2,8,58,2,1,1,1,2,3,1,2,69,1,1,1,1,0
22,68,1,1,4,87,2,2,1,1,1,3,2,2,66,0,1,1,0,0
14,85,1,1,4,75,2,2,2,1,0,1,0,2,64,0,1,1,0,1
19,65,1,1,9,57,0,1,1,1,2,2,0,0,61,0,1,1,0,1
9,71,0,2,7,89,1,0,0,1,0,2,0,0,61,1,1,1,1,0
20,93,1,1,6,95,0,1,1,2,0,4,1,1,70,1,1,1,1,0
15,73,1,2,5,56,1,1,1,1,2,2,2,0,65,0,1,1,0,0
25,80,2,0,7,53,1,1,1,1,1,3,1,1,67,1,0,1,0,0
17,98,0,1,7,92,1,0,2,1,2,0,1,0,69,1,0,1,0,0
19,69,1,0,9,75,1,2,1,0,0,5,0,1,63,0,1,1,1,0
16,76,1,1,8,84,2,1,2,2,1,4,0,0,66,1,1,1,0,0
30,84,2,1,7,72,1,3,1,1,2,2,0,0,73,1,1,1,1,0
18,90,2,2,8,71,2,0,0,1,1,3,0,0,68,0,1,0,0,0
31,96,2,2,9,65,2,0,0,1,2,2,0,2,74,1,0,1,1,0
25,97,0,1,8,78,1,0,1,1,1,3,0,0,70,1,1,1,1,0
23,91,2,0,8,58,1,0,1,1,2,2,0,2,68,1,1,1,1,0
22,69,2,2,7,86,0,1,2,1,2,4,0,1,67,0,1,1,0,1
22,61,2,1,6,77,0,1,1,1,2,4,2,1,65,1,1,1,0,0
8,75,1,1,5,92,1,5,2,2,2,4,0,1,66,1,1,1,0,0
18,66,2,1,5,96,1,0,0,1,1,5,0,1,64,0,1,1,1,0
25,88,1,1,8,95,0,1,2,2,1,4,0,0,72,0,1,1,1,0
20,86,1,1,8,80,2,2,1,1,1,2,1,0,70,1,1,1,1,0
12,62,1,1,9,66,1,1,0,1,1,2,1,1,60,0,0,1,1,0
20,93,1,1,8,68,1,1,0,0,1,3,0,1,68,1,1,1,1,0
30,70,1,2,9,83,1,1,2,1,1,2,2,0,71,0,0,1,1,0
27,77,1,1,7,86,0,1,2,1,1,3,0,1,68,1,1,1,1,0
20,87,2,1,8,58,0,2,0,1,0,2,2,0,67,1,1,1,1,1
26,77,1,1,5,100,0,1,0,2,2,5,0,0,70,0,0,1,1,0
18,78,1,2,7,55,2,0,2,1,0,3,0,0,65,1,1,1,0,0
10,63,1,1,4,80,1,0,0,1,2,3,1,0,60,1,1,1,0,0
14,76,2,0,7,77,0,2,2,1,2,4,1,0,65,1,1,0,0,0
29,91,1,1,9,80,0,0,0,2,0,4,0,0,70,0,1,1,0,0
18,97,0,0,7,77,1,4,0,0,1,4,2,0,69,1,0,1,1,0
19,77,2,0,8,53,1,1,0,1,2,3,0,0,64,1,0,1,0,0
18,77,0,1,7,100,1,2,2,2,2,3,0,0,67,1,0,1,0,1
31,88,0,1,6,99,0,2,2,0,0,3,2,0,73,1,1,1,1,0
30,98,1,2,7,76,2,1,0,1,1,3,1,0,74,1,1,1,0,0
33,71,1,0,9,60,1,0,1,1,2,4,0,0,67,1,1,1,1,1
19,78,0,2,8,59,1,2,2,1,2,1,0,0,66,1,1,1,1,0
22,92,1,1,6,53,1,4,2,1,1,4,0,0,69,1,1,1,0,1
11,84,2,1,5,81,0,1,0,1,0,3,0,1,64,0,0,1,0,0
29,64,1,2,7,74,1,0,2,1,2,2,2,0,69,0,1,1,1,0
13,85,0,2,6,71,1,1,0,1,2,3,0,0,66,0,1,1,1,0
21,67,2,1,7,76,1,1,1,2,1,2,0,0,65,1,0,1,1,1
13,80,1,1,5,94,2,1,1,1,2,3,0,0,67,0,0,1,1,0
16,81,1,2,9,54,1,3,1,2,0,3,2,1,67,1,1,1,0,0
15,95,1,1,7,77,2,0,0,1,1,3,0,0,68,0,0,1,0,0
16,78,1,0,7,85,1,4,1,1,1,2,0,0,65,1,1,1,0,1
17,71,1,0,6,99,0,4,1,1,2,3,2,0,66,1,1,1,1,1
17,69,2,1,7,87,0,2,0,1,1,3,1,0,65,1,1,1,1,0
25,95,1,1,7,77,2,0,0,2,1,3,2,0,71,1,1,0,1,0
13,67,1,2,6,88,1,0,0,1,1,3,1,1,63,0,1,1,1,0
21,77,2,0,7,100,0,2,2,2,2,4,1,0,70,0,1,1,1,0
27,67,2,2,9,94,2,0,2,0,2,2,1,0,70,0,1,1,1,0
17,91,0,1,4,54,2,3,0,1,1,4,1,1,67,0,1,1,1,0
16,79,2,1,7,79,2,2,2,2,2,2,0,1,68,1,1,1,1,0
19,74,1,0,6,89,1,0,2,1,1,2,0,1,63,1,1,0,1,0
27,74,1,2,9,84,0,3,2,1,0,3,1,0,70,0,0,1,1,0
21,94,1,1,7,71,0,1,0,2,1,2,2,0,69,1,0,0,0,0
17,82,1,1,5,66,1,1,1,0,2,3,0,0,66,0,1,1,1,0
23,89,0,2,7,81,1,2,0,2,1,2,2,1,70,1,1,1,0,0
13,96,1,2,8,71,0,1,1,0,2,3,0,0,68,1,1,1,0,0
24,96,1,1,10,70,1,0,2,1,0,4,0,0,70,0,1,1,0,0
22,73,0,2,4,92,1,0,0,1,2,4,2,1,67,1,1,1,1,0
18,98,1,2,5,66,1,0,1,1,0,0,2,0,69,1,0,1,1,0
15,61,2,0,9,82,1,2,1,2,2,2,2,0,64,1,1,1,1,0
15,75,2,1,5,94,0,1,0,1,0,3,0,1,62,0,1,0,0,1
23,96,1,1,7,81,1,1,0,1,2,2,2,1,71,1,0,1,0,0
27,71,2,1,6,75,1,2,1,2,1,4,0,0,69,1,0,1,1,0
16,71,1,2,6,52,0,0,2,2,1,1,0,2,62,1,1,1,1,0
23,72,0,1,7,84,2,0,1,1,2,4,0,0,66,1,1,1,1,0
7,84,1,2,7,100,0,3,0,1,0,4,0,1,64,1,0,1,1,1
16,78,0,2,9,90,1,3,0,1,0,3,2,1,66,1,1,1,0,0
20,89,2,1,9,82,1,2,2,2,1,3,1,0,72,0,1,1,1,0
15,96,2,2,8,73,1,3,1,1,0,3,1,0,71,0,0,1,1,0
14,87,1,2,7,61,1,0,0,1,1,3,0,2,65,1,1,1,1,0
16,68,1,1,7,85,1,1,1,1,2,2,1,0,65,0,1,1,1,0
22,97,1,2,8,59,1,1,0,1,0,3,0,0,70,1,1,1,1,0
19,71,1,2,9,94,2,1,2,1,2,4,0,0,68,1,0,1,1,0
7,66,2,0,8,68,2,0,0,1,0,2,1,1,57,1,1,1,1,1
7,64,1,2,9,70,2,4,0,0,1,4,0,2,59,1,1,1,0,1
16,83,0,0,6,61,1,0,1,2,1,4,1,0,64,1,1,1,1,0
23,65,2,1,9,74,1,2,1,2,1,3,1,1,67,1,0,1,1,0
4,66,0,2,8,84,0,2,0,2,1,3,2,0,60,0,1,1,0,0
17,72,2,2,6,65,0,3,0,2,2,2,2,2,67,1,1,1,1,0
17,71,1,2,7,85,0,2,0,0,0,2,1,0,65,0,0,1,1,0
28,84,1,1,7,81,1,1,1,2,0,3,1,0,71,1,1,1,1,0
18,93,0,1,7,69,1,0,0,1,1,2,1,0,67,1,1,1,1,0
22,90,1,1,7,66,0,0,0,1,2,1,2,0,69,1,1,1,1,0
21,70,2,1,5,93,2,1,0,1,1,3,1,0,68,1,1,1,1,0
7,70,1,1,6,51,1,0,2,1,1,1,0,1,59,0,0,1,1,0
25,99,2,2,7,86,0,3,1,1,2,3,1,0,75,0,1,0,0,0
21,60,1,1,6,71,0,0,1,0,0,4,0,2,59,1,1,1,1,1
23,95,2,1,6,86,0,0,1,2,1,3,0,1,71,0,1,1,0,0
44,68,2,0,9,75,0,3,1,2,0,2,0,1,71,0,0,1,0,0
7,98,1,1,7,54,2,0,1,2,1,2,0,0,66,0,0,1,0,0
30,74,1,0,10,99,1,1,2,1,2,2,0,1,69,1,0,1,0,0
18,78,2,1,7,54,0,4,0,2,1,4,1,1,65,0,1,0,1,1
22,88,1,1,9,58,0,3,0,1,0,2,1,1,68,1,0,1,1,0
20,84,2,0,7,71,1,5,0,2,2,2,0,2,68,0,0,1,0,0
17,73,1,1,6,97,2,1,1,2,2,3,0,0,67,1,1,1,1,0
17,82,2,1,7,65,1,1,1,1,2,5,0,0,68,1,1,1,1,0
22,89,0,1,9,78,1,0,1,1,2,3,0,1,68,1,1,1,1,0
11,62,2,1,7,76,2,3,2,1,1,3,0,1,88,1,0,1,1,1
25,60,1,2,8,67,1,1,1,2,1,2,1,0,66,0,1,1,1,0
18,78,2,0,7,85,2,3,0,0,0,2,1,0,67,1,1,1,1,0
13,65,1,2,7,75,0,2,1,2,1,4,0,1,63,1,0,1,0,0
17,87,1,2,7,79,1,3,0,1,1,4,0,0,68,0,1,1,1,1
28,69,2,0,6,61,0,2,1,2,2,1,0,0,65,1,1,1,0,1
17,77,2,1,7,96,1,1,0,0,2,3,1,0,67,1,0,1,1,0
22,68,2,2,8,56,1,3,1,1,2,1,2,0,67,1,0,0,1,0
16,82,1,1,7,85,1,1,2,1,1,4,0,0,67,1,1,1,1,0
25,65,1,0,7,94,0,1,0,2,2,3,0,2,64,1,1,1,0,0
24,61,1,1,8,54,1,1,0,1,1,2,0,1,61,1,1,1,0,1
31,62,1,1,7,51,1,2,1,1,1,1,1,2,65,0,1,1,1,0
19,98,0,2,7,67,2,1,1,1,0,4,0,1,70,0,0,1,1,0
24,66,1,2,8,89,1,0,1,2,2,2,1,0,67,1,1,1,0,0
21,88,2,0,7,86,1,1,0,1,2,2,0,1,68,1,0,1,0,0
28,63,1,1,7,91,1,1,0,1,2,1,0,2,65,1,0,1,1,0
16,64,2,1,8,70,0,3,2,2,0,3,0,2,63,0,0,1,1,0
24,80,1,2,7,100,1,1,2,2,1,3,2,1,72,1,1,1,0,0
19,79,2,1,7,68,1,2,2,2,0,1,1,0,68,0,1,1,1,0
20,98,1,2,7,90,1,2,1,1,2,4,0,0,73,1,1,1,1,0
21,98,2,1,7,68,2,0,1,1,2,3,1,0,71,0,1,1,1,1
22,91,1,2,5,61,1,3,0,2,1,2,2,2,70,1,1,1,0,0
19,84,2,1,7,67,0,0,1,0,2,3,2,0,68,0,1,1,1,0
21,78,1,2,10,60,1,3,2,1,0,5,0,1,68,1,1,1,0,0
29,74,1,1,6,56,0,2,0,2,1,3,2,0,68,0,1,1,0,0
26,98,0,2,6,68,1,1,0,1,1,1,2,1,71,1,0,1,1,0
25,84,1,1,10,57,0,4,1,1,2,2,1,0,70,1,1,1,1,0
17,83,2,1,6,75,1,2,1,1,2,3,0,0,67,1,1,1,0,1
15,69,0,1,9,52,1,0,2,1,1,3,1,0,61,0,1,1,1,0
26,62,2,0,7,72,0,1,1,1,1,3,1,1,64,0,1,1,1,0
25,98,0,1,7,98,1,1,1,1,0,4,2,0,72,1,1,1,0,0
29,73,2,1,7,68,0,1,0,2,2,4,0,1,67,1,0,1,0,1
16,78,2,0,8,57,2,1,1,1,0,3,1,0,65,1,1,1,1,0
19,65,1,0,5,65,2,1,2,1,2,6,1,1,64,0,1,1,1,0
10,93,0,1,7,90,1,0,0,1,2,2,0,0,66,0,0,1,1,0
18,61,1,1,6,66,1,1,1,2,2,2,0,1,62,0,1,1,0,0
26,93,0,1,4,69,1,2,0,1,1,3,0,0,70,1,1,1,0,0
17,66,1,1,9,89,1,1,1,2,2,4,0,1,64,0,1,0,1,0
24,95,1,0,4,63,0,3,0,1,2,3,0,0,70,0,1,1,0,0
19,89,1,0,10,74,1,1,0,1,2,2,0,1,66,0,1,1,0,0
22,67,0,2,8,53,1,0,1,2,0,3,0,2,62,1,1,1,1,0
13,83,0,0,5,59,2,4,0,1,1,2,0,0,63,0,0,1,0,0
21,73,0,1,9,60,2,2,1,1,2,3,1,0,66,1,1,1,1,0
2,67,1,1,6,73,0,1,0,1,2,2,1,1,58,1,0,1,0,0
19,94,1,2,6,91,1,1,0,1,0,3,0,1,70,1,1,1,1,0
10,76,1,0,4,68,1,1,2,0,1,6,1,0,63,1,0,1,0,0
27,76,1,2,6,69,2,0,1,2,1,1,0,0,70,1,1,1,1,0
25,67,2,1,6,65,1,1,0,1,0,3,0,0,65,1,1,1,1,0
23,75,1,0,8,66,1,5,1,0,1,3,0,0,67,1,1,1,1,0
29,95,2,1,9,70,1,1,0,1,2,2,2,0,73,0,0,0,0,0
14,75,1,1,5,95,1,0,1,1,2,3,1,1,82,1,1,1,1,0
30,98,0,1,7,51,2,0,0,1,2,2,0,0,71,1,1,1,0,0
26,98,1,1,4,81,0,1,0,1,2,4,2,0,73,1,1,1,1,0
19,66,1,2,7,94,0,1,2,1,2,4,0,1,65,0,1,1,0,0
27,67,2,1,10,71,1,1,0,2,1,3,0,0,67,0,1,1,1,0
13,95,1,1,4,83,0,1,0,2,1,4,1,1,67,1,1,0,1,0
15,76,2,2,5,79,1,4,1,1,1,4,2,1,69,0,1,1,1,0
16,60,1,2,8,67,0,0,0,1,1,3,0,0,61,1,1,1,1,0
17,71,1,0,8,57,1,3,1,2,2,4,0,0,64,0,0,1,0,0
14,84,0,2,6,61,0,1,2,1,2,2,1,2,64,1,1,1,0,0
27,92,0,1,9,53,0,2,0,1,0,2,1,2,68,1,1,1,1,0
18,65,1,0,6,88,1,1,1,1,2,1,1,0,62,1,0,1,0,1
22,64,1,1,10,77,2,5,1,1,1,3,0,0,66,1,1,1,1,1
17,97,2,0,8,89,1,1,0,1,1,4,1,0,70,1,1,1,1,0
9,90,2,1,9,65,0,3,1,1,2,3,0,0,67,0,1,1,1,0
22,84,1,1,8,90,1,2,1,1,2,2,1,0,70,0,1,1,1,0
9,91,1,1,8,65,2,0,1,1,2,4,0,1,65,1,1,1,0,0
20,77,0,1,8,56,1,1,1,2,2,4,1,1,65,1,1,1,0,0
12,90,1,2,9,77,1,3,1,1,2,3,2,0,70,1,1,1,1,0
32,75,2,1,7,97,2,1,1,1,1,3,1,1,72,1,0,1,1,0
25,70,1,1,6,71,0,0,0,1,1,2,1,0,65,0,1,1,0,0
21,89,2,2,7,76,1,1,1,1,2,2,0,0,71,1,1,1,1,0
28,77,2,2,6,73,0,3,1,2,0,3,1,0,71,0,0,1,1,0
15,99,1,2,6,73,2,1,2,2,0,5,2,0,72,1,1,1,1,0
23,74,0,0,9,61,0,0,1,0,2,4,2,0,64,1,1,1,0,0
21,97,1,1,8,71,2,2,2,2,1,1,1,1,72,1,1,1,0,0
22,97,0,1,8,75,1,1,1,1,2,4,2,0,71,1,0,1,0,0
28,70,1,1,9,87,0,0,0,1,1,3,0,1,66,1,1,1,1,0
24,92,2,0,8,57,1,3,1,1,2,3,1,0,71,0,0,1,0,0
22,77,1,1,10,79,2,2,1,0,1,2,0,0,67,1,1,1,1,0
10,97,2,2,4,83,0,1,0,2,1,2,2,0,69,1,1,1,0,0
14,78,2,1,6,69,2,0,1,1,2,5,1,1,67,0,1,1,1,0
19,90,2,1,6,77,1,0,2,1,1,4,2,0,71,1,1,1,1,0
21,79,1,0,5,86,0,1,2,1,2,2,0,1,66,0,0,1,0,0
13,69,2,2,7,73,0,1,1,0,2,2,0,2,62,1,0,1,0,0
34,68,1,1,7,67,2,0,1,1,1,2,0,1,67,1,0,1,0,0
29,77,1,0,10,91,2,2,0,1,0,4,2,0,70,0,1,1,1,0
24,90,2,2,8,99,2,0,0,1,1,3,1,1,72,0,1,1,0,0
20,84,2,2,6,61,1,3,1,1,1,2,0,0,69,1,0,1,0,0
19,88,1,2,8,94,2,1,1,1,1,3,0,1,70,1,1,1,0,0
14,71,2,2,4,77,1,0,1,1,0,3,0,0,64,0,1,1,0,0
20,79,1,1,7,72,0,1,1,1,0,3,0,0,65,1,1,0,1,0
22,62,1,2,7,95,1,2,1,1,0,2,0,0,66,1,1,1,1,0
13,93,0,1,6,96,2,2,2,1,0,3,0,0,68,0,0,1,0,0
22,100,1,1,7,64,1,2,0,1,2,3,1,0,72,0,0,1,1,0
19,76,1,0,6,68,1,2,2,1,2,3,0,1,65,0,1,1,1,0
9,60,1,0,6,93,1,3,0,2,1,2,0,1,60,0,0,1,1,0
15,67,1,1,8,75,1,0,2,2,0,4,2,0,63,0,1,1,0,0
18,86,0,0,9,64,0,3,0,2,2,3,0,0,66,0,1,1,1,0
31,84,0,1,8,98,0,1,1,1,2,4,2,0,73,0,1,1,1,0
23,92,1,1,6,61,0,4,0,1,2,4,1,0,71,1,1,1,1,0
12,70,1,1,6,81,0,1,0,1,0,2,0,2,59,1,1,1,1,1
23,91,1,0,6,71,1,5,0,2,1,3,0,1,70,0,1,1,1,0
11,88,1,0,7,73,0,1,1,0,1,3,1,0,63,0,0,1,1,1
26,73,1,1,6,55,1,1,1,0,2,4,2,0,67,1,1,1,0,0
17,82,0,1,9,63,1,2,0,1,1,2,1,1,65,1,0,1,1,0
19,66,1,0,7,58,1,5,1,0,2,4,1,1,64,0,1,1,0,0
28,78,2,1,8,87,0,2,0,1,2,2,2,0,71,1,1,1,0,0
12,95,1,2,5,85,1,2,2,1,0,2,1,0,70,1,1,1,1,0
12,77,1,0,6,90,1,2,1,0,1,2,0,0,63,0,1,1,1,0
16,94,0,1,8,85,1,3,0,2,1,2,0,0,68,0,1,1,0,0
26,84,1,1,8,56,1,1,1,1,0,2,1,0,67,0,1,0,1,0
11,68,1,2,5,99,1,1,2,1,1,4,2,0,66,0,1,1,1,0
3,83,2,0,7,59,0,2,1,2,2,5,0,1,63,1,1,1,1,0
17,80,1,1,7,68,1,0,1,1,0,5,1,0,65,0,0,1,1,1
23,76,1,2,6,85,0,2,0,1,2,3,0,2,66,1,1,1,1,1
27,65,1,1,8,57,1,2,0,0,0,4,2,0,65,0,1,1,1,0
17,77,0,1,5,59,1,2,1,2,1,4,0,0,65,1,0,1,1,0
18,63,2,0,6,94,1,2,1,2,1,2,0,0,63,1,1,1,0,1
27,64,1,2,8,67,1,0,0,1,2,3,0,0,65,1,1,1,0,0
9,77,0,2,7,83,1,1,0,2,1,4,0,2,62,1,0,1,1,1
18,72,1,1,7,93,1,1,1,1,2,3,1,0,66,0,1,1,1,0
21,97,1,0,7,99,1,1,2,1,0,3,2,0,71,0,1,1,0,0
23,75,0,0,8,61,2,2,0,1,2,2,0,2,64,0,1,1,1,0
17,90,1,1,8,56,0,0,1,1,1,4,1,0,67,0,0,1,1,0
20,81,1,1,8,87,1,1,2,1,1,3,0,0,68,1,0,1,0,0
5,88,1,1,7,59,1,3,0,1,0,3,1,0,63,0,1,1,0,0
16,70,0,1,6,79,2,0,2,2,0,3,1,0,64,0,1,1,1,0
23,98,2,2,6,77,1,1,0,2,1,1,2,0,74,0,1,1,1,0
14,81,0,1,5,78,1,2,2,2,2,4,2,0,68,1,1,1,1,0
20,93,1,1,6,82,0,1,1,2,2,3,0,1,68,0,1,0,1,1
23,75,2,2,6,93,1,2,1,0,1,3,2,1,69,0,1,0,1,0
18,64,0,1,9,64,1,4,0,1,0,4,0,0,61,1,1,1,1,1
21,87,0,2,5,78,2,1,0,1,2,2,0,0,69,0,0,1,1,0
14,60,0,0,9,67,0,3,2,2,2,3,0,0,61,0,1,1,1,0
19,79,1,2,7,66,0,3,2,1,2,3,0,0,67,1,1,1,1,1
24,68,0,2,7,51,1,0,0,0,1,4,0,0,63,0,0,1,0,0
21,85,1,1,8,80,1,3,0,2,2,3,1,1,68,0,1,1,0,1
16,99,1,1,5,99,0,0,0,1,1,5,1,1,68,0,0,0,0,0
21,79,1,0,6,88,0,2,2,1,1,1,0,0,67,1,1,1,1,0
24,93,0,1,5,62,2,1,2,1,0,3,1,1,69,0,0,1,1,0
8,80,2,1,6,86,1,2,0,1,1,3,0,0,64,1,1,1,0,0
27,80,0,0,6,65,0,1,0,1,2,4,2,0,67,1,1,1,0,0
18,97,1,2,9,88,0,1,2,1,1,3,0,0,70,0,1,1,0,1
23,96,0,2,6,93,0,5,0,1,0,4,0,0,72,0,1,1,1,0
27,91,0,2,4,67,1,1,2,2,1,2,0,1,71,0,0,1,0,0
12,72,1,1,6,50,2,1,0,1,2,3,1,0,62,1,1,1,0,0
16,82,1,1,8,65,2,2,0,1,2,5,2,0,67,1,0,1,1,1
18,69,1,2,9,60,1,3,0,1,0,2,1,2,64,0,1,1,1,0
15,78,1,1,7,81,1,0,1,0,1,2,0,0,64,1,1,1,1,0
30,79,2,1,6,65,1,1,0,1,0,4,2,0,70,0,1,1,0,0
15,93,1,1,7,52,1,3,0,1,0,5,1,0,68,0,1,1,1,0
17,96,1,1,8,77,1,1,1,1,1,3,2,0,70,0,1,1,0,0
21,77,1,0,5,94,0,1,1,2,0,3,0,2,65,1,1,1,1,0
13,61,0,0,7,73,0,2,2,1,2,2,0,0,59,0,1,1,0,0
18,94,1,1,7,69,1,1,1,2,2,2,0,2,69,0,1,1,1,0
22,67,1,1,7,59,2,2,0,2,2,3,2,0,67,1,1,1,1,0
18,85,1,2,7,69,1,2,0,1,2,4,0,0,68,1,0,1,0,0
19,61,1,1,6,67,0,1,1,1,2,1,1,0,62,1,1,1,0,0
17,76,2,1,8,100,0,0,2,1,1,4,0,1,65,1,0,0,0,0
11,99,2,1,7,52,1,0,2,2,1,5,1,0,69,0,0,1,1,0
22,64,1,1,7,62,1,3,0,1,1,4,2,1,65,0,0,1,1,0
31,77,2,0,5,53,2,1,1,1,1,2,0,0,68,0,1,1,1,0
20,72,2,0,8,93,1,4,0,2,2,2,0,0,68,1,1,1,1,0
21,96,2,1,6,71,2,3,1,1,0,3,0,0,71,0,1,0,1,0
24,95,1,0,9,90,1,3,0,0,2,4,0,1,71,1,1,1,1,0
12,70,2,1,5,85,2,1,2,1,2,3,2,0,66,0,1,1,0,0
30,63,1,2,8,96,1,4,0,1,2,3,2,0,71,0,0,1,1,0
21,85,1,1,4,51,0,2,0,1,1,3,1,0,66,0,1,1,0,0
30,73,2,0,4,60,1,0,0,0,2,4,0,1,66,0,0,1,0,0
16,87,2,2,6,85,1,2,1,2,1,1,0,0,69,0,1,1,1,0
31,61,1,1,4,79,1,0,0,0,2,3,0,1,65,0,1,1,0,0
25,65,2,0,8,85,1,2,0,1,0,3,2,0,66,0,1,1,1,0
23,87,1,0,7,79,1,2,1,1,1,2,0,2,67,1,1,1,0,0
21,68,1,1,9,79,0,1,2,2,0,4,2,1,66,0,0,1,0,0
19,94,1,1,7,97,1,0,1,1,1,3,0,0,69,0,1,1,0,0
27,62,2,0,7,96,1,2,0,1,1,4,0,0,66,1,1,1,0,0
21,69,2,1,7,52,0,0,0,1,0,3,2,0,64,1,1,1,1,0
8,100,2,2,6,71,1,0,0,2,2,2,2,0,70,0,1,1,1,0
13,77,0,1,6,76,0,1,1,0,1,4,1,1,62,1,0,0,1,0
19,88,0,1,5,68,2,1,0,0,2,5,0,1,67,1,1,1,1,0
22,67,0,1,8,52,1,1,1,0,0,2,1,1,60,0,1,1,0,1
20,84,0,0,7,74,0,1,2,1,1,3,2,0,66,0,1,1,0,0
27,89,1,1,7,99,1,0,1,2,2,2,0,0,72,0,1,1,1,0
8,73,1,2,10,54,1,2,1,1,2,3,0,0,63,1,1,1,1,0
21,93,0,0,6,91,0,1,2,1,0,3,2,0,69,1,1,1,1,0
9,84,2,2,7,60,2,1,0,1,2,3,1,1,66,1,0,1,1,0
25,76,1,1,7,79,1,2,1,1,2,2,1,0,69,1,1,1,1,0
19,82,2,1,9,69,0,2,1,1,1,3,1,1,68,1,0,1,0,0
23,83,1,0,7,67,1,3,0,0,0,4,0,1,66,0,1,1,0,0
15,67,1,1,7,94,0,0,2,0,2,2,2,1,63,1,0,1,1,0
28,76,1,1,10,99,2,1,1,1,1,3,0,0,70,1,1,1,1,0
26,74,1,1,6,69,1,2,0,2,2,4,2,1,68,1,1,1,0,0
24,76,1,1,7,82,1,2,1,1,2,4,1,2,68,1,1,1,1,0
19,90,1,1,8,78,1,1,0,1,1,3,0,1,67,1,0,1,0,0
23,79,2,2,6,54,0,1,0,1,1,1,0,1,67,1,1,1,1,0
16,98,2,0,8,52,1,3,0,2,1,3,1,1,69,0,1,1,1,0
25,72,1,1,6,89,0,3,0,2,1,5,0,0,68,1,1,1,0,0
30,77,1,0,9,70,1,0,1,2,1,1,0,1,67,1,1,1,1,0
26,91,2,1,8,65,0,0,1,2,1,2,0,1,70,1,1,1,1,0
16,82,2,2,7,99,0,3,1,1,2,3,2,1,70,1,1,1,0,0
22,82,1,0,5,54,1,2,1,1,1,2,1,1,66,1,1,1,0,0
12,62,2,2,6,63,2,0,0,1,0,2,0,0,61,1,0,1,1,0
23,76,0,2,7,93,1,2,0,1,0,2,1,0,68,1,1,1,1,0
23,71,0,1,8,71,0,1,0,0,1,2,2,0,64,0,1,1,1,0
9,100,0,0,7,79,1,1,0,1,2,2,2,0,66,1,1,1,0,0
13,72,0,2,8,52,1,3,2,2,2,4,0,0,65,1,0,1,1,0
18,95,1,2,8,96,1,3,1,0,0,6,2,0,73,1,1,1,0,0
18,87,0,0,8,57,1,3,2,2,2,4,0,0,66,1,1,0,0,0
13,74,2,2,7,61,1,2,0,1,2,3,0,1,65,1,1,1,1,0
22,82,1,2,7,58,1,0,1,1,0,4,1,0,68,1,1,1,1,0
22,94,1,1,7,75,0,0,0,2,1,3,0,0,69,1,1,1,1,0
19,95,0,2,6,91,2,1,1,2,1,4,1,0,72,1,1,1,1,0
15,66,1,1,9,63,1,3,1,1,1,3,0,0,63,1,0,1,0,0
26,74,0,1,8,57,1,0,1,1,2,1,0,0,65,1,0,1,0,0
30,73,2,1,9,70,0,0,1,1,0,4,1,0,69,1,1,1,1,0
17,62,2,0,6,99,1,2,1,1,0,3,0,2,62,0,0,1,0,0
16,84,1,2,8,51,0,0,1,1,0,3,2,0,66,0,1,1,1,0
23,94,0,0,9,75,1,3,0,1,1,2,2,1,69,0,0,1,1,0
18,75,2,1,9,83,1,2,0,1,2,4,2,1,67,0,1,1,1,1
19,90,1,2,5,90,0,0,0,1,1,2,1,2,94,0,1,1,1,0
24,85,1,1,7,87,2,2,1,1,1,2,0,0,71,0,0,1,1,0
9,75,1,1,7,54,0,2,0,1,2,4,0,0,61,0,1,1,0,0
28,66,2,1,9,73,1,2,0,1,2,2,1,0,68,1,1,1,1,0
20,88,1,1,4,54,0,0,2,0,0,4,0,0,66,1,1,1,0,0
18,94,2,2,5,81,1,0,2,0,0,5,0,0,71,0,1,1,1,0
19,87,0,1,9,54,0,3,0,2,2,4,0,1,66,0,1,1,0,0
20,61,0,1,6,52,1,2,0,0,0,2,2,0,60,1,0,1,0,0
10,69,1,1,5,65,0,0,1,1,2,3,0,0,60,0,0,1,1,0
29,63,0,0,9,97,2,3,1,2,0,3,0,0,66,1,1,0,1,0
20,83,1,0,5,85,1,1,2,2,1,2,1,2,67,1,1,1,1,0
23,90,0,0,9,50,0,4,1,1,1,3,0,1,67,1,0,1,0,0
26,64,1,1,5,64,1,2,2,1,0,1,0,0,64,1,1,1,0,0
14,94,1,1,5,51,1,0,1,2,1,3,1,0,66,1,1,1,0,0
23,82,2,0,7,65,2,1,1,2,0,3,0,0,68,0,1,1,0,0
18,88,2,0,6,84,1,1,1,2,2,3,2,1,70,0,1,1,1,0
25,99,2,1,7,88,1,3,0,1,2,4,1,1,75,0,0,1,1,0
7,63,2,2,10,90,1,0,0,1,2,2,0,1,86,1,0,1,1,1
19,96,1,1,7,95,2,3,1,2,0,3,1,0,73,0,0,1,1,0
16,65,1,0,9,68,1,1,2,1,1,3,0,1,61,1,1,1,0,0
23,76,2,2,7,93,1,0,1,1,0,6,0,1,68,1,0,1,0,0
23,94,1,2,8,86,1,1,0,2,1,0,1,2,70,0,1,1,0,0
16,96,1,1,4,77,2,1,2,2,2,2,0,0,71,1,1,1,1,0
16,80,2,1,8,98,2,2,1,2,2,4,2,0,71,1,0,1,1,0
19,84,1,1,8,97,2,2,1,1,1,1,1,0,68,1,1,1,0,1
15,88,2,2,6,95,1,2,0,1,0,4,0,0,70,0,1,1,1,0
25,93,1,1,10,60,0,1,1,1,2,3,1,1,70,1,1,1,1,0
18,65,1,2,6,60,0,0,1,2,1,3,0,1,62,0,0,1,1,0
3,92,2,0,5,95,2,3,1,1,1,1,2,0,67,0,1,1,1,0
18,79,1,1,8,70,2,3,1,1,2,3,1,0,68,0,1,1,0,0
14,78,2,2,5,90,1,1,1,1,1,3,2,0,68,0,1,1,1,0
10,77,2,2,7,84,0,2,0,2,1,1,0,2,64,1,0,1,0,0
13,80,1,2,9,88,1,1,2,2,2,3,2,0,68,1,1,1,0,0
21,98,0,2,8,51,1,0,1,1,1,3,0,0,69,1,1,1,1,0
28,82,1,2,7,71,0,1,1,2,1,3,0,0,70,1,1,1,0,0
22,98,1,1,6,93,1,4,0,1,1,4,0,0,73,0,1,1,1,0
16,67,2,1,9,74,1,1,2,2,2,3,2,1,66,1,1,1,1,0
23,89,0,1,5,85,0,0,0,1,2,3,2,1,68,1,1,1,0,0
17,92,0,1,8,88,2,1,2,1,1,3,0,0,68,0,1,0,1,0
16,87,0,1,10,56,0,2,1,2,1,0,2,1,65,0,0,1,1,0
13,84,1,1,8,58,2,2,0,0,1,3,2,0,66,0,1,1,1,0
9,83,2,0,7,86,1,0,0,1,0,1,1,2,62,0,1,1,1,0
18,94,0,0,7,53,0,3,1,2,1,2,0,0,67,0,0,1,1,0
21,93,1,2,6,67,2,1,1,2,2,3,2,0,73,0,1,1,1,0
19,65,1,0,6,96,1,2,1,2,1,2,2,0,65,1,0,1,1,0
18,94,2,0,7,79,2,2,2,1,1,4,0,0,70,0,0,1,0,0
14,77,2,1,8,96,1,3,1,1,1,2,2,0,68,1,1,1,1,0
24,70,2,1,9,65,1,3,1,0,2,3,0,1,67,1,0,1,1,0
12,95,0,1,4,82,2,2,0,1,0,3,0,1,66,1,1,1,1,0
25,77,1,0,4,64,0,3,0,1,1,4,1,0,65,0,1,1,0,1
14,92,2,0,9,56,0,1,1,1,1,4,0,1,66,0,1,1,1,0
15,71,2,2,7,100,0,2,0,0,1,4,0,0,66,1,1,1,0,0
11,60,1,2,7,59,2,2,0,1,2,1,1,1,60,1,1,1,0,0
17,80,2,0,8,59,1,0,2,2,0,4,1,0,66,0,1,1,1,0
26,64,2,1,7,92,0,2,0,2,2,4,1,1,68,0,0,1,1,0
23,90,1,1,10,90,0,3,0,1,2,5,0,0,72,1,1,1,1,0
26,71,0,2,8,99,1,1,1,1,2,3,1,0,68,1,1,0,0,0
23,78,1,1,6,54,2,0,0,1,1,3,2,0,67,0,1,1,1,0
13,63,2,1,6,55,2,0,1,0,2,4,2,0,62,1,1,1,0,0
18,71,1,1,7,72,2,0,2,2,2,5,1,1,66,0,1,1,0,0
15,91,2,1,6,80,1,0,0,1,2,3,2,0,69,1,0,1,0,0
28,66,1,1,10,52,0,0,0,2,2,3,0,0,64,1,1,1,0,0
13,86,0,1,7,58,1,0,1,1,2,3,0,0,63,1,0,0,0,0
25,97,0,2,5,85,1,2,2,1,2,2,0,0,74,1,1,1,1,0
25,87,2,1,8,83,1,0,1,2,2,4,1,1,72,1,0,1,1,0
31,92,1,1,9,54,1,1,0,1,2,3,1,0,71,1,0,0,1,0
18,64,0,2,9,97,1,2,1,1,0,3,0,1,64,0,1,1,1,0
24,70,2,2,6,63,0,0,0,1,1,3,0,0,65,1,1,0,0,0
34,96,1,1,5,94,2,1,1,2,0,5,0,1,75,0,1,1,1,1
16,89,2,1,9,96,1,2,1,0,2,3,1,2,69,1,1,1,0,0
11,86,1,1,5,75,1,1,1,0,1,4,2,1,65,0,1,1,0,0
9,87,0,0,8,71,0,0,0,2,1,1,1,1,60,1,1,0,0,0
24,77,1,1,6,64,1,2,2,1,2,4,0,0,69,1,1,1,1,0
9,62,2,2,9,90,2,4,2,1,1,4,1,2,65,1,1,1,1,0
18,91,0,1,5,60,0,0,2,2,2,4,0,1,67,1,0,1,1,0
23,87,2,0,6,81,0,5,1,2,1,2,0,2,70,0,0,1,0,0
21,79,1,0,8,78,0,1,0,2,2,4,1,1,66,0,1,1,1,0
23,96,1,1,8,62,1,0,0,2,1,4,0,1,69,0,1,1,1,0
21,73,1,1,9,99,1,2,1,2,1,3,2,0,69,1,1,1,1,0
28,72,2,1,8,92,0,1,1,1,0,2,0,0,68,0,1,1,1,0
14,95,1,1,8,51,1,5,1,1,2,4,1,0,70,0,0,1,1,0
16,92,1,0,9,71,2,2,0,1,1,2,0,1,66,0,0,1,0,0
15,81,2,1,5,68,0,0,1,2,2,3,0,0,65,0,1,0,0,0
25,65,0,1,6,94,1,1,0,2,0,4,1,0,65,1,1,1,0,0
25,69,0,1,5,63,1,1,2,1,1,2,0,0,65,1,0,1,1,0
23,86,0,1,4,100,1,0,0,2,0,3,2,0,69,1,1,1,1,0
27,75,1,1,8,60,1,4,1,1,2,2,2,1,69,0,1,1,0,0
13,93,1,2,9,62,0,0,0,1,1,3,0,1,65,1,0,1,0,0
30,98,2,2,8,83,2,1,0,2,1,3,0,0,76,0,1,0,1,0
29,92,1,2,8,58,0,2,1,0,1,3,1,0,72,1,0,1,0,0
24,75,1,0,7,94,1,2,1,2,0,4,0,0,67,1,1,1,0,0
31,92,2,1,7,55,1,3,0,2,2,3,0,0,74,1,1,1,1,0
10,74,1,1,10,99,2,2,1,2,1,3,1,0,66,1,1,1,1,0
17,67,2,2,9,94,1,2,0,0,2,3,0,0,66,0,0,1,1,0
16,61,1,2,6,92,2,4,2,2,1,3,0,0,66,1,1,1,0,0
24,75,0,2,9,70,2,5,2,2,0,5,1,0,71,0,1,1,1,0
14,96,1,0,9,76,1,0,0,2,1,3,0,1,66,1,1,1,0,0
25,70,0,2,8,73,2,1,0,0,0,2,2,0,65,1,1,1,0,0
28,68,0,2,8,99,1,1,2,1,1,3,0,0,69,0,1,1,1,0
24,99,1,0,8,52,0,1,0,2,0,2,0,0,69,1,1,1,1,0
22,61,1,1,5,69,0,2,0,2,1,2,0,2,63,0,1,1,1,0
14,91,0,1,5,98,2,0,2,2,1,3,0,0,68,0,1,1,0,0
15,73,1,1,8,68,1,1,2,1,1,3,0,0,64,0,1,1,0,0
27,61,1,1,5,70,1,2,0,0,1,2,1,0,64,1,1,1,0,0
25,97,1,2,5,82,2,1,0,2,0,5,1,1,73,1,1,1,1,0
20,66,0,2,4,95,2,2,2,1,1,2,0,1,66,0,1,1,1,0
17,82,1,2,6,65,0,4,0,1,2,3,0,1,67,0,0,1,0,0
8,71,2,1,8,97,1,3,1,1,1,1,0,0,63,0,0,1,1,1
14,63,1,1,8,64,2,1,0,1,1,3,0,1,61,1,1,1,1,0
31,62,1,1,8,91,2,4,2,2,2,4,0,1,71,1,1,1,1,0
12,65,0,1,6,64,1,1,1,1,2,3,1,0,61,0,1,1,1,0
21,63,1,0,7,54,0,1,1,1,2,3,1,1,62,0,0,1,1,0
26,90,2,2,8,91,1,1,2,2,1,4,0,0,74,1,0,1,1,1
12,79,1,1,8,73,1,2,1,1,1,4,0,0,65,1,0,1,0,0
21,74,0,0,6,70,0,2,0,2,2,3,0,1,64,0,1,1,1,0
26,77,0,0,7,71,1,1,1,2,1,4,2,1,66,1,1,1,0,0
20,97,2,2,4,81,1,1,1,1,2,2,0,0,72,1,1,1,1,1
37,96,2,1,7,63,1,0,1,2,2,4,0,0,76,1,0,1,1,0
10,89,1,1,6,62,1,4,0,1,2,3,2,1,67,1,1,1,1,0
26,95,1,2,9,74,0,3,0,1,1,3,0,0,71,0,0,1,0,1
19,73,2,1,6,52,1,1,1,1,2,3,0,0,65,1,1,1,0,0
25,75,0,0,7,82,1,3,1,2,0,4,2,0,68,1,0,1,1,0
23,85,1,1,6,91,0,1,0,2,1,3,0,2,68,1,1,1,1,0
16,85,2,0,6,86,0,3,2,2,1,2,0,2,67,1,0,1,1,0
21,79,1,0,8,73,1,1,0,0,1,2,0,0,64,0,1,1,0,0
9,76,0,2,6,78,0,0,1,1,0,4,2,0,60,1,1,0,0,1
24,99,1,1,10,51,0,1,0,1,1,3,0,0,70,1,1,1,0,0
22,93,2,1,4,96,2,1,2,0,2,2,1,0,73,1,0,1,1,0
24,77,1,1,8,78,0,2,2,2,2,3,0,1,69,1,0,1,1,0
26,89,2,1,7,66,1,0,0,1,1,5,1,0,70,1,1,1,0,1
22,71,1,1,7,65,0,1,0,1,1,3,1,0,64,1,1,1,0,0
21,64,2,0,7,83,2,2,0,0,1,3,0,1,64,0,1,1,1,0
15,74,2,1,8,79,1,0,2,1,0,3,1,0,65,1,1,1,1,0
16,76,1,1,7,59,0,0,0,1,1,2,1,0,62,0,1,1,0,0
27,61,1,1,9,70,1,0,1,1,1,2,0,0,64,1,1,1,1,0
29,93,1,1,7,84,1,0,2,1,1,3,1,1,72,1,1,1,1,0
19,74,1,0,5,65,2,1,0,2,2,3,0,0,64,1,1,0,1,0
20,83,1,1,7,75,1,0,1,1,1,4,0,0,67,0,1,1,1,0
15,63,2,2,9,63,0,4,2,2,0,3,1,0,64,1,0,0,1,0
27,67,0,1,6,54,1,0,1,0,0,2,0,2,61,1,0,1,0,0
24,96,1,2,5,69,1,1,0,1,2,4,0,0,72,1,1,1,1,0
32,84,1,1,8,87,1,2,1,1,2,1,0,2,70,1,1,0,1,0
15,98,1,2,8,61,1,4,0,1,2,2,0,1,70,0,1,1,0,0
18,100,1,1,6,88,1,2,1,1,1,2,1,1,71,1,1,1,0,0
21,75,2,2,7,83,0,1,1,1,2,2,1,0,68,0,1,1,0,0
24,72,1,1,7,75,1,3,2,1,1,2,1,0,68,0,0,1,0,0
19,94,2,2,7,99,1,0,0,1,1,1,0,0,70,1,1,1,0,1
15,100,2,2,8,94,2,2,1,2,0,3,1,0,73,1,1,1,0,0
25,85,2,1,6,78,0,2,1,2,1,1,0,2,69,0,1,1,0,0
24,92,1,2,8,78,2,0,1,1,1,3,0,0,71,1,1,1,0,0
15,91,0,1,6,64,0,1,0,2,2,3,0,0,64,1,1,1,0,1
28,74,1,1,9,96,0,0,1,1,1,3,0,0,68,0,0,1,0,0
27,83,1,1,10,95,1,0,2,0,1,4,0,1,69,0,0,1,0,0
21,93,2,0,6,87,1,1,0,2,2,2,0,0,70,0,1,1,0,0
20,88,1,1,5,56,1,1,0,1,1,4,0,0,67,0,1,1,0,0
23,61,1,2,8,85,1,1,1,2,2,0,0,0,66,1,0,1,1,0
15,73,1,2,7,63,1,2,1,1,1,5,2,1,65,1,1,1,0,0
20,66,1,2,8,59,0,4,1,1,2,3,1,0,66,1,1,1,1,0
7,69,0,1,6,88,1,0,0,2,0,4,2,0,61,0,0,1,1,0
25,96,0,1,7,98,1,0,0,1,2,2,0,0,71,0,1,1,0,0
11,61,2,0,6,55,1,5,2,0,1,3,0,2,60,1,1,1,1,0
29,69,1,1,7,58,1,1,0,0,2,2,1,0,66,1,1,1,1,0
18,72,0,0,5,61,0,1,1,1,0,4,1,1,61,1,0,1,1,0
19,85,1,1,7,98,2,2,1,1,0,3,0,1,68,0,1,1,1,1
16,81,1,2,5,85,2,2,0,1,2,3,1,0,68,1,1,0,1,0
18,69,1,1,6,84,1,2,0,1,2,4,0,0,65,1,1,1,1,0
29,67,2,0,7,75,1,3,0,1,1,1,0,0,65,0,1,0,0,0
5,69,1,1,8,77,1,2,0,2,0,2,1,0,60,0,1,0,1,0
28,80,0,1,8,65,0,2,0,1,1,2,1,0,67,1,0,1,0,0
22,71,2,1,8,58,1,2,0,1,0,4,1,0,65,0,1,0,0,0
13,98,2,1,5,89,2,1,2,1,0,3,0,0,70,1,1,1,1,0
14,79,1,1,9,74,1,1,1,1,1,4,0,0,64,1,1,1,0,0
30,62,1,2,6,63,1,2,0,2,2,4,0,1,68,1,1,1,1,0
14,89,2,1,6,82,2,2,1,1,0,4,1,1,69,0,1,1,0,0
13,73,1,2,7,60,2,0,2,2,1,3,1,0,65,0,1,1,1,0
27,86,1,1,6,74,1,2,2,2,1,3,0,0,71,1,0,1,0,0
22,71,1,1,8,60,0,1,1,2,1,4,0,1,65,0,1,1,1,0
14,83,1,2,8,88,0,0,2,1,0,2,0,1,65,1,1,1,1,1
21,91,1,1,6,66,2,0,1,1,2,2,1,2,68,0,1,1,1,1
14,97,1,0,7,72,2,1,0,0,1,3,0,0,66,0,1,1,0,0
27,70,0,0,7,88,1,1,2,1,1,3,0,0,65,1,1,0,1,0
26,73,2,2,8,83,0,2,1,1,2,4,1,0,71,1,1,1,1,0
23,79,0,1,6,70,1,3,1,2,0,4,2,1,68,0,1,1,1,0
22,97,1,1,6,54,1,2,2,1,1,2,1,0,70,1,1,0,1,0
31,96,1,0,5,96,0,3,0,2,1,2,1,0,74,0,0,1,0,0
20,64,2,0,6,50,2,0,0,1,1,2,0,0,62,1,0,1,1,0
13,65,1,2,5,87,0,1,1,1,2,2,0,1,61,0,1,1,0,1
23,80,2,2,6,97,1,0,1,1,1,3,0,0,70,1,0,1,1,0
33,64,0,1,9,65,1,0,1,1,0,2,1,1,65,1,1,1,1,0
14,74,1,1,8,54,2,2,0,0,1,2,0,1,62,1,1,1,1,0
18,66,2,2,9,62,1,2,2,1,1,4,0,1,65,0,1,1,0,0
22,85,2,1,6,66,0,0,0,1,2,4,1,0,68,1,0,1,0,0
20,98,1,2,4,73,1,2,1,0,2,1,0,2,70,1,0,1,1,0
14,100,1,0,7,76,0,1,1,1,1,3,2,0,68,0,0,1,0,0
27,75,0,1,10,86,1,3,1,1,2,6,2,0,69,0,0,0,0,0
34,84,1,2,6,95,1,1,0,1,1,3,2,2,73,1,0,1,1,0
21,94,1,1,7,73,1,1,1,1,2,5,1,0,71,0,0,1,1,0
15,65,0,2,5,87,1,0,0,2,1,4,0,0,63,0,0,1,1,0
11,88,2,1,7,56,0,2,1,1,1,2,1,0,66,1,1,1,1,0
22,76,2,0,7,66,0,1,0,2,2,4,2,0,67,1,0,1,1,0
27,68,0,2,4,56,1,0,0,2,1,1,0,0,64,0,1,1,0,0
23,76,1,0,5,85,1,1,1,0,1,3,0,0,66,0,1,1,1,0
20,63,2,2,5,95,1,2,2,2,2,3,1,0,69,1,1,1,1,0
16,88,1,2,5,94,2,4,1,1,2,6,1,1,72,1,0,1,1,0
13,70,1,2,6,66,1,1,1,1,0,4,0,0,63,1,1,1,1,0
25,72,1,2,8,62,1,2,0,1,2,2,0,0,67,0,1,1,1,0
25,65,0,1,6,64,1,1,1,1,0,4,1,0,64,1,0,1,0,0
11,95,1,1,9,64,2,4,0,1,2,4,0,1,68,1,1,1,1,0
30,80,2,2,6,54,2,1,2,1,2,3,0,1,71,0,1,1,0,0
23,83,1,0,7,57,1,2,1,2,2,4,0,1,67,0,1,0,1,0
28,83,1,0,8,61,1,1,0,1,0,5,2,0,67,1,0,1,0,1
12,76,1,1,9,50,1,2,1,2,0,3,1,0,64,1,1,1,1,0
12,68,2,0,6,52,0,5,2,2,1,3,1,0,63,1,1,1,0,0
19,90,2,2,8,85,1,2,1,1,1,4,1,0,72,1,1,1,0,0
23,65,0,1,6,81,0,2,0,1,1,2,0,0,63,0,1,1,1,0
31,64,2,1,10,97,0,2,1,1,0,4,0,2,67,0,0,1,0,0
24,88,0,1,5,70,1,1,0,1,2,2,2,0,68,1,0,0,1,0
19,68,0,2,8,72,2,2,0,2,1,3,1,2,64,1,0,1,1,0
14,72,1,2,9,53,1,4,1,1,0,3,2,0,65,1,1,1,0,0
27,79,1,0,5,58,2,2,1,1,1,1,2,2,68,0,0,1,1,0
14,78,1,2,8,85,1,2,0,1,0,4,0,0,66,1,0,1,1,0
30,88,1,1,6,62,2,4,0,1,2,5,1,2,73,0,0,1,1,0
18,85,0,1,10,89,1,1,2,1,2,3,0,0,68,0,0,1,1,0
30,86,1,2,4,85,2,2,1,1,1,5,2,2,72,1,0,1,0,1
24,89,1,1,5,87,1,3,2,1,1,0,0,0,70,0,1,0,1,0
19,72,1,1,5,85,2,1,0,1,1,4,1,0,66,0,0,1,1,0
17,73,0,1,5,85,2,3,1,1,2,1,1,0,66,0,1,1,1,0
18,78,0,0,8,77,1,2,1,2,1,4,1,0,66,0,0,1,1,0
23,72,2,0,10,84,0,2,0,1,0,2,0,1,65,1,1,1,1,0
20,99,2,0,9,76,2,2,0,1,1,5,1,2,71,1,1,1,1,0
16,93,0,1,7,60,1,1,1,1,2,1,0,1,66,0,1,1,1,0
19,67,1,0,7,61,2,1,1,1,1,4,1,1,63,0,0,1,0,0
20,60,1,1,6,70,1,2,0,1,1,3,2,0,63,0,1,1,1,1
7,62,2,1,8,51,0,0,1,0,2,3,1,1,58,1,1,1,1,0
23,70,1,2,7,94,0,3,1,2,1,3,0,0,68,0,1,1,0,0
14,65,2,1,7,63,1,2,0,1,1,3,0,1,61,1,1,1,0,0
13,81,1,2,6,53,0,2,0,1,2,4,0,0,65,1,1,1,0,0
10,94,2,0,5,71,1,1,2,1,2,3,0,1,67,1,1,1,0,0
9,89,0,2,7,91,1,1,2,0,1,3,2,0,67,1,1,1,1,0
12,69,2,0,7,70,1,1,1,1,2,4,0,0,62,1,0,1,0,0
16,76,1,2,6,63,2,0,0,1,2,1,0,0,86,0,1,1,1,0
32,80,2,1,6,77,0,0,1,1,1,5,1,0,71,1,1,1,0,0
17,92,1,1,8,79,1,1,0,1,2,3,2,0,70,1,1,1,1,0
21,94,1,1,8,88,1,1,1,1,2,3,1,0,71,1,1,1,0,0
22,96,2,0,10,90,2,2,0,1,1,3,1,1,71,1,1,1,0,1
21,80,2,2,9,85,0,1,2,1,0,3,1,0,70,0,1,1,1,0
20,88,1,2,5,50,1,2,0,1,1,5,0,1,67,1,1,0,1,0
13,64,1,0,7,50,2,0,1,0,2,4,0,0,60,1,1,1,1,0
29,83,2,2,5,99,1,0,1,2,1,4,1,0,73,0,1,1,0,0
31,70,2,0,4,63,2,1,1,1,1,2,0,0,67,0,1,1,1,1
10,77,0,2,10,64,2,1,0,1,0,3,1,0,62,0,0,1,1,1
14,85,1,2,9,87,2,0,1,1,0,3,1,0,67,0,1,1,0,0
18,70,2,0,6,79,1,1,1,2,2,2,1,0,65,0,1,1,0,0
14,62,1,1,9,73,1,1,0,1,1,6,0,0,61,1,1,1,0,0
23,60,2,1,9,56,0,0,0,1,0,4,0,1,61,0,0,0,1,0
16,61,2,1,4,54,0,1,0,1,1,2,0,0,60,0,0,1,0,0
33,60,2,2,8,85,0,4,0,0,0,3,0,0,68,1,1,1,0,0
27,64,2,1,6,56,0,0,0,2,1,5,1,1,65,0,1,1,1,0
21,70,2,2,8,72,0,3,1,0,1,1,2,1,67,0,1,1,1,0
26,69,2,0,10,87,0,2,1,0,2,2,2,0,67,1,1,1,0,0
27,99,2,1,9,96,0,0,2,1,2,2,1,1,74,1,0,1,0,0
17,72,0,1,7,94,0,4,1,1,2,2,0,2,64,0,1,1,0,0
15,65,1,2,9,93,0,2,0,0,1,3,1,0,64,1,0,1,1,0
20,82,1,0,4,68,1,2,0,2,1,3,0,0,67,1,1,1,1,0
25,94,2,2,8,96,2,6,1,1,0,3,0,2,74,0,1,1,0,1
21,87,1,1,8,84,2,1,0,0,2,2,1,0,69,1,0,1,1,0
11,72,0,1,8,94,2,1,0,0,2,2,0,0,62,1,1,1,0,0
15,82,1,1,6,54,1,1,1,1,2,2,1,0,66,0,1,1,1,0
20,89,2,2,8,52,0,2,1,1,0,3,1,1,69,0,1,1,1,0
20,89,2,1,8,71,1,1,1,1,0,1,2,2,68,1,1,1,1,0
32,87,2,1,4,91,1,2,2,1,1,2,0,1,74,0,1,1,1,0
12,95,1,1,7,70,1,4,1,2,2,3,0,2,68,1,1,1,0,0
23,95,1,1,6,94,2,2,1,1,1,3,0,0,73,1,1,1,1,0
29,83,1,0,8,62,0,4,2,1,0,5,1,0,70,1,1,1,0,0
34,77,1,2,9,52,1,0,1,1,1,4,0,1,69,0,0,1,0,0
18,86,1,1,6,88,1,2,1,2,1,2,1,2,68,1,1,1,1,0
23,93,1,2,5,81,2,2,0,1,0,1,1,0,71,1,0,1,0,0
23,60,0,1,7,72,0,3,2,1,1,2,1,0,64,0,1,1,0,0
21,100,1,1,5,92,0,3,0,0,2,3,2,0,71,1,1,1,0,1
19,67,1,1,7,91,1,1,0,2,1,3,0,0,65,0,1,1,0,0
23,79,0,1,7,66,2,1,2,1,2,3,2,0,68,1,0,1,1,0
5,95,1,2,8,92,0,1,0,2,1,2,1,0,67,0,0,1,1,0
24,69,1,2,7,67,1,2,1,2,0,4,2,2,67,1,1,1,1,0
21,79,1,0,7,81,0,2,1,1,1,4,0,0,67,1,1,1,1,0
19,65,1,2,9,60,0,1,0,1,1,3,2,1,63,1,1,1,1,0
32,76,1,1,7,63,1,0,1,0,2,3,0,0,68,0,1,1,0,0
16,67,2,2,6,72,1,1,0,2,2,3,2,0,66,0,1,1,1,0
18,75,1,1,7,66,2,1,2,2,2,4,0,0,67,1,1,1,1,0
32,75,1,0,6,56,1,3,1,1,1,2,1,1,68,0,1,1,1,0
15,100,2,1,5,74,1,2,2,1,1,3,2,0,72,1,0,1,1,0
17,100,1,1,5,76,0,3,0,2,1,3,2,1,70,0,0,1,0,0
19,65,0,2,9,58,0,3,1,1,0,4,0,1,62,0,1,1,0,0
25,89,1,0,6,59,1,2,0,1,1,2,1,0,69,0,1,1,1,0
21,62,1,0,7,51,0,0,0,1,2,4,0,0,61,0,0,1,1,0
12,61,1,0,7,52,0,2,0,1,2,2,0,1,58,0,1,1,1,0
17,64,0,1,7,68,1,5,1,1,1,3,0,0,63,1,0,1,0,0
16,99,2,1,9,57,2,4,1,1,2,3,1,0,71,0,1,0,0,0
20,98,0,1,7,96,0,1,0,2,2,3,1,0,70,0,1,0,1,0
23,68,2,1,6,60,1,1,0,1,1,3,0,0,64,0,1,1,0,0
23,66,2,0,6,53,0,2,1,1,2,1,1,2,63,1,1,1,0,0
9,70,2,1,8,70,0,1,1,1,2,3,1,0,63,1,1,1,1,0
26,81,2,0,8,60,2,2,0,2,2,5,2,0,71,0,1,1,0,0
22,83,0,2,8,53,1,0,0,0,0,2,2,0,65,0,1,0,1,0
28,69,2,2,7,88,0,2,0,1,1,2,0,1,68,1,1,1,0,0
23,90,1,2,5,78,2,1,1,1,1,3,0,1,70,1,0,0,1,0
27,72,2,2,8,53,1,3,1,0,1,3,0,2,68,0,1,1,1,0
23,97,1,2,7,73,1,3,0,1,0,1,0,1,69,1,0,0,0,0
28,86,1,1,7,52,1,0,1,1,2,5,1,0,70,1,1,1,1,0
23,77,2,1,5,68,0,0,2,2,2,3,0,0,67,1,0,1,0,1
19,92,0,2,6,68,1,2,1,1,1,2,0,0,69,0,1,1,1,0
34,93,0,1,6,91,0,2,2,1,1,3,0,1,73,0,1,1,0,0
25,72,1,1,8,87,0,3,1,0,2,3,2,1,68,1,1,1,1,0
23,74,2,1,8,95,1,2,0,1,0,2,1,2,67,0,1,1,0,0
12,97,1,2,7,57,0,0,0,1,2,4,1,1,67,0,0,1,1,0
12,67,1,2,8,77,1,2,0,2,2,3,1,0,64,1,0,1,1,0
22,62,2,1,9,51,1,2,0,1,1,2,0,0,63,1,1,1,0,0
21,78,0,2,8,91,1,1,1,0,0,5,2,0,67,0,0,0,0,0
16,92,1,2,8,68,1,1,1,2,2,2,0,0,70,1,1,1,1,0
21,91,2,1,6,53,2,1,1,1,2,3,2,0,71,0,1,1,1,0
30,97,1,2,6,66,2,1,1,1,1,2,1,0,74,1,0,1,1,0
24,81,1,2,9,64,2,2,2,0,2,3,0,0,70,1,1,1,1,0
13,64,0,0,6,88,1,1,1,1,1,2,1,1,59,0,1,1,0,0
19,84,0,1,8,56,1,0,0,1,1,3,0,0,64,1,0,1,1,1
15,91,0,1,10,78,0,2,1,2,1,3,0,0,67,0,1,1,0,0
18,64,1,1,8,90,1,1,0,1,1,3,0,0,63,1,1,1,1,0
18,67,0,2,7,87,1,5,0,0,2,2,1,0,66,1,1,1,1,0
17,60,1,1,5,97,1,1,1,1,0,4,1,2,62,1,0,1,1,0
12,84,0,1,7,50,1,3,2,2,1,3,0,0,65,1,1,1,0,0
19,95,2,2,9,68,1,3,2,1,2,4,1,2,73,1,1,1,1,0
17,87,2,2,7,68,2,1,1,2,2,2,0,0,70,1,1,1,1,0
2,99,1,0,9,52,0,0,1,1,1,4,0,0,62,1,1,1,1,0
32,63,1,2,8,91,1,2,2,0,2,5,0,0,68,0,1,0,0,1
27,96,2,0,7,84,1,1,2,1,1,3,1,0,74,1,1,1,1,0
18,93,1,1,7,76,0,2,1,1,1,4,0,0,96,0,0,1,0,0
20,73,2,2,5,70,2,1,0,2,0,2,0,1,66,1,1,1,0,0
13,99,0,2,6,95,1,0,0,1,2,4,2,0,69,1,1,0,1,0
30,72,2,2,6,63,1,1,0,1,1,3,2,0,70,0,1,1,1,0
31,96,1,0,8,67,1,2,1,1,1,3,1,0,73,1,0,1,1,0
21,95,0,0,7,98,0,1,0,2,2,2,0,0,69,1,1,1,0,0
26,90,2,2,9,53,1,1,0,1,1,4,0,2,71,1,0,1,1,0
21,83,2,0,7,89,0,0,0,0,1,2,1,1,65,0,1,0,1,0
12,65,1,0,6,86,1,1,1,1,2,3,2,0,62,0,1,1,1,0
18,81,2,2,6,95,0,1,1,1,2,3,0,0,69,1,1,1,0,0
21,74,0,1,6,55,2,3,0,1,2,2,1,0,65,1,1,1,0,0
17,92,1,1,7,99,1,1,1,1,1,2,1,2,68,0,1,1,0,0
19,90,0,0,6,51,2,1,0,1,0,3,2,0,65,1,1,1,1,1
19,96,1,2,5,67,1,4,2,1,1,1,0,1,72,1,0,1,1,0
20,61,2,2,9,54,1,2,2,1,2,4,2,0,67,1,0,1,1,0
20,92,1,0,7,53,1,2,1,2,2,2,1,2,68,1,0,1,0,0
14,98,0,1,7,98,1,0,1,2,2,3,0,0,68,1,1,0,0,0
16,92,1,1,6,86,0,2,1,1,1,3,1,0,66,0,0,0,0,1
12,65,1,2,5,75,2,0,2,1,0,2,0,1,62,1,0,1,1,0
26,63,1,1,7,55,1,2,1,2,1,4,0,2,65,1,1,1,1,0
7,61,0,2,4,76,2,1,1,1,2,5,0,2,60,0,0,1,1,0
27,85,2,1,8,66,1,2,0,2,1,4,0,1,70,1,0,1,1,1
28,85,1,1,6,64,0,1,0,1,1,1,0,1,68,1,1,1,1,0
18,99,1,2,7,81,0,1,1,1,1,3,2,0,72,1,1,1,1,0
4,76,1,1,8,90,1,2,2,1,2,2,0,1,63,0,1,1,1,0
18,73,1,2,7,72,0,1,1,1,1,1,0,1,63,1,0,1,1,1
20,85,0,1,5,75,0,1,1,1,1,2,1,0,67,1,1,1,1,0
14,93,1,0,9,83,0,4,1,1,1,2,2,0,68,0,1,1,1,0
17,97,1,1,5,56,0,2,2,1,2,3,0,0,69,0,1,1,0,0
29,92,2,1,4,91,0,1,2,2,1,4,0,0,75,0,1,1,1,0
24,77,0,1,8,92,2,0,2,1,1,3,0,1,67,1,1,1,0,0
14,85,2,2,5,77,1,2,0,2,2,3,0,0,69,1,1,1,1,0
10,94,0,1,9,59,0,0,1,1,2,2,2,0,65,1,1,1,0,0
18,80,0,2,8,75,1,2,1,1,0,4,0,0,65,1,1,0,1,0
19,69,1,1,7,55,0,1,0,1,2,4,1,0,63,0,1,1,1,0
23,67,0,1,6,88,1,2,1,1,1,4,0,0,65,1,0,1,0,0
17,60,1,0,6,66,1,0,0,1,2,2,0,2,58,0,1,1,0,0
23,89,2,2,6,66,0,0,0,2,2,3,0,1,70,1,0,1,1,0
32,64,0,0,6,97,1,1,1,0,1,5,1,1,66,1,1,1,1,0
25,70,1,0,9,71,1,2,0,1,0,2,1,0,63,0,1,0,0,0
20,72,1,0,6,89,0,1,0,1,0,3,0,2,62,1,0,1,1,0
19,82,1,1,8,82,2,2,1,1,2,3,1,1,69,0,0,1,1,0
18,76,1,1,9,66,2,1,2,2,2,3,0,0,66,0,1,1,0,0
27,87,2,0,6,56,1,0,0,2,1,2,0,1,68,1,1,1,0,0
16,62,0,1,8,90,0,2,2,1,1,2,2,2,62,1,1,1,1,0
20,65,2,1,6,88,1,0,1,2,0,4,0,0,64,1,1,1,0,1
20,80,1,2,7,58,0,0,1,1,1,2,1,0,65,0,1,0,1,0
17,73,1,2,6,62,0,2,0,1,0,3,1,2,64,1,0,1,1,0
12,72,1,1,6,88,2,2,2,1,2,3,0,0,65,0,1,1,0,0
22,63,1,1,7,99,0,3,1,1,1,4,0,1,65,1,0,1,1,0
20,96,0,1,5,92,1,0,1,1,1,3,1,0,70,0,1,1,1,0
23,88,0,2,8,84,2,2,1,1,2,3,2,0,71,0,0,1,0,1
17,65,1,1,5,96,0,2,1,2,2,3,1,1,65,1,1,1,1,0
27,63,2,1,5,64,1,1,2,2,2,4,2,0,67,1,1,0,0,0
15,99,0,2,7,50,2,4,0,1,2,2,0,1,68,1,1,0,1,0
30,87,2,2,6,66,0,1,1,1,1,4,0,0,73,1,1,1,1,0
10,77,1,2,8,99,1,0,1,2,1,4,0,0,64,1,1,1,0,1
23,88,2,2,7,94,0,3,0,1,2,1,0,0,71,1,0,0,0,0
23,90,1,2,5,53,1,2,1,2,2,2,0,0,70,0,0,1,0,0
15,91,0,2,8,75,1,4,1,1,1,1,0,0,68,0,1,1,0,0
23,79,2,1,7,54,1,2,0,1,1,4,1,1,68,0,0,1,1,0
28,77,0,2,7,89,1,3,0,1,2,3,0,2,68,1,1,1,1,1
7,60,1,2,10,69,0,0,0,1,2,3,1,1,59,0,0,1,1,0
23,97,1,1,9,96,1,2,1,2,1,4,1,0,74,1,0,1,1,0
5,84,1,1,7,53,0,1,0,2,2,3,2,1,62,1,1,0,1,0
14,68,2,0,5,87,2,2,1,1,2,3,0,2,64,1,1,1,1,0
30,97,2,2,5,70,1,0,2,1,2,2,2,0,76,1,1,1,0,0
17,97,2,1,9,63,1,2,0,1,2,2,0,0,70,1,1,1,1,0
13,100,2,1,6,76,1,0,0,0,2,5,2,0,69,1,1,0,0,0
19,95,1,1,7,74,2,0,0,2,2,2,0,0,69,0,1,0,1,0
32,100,0,2,5,67,1,4,1,1,2,3,0,2,74,1,1,0,1,0
9,70,2,1,8,82,0,2,2,2,0,2,0,0,62,0,1,0,0,0
14,94,1,1,9,83,2,2,0,2,2,3,2,1,70,1,1,1,0,0
29,93,0,1,9,54,1,4,0,2,2,3,0,0,71,1,1,0,1,0
31,69,1,0,6,80,0,4,1,1,0,2,1,0,68,1,1,1,1,0
19,64,2,0,8,86,0,3,2,1,1,3,2,0,66,0,0,1,1,0
13,99,0,1,7,54,2,3,2,1,0,3,0,2,67,1,1,1,0,0
33,72,2,1,8,83,0,3,0,2,1,4,0,0,71,1,0,1,0,0
30,95,1,1,7,90,1,3,1,1,1,1,0,1,74,1,1,1,1,0
24,60,0,1,6,92,0,3,1,1,2,2,1,0,65,1,1,1,1,0
15,61,2,0,9,52,1,1,1,1,1,3,0,1,60,0,0,1,1,0
20,79,2,2,7,85,0,2,1,1,1,2,1,1,69,1,1,1,1,0
19,70,1,1,6,90,0,2,0,1,2,3,0,1,65,1,0,1,1,0
22,88,1,0,7,70,1,3,0,1,2,2,0,0,69,0,1,1,1,0
29,83,1,0,6,77,2,1,1,1,1,4,0,0,70,1,1,1,1,0
25,63,2,0,8,63,1,0,1,2,2,1,2,0,65,0,0,1,1,1
14,67,0,0,7,66,0,0,0,1,1,4,0,2,57,0,1,1,1,0
28,76,1,1,6,75,0,0,1,2,2,2,0,0,68,0,1,1,1,0
22,67,2,2,10,58,1,2,2,0,1,3,2,0,67,1,1,1,0,0
24,92,1,1,5,69,1,2,1,1,0,4,0,0,70,0,0,1,0,0
29,77,1,1,8,65,1,1,1,1,1,3,0,0,68,1,1,1,1,0
13,64,2,2,7,62,1,1,0,1,1,1,1,1,62,0,1,1,1,0
20,79,2,1,5,74,1,1,0,1,1,5,0,2,67,1,1,1,1,0
17,64,2,2,6,92,1,0,1,1,2,1,2,0,66,1,0,1,1,0
11,65,1,0,5,62,1,2,1,2,1,2,1,2,60,0,1,1,1,0
22,70,2,0,10,83,0,0,1,1,2,2,1,1,65,1,1,1,0,0
35,94,2,1,7,63,1,1,0,2,2,2,1,0,75,0,1,1,1,0
9,97,0,1,7,57,1,4,1,2,1,5,0,2,67,0,1,1,1,0
20,93,1,2,10,97,1,1,0,1,1,2,2,1,71,1,1,1,0,0
24,73,0,0,6,82,1,0,1,1,0,2,0,0,63,1,1,1,1,1
21,71,2,1,9,55,0,2,2,2,2,1,2,1,67,1,1,1,1,0
19,82,2,1,8,82,0,2,0,1,0,4,2,0,68,0,0,1,0,0
12,89,2,0,4,59,0,2,0,2,0,4,0,0,65,1,1,1,1,0
21,100,0,2,6,94,1,1,2,1,2,3,1,1,72,0,1,0,0,0
15,65,1,1,8,62,1,1,1,1,1,4,0,1,61,0,1,1,0,0
7,62,0,2,7,90,1,1,1,0,1,5,1,1,60,0,1,1,0,0
27,88,2,2,7,60,1,2,0,1,2,2,0,0,72,0,1,1,1,0
26,93,1,1,6,78,1,2,1,1,1,3,2,2,72,0,1,1,1,0
20,94,0,1,6,96,1,2,1,1,0,3,1,0,70,1,0,1,1,0
21,87,0,1,7,65,2,2,1,1,0,3,1,0,67,1,1,1,0,1
26,98,1,1,10,54,1,0,0,2,1,1,2,0,71,1,0,1,0,0
21,80,1,0,6,78,1,0,1,1,0,2,2,0,66,0,0,1,1,0
25,97,2,2,6,59,0,0,0,2,2,2,0,0,72,0,1,1,0,0
18,99,1,1,7,86,1,1,2,1,1,4,0,1,70,0,1,0,1,0
28,94,1,0,5,80,1,2,2,1,0,2,0,1,71,0,1,1,1,0
22,72,0,0,8,67,2,2,1,1,0,4,1,2,64,1,1,1,1,0
21,68,1,1,5,85,1,3,2,1,2,2,1,1,66,1,1,0,1,0
12,82,2,0,5,62,0,2,1,1,2,4,0,0,64,1,1,1,0,0
22,78,1,1,5,96,1,0,0,1,1,3,0,1,67,1,1,1,1,0
15,95,0,0,5,67,2,3,1,1,2,3,0,1,67,0,1,1,0,0
16,64,2,0,9,88,1,1,1,2,2,3,0,0,64,1,1,1,0,0
15,70,0,1,8,63,0,0,1,1,2,4,0,1,61,0,0,1,0,0
14,90,2,2,8,86,1,4,1,1,0,2,0,0,99,0,0,1,1,0
33,64,1,1,8,52,0,3,2,1,2,4,0,0,67,1,1,0,0,0
28,73,1,2,7,65,2,3,2,2,2,3,2,0,72,1,1,1,1,0
32,75,0,0,7,55,1,1,1,1,1,4,0,1,66,1,1,1,0,0
13,85,0,2,9,73,2,3,1,2,2,2,2,1,68,1,1,1,1,0
20,66,2,0,9,72,0,1,1,2,2,1,1,0,64,0,1,1,0,0
12,94,2,2,5,68,2,1,2,1,1,2,0,0,69,1,1,1,0,0
16,78,1,2,10,99,0,0,0,1,2,4,0,2,65,0,1,1,0,0
14,97,0,2,5,62,1,1,1,1,1,4,2,2,66,0,1,0,0,1
27,79,2,2,6,90,0,3,1,2,2,4,0,0,73,1,1,1,1,0
18,71,1,1,7,72,0,0,0,1,1,4,0,0,63,0,1,1,1,0
26,66,1,1,7,67,2,3,1,1,0,4,0,1,66,0,1,1,1,0
24,60,1,1,10,60,0,3,0,2,1,2,2,0,65,0,0,1,1,0
34,81,1,1,9,82,0,1,1,2,0,2,0,0,71,1,1,1,1,0
11,64,1,0,8,67,2,1,1,1,1,2,1,0,58,1,1,0,1,1
28,76,1,1,9,91,1,0,0,2,1,3,0,1,68,1,0,1,0,0
27,84,1,1,8,98,1,0,0,1,1,4,0,1,69,1,1,1,0,0
14,71,2,0,6,61,0,0,0,1,2,3,2,0,63,0,1,1,1,0
26,67,1,1,8,56,1,1,1,1,0,5,1,0,66,0,1,1,1,0
22,91,1,1,7,66,1,0,2,2,0,3,1,0,69,0,1,0,1,0
19,98,1,0,6,73,1,3,0,1,0,3,1,0,69,1,0,1,1,0
15,64,2,1,9,65,1,2,1,1,1,2,0,0,63,1,1,1,0,0
16,66,0,2,7,99,1,1,0,1,2,3,1,0,65,0,1,1,1,0
32,98,0,2,5,89,1,2,2,0,2,3,1,0,76,1,0,1,0,0
20,62,2,1,6,98,2,0,2,2,1,3,2,0,67,1,1,1,1,0
25,99,0,1,8,69,1,1,0,2,2,3,2,1,70,1,1,0,0,0
15,60,1,0,9,65,1,1,1,2,0,5,1,1,60,1,1,1,0,0
15,95,2,0,8,70,1,2,2,2,1,3,0,0,68,0,1,1,0,1
26,72,1,1,8,76,1,1,1,1,0,3,2,0,68,1,1,1,1,0
12,98,0,2,6,87,1,2,0,1,1,3,2,0,70,0,0,1,1,0
18,73,1,2,7,94,2,1,2,1,1,3,2,1,68,0,0,1,1,0
20,86,2,2,7,73,1,3,0,0,1,3,0,0,69,1,1,1,0,1
21,63,1,1,7,64,1,0,0,1,0,3,0,0,62,0,1,1,1,0
19,70,2,0,7,66,1,1,2,0,1,4,1,1,64,1,0,1,0,0
22,91,2,1,6,85,0,2,1,1,2,2,0,1,71,0,0,1,0,0
24,81,1,1,8,78,1,1,0,1,2,2,0,0,68,1,1,1,1,0
24,97,2,1,5,74,2,0,1,0,1,5,0,0,72,0,1,1,0,0
14,77,1,1,5,60,0,1,2,2,0,3,2,2,64,1,0,1,1,0
18,95,1,2,6,94,1,6,0,2,1,3,0,2,73,0,1,1,1,0
27,78,1,2,8,89,0,0,0,1,1,3,2,0,69,0,1,1,0,0
25,99,0,1,8,57,1,1,1,0,2,3,2,1,70,1,0,1,0,0
12,98,1,2,4,68,1,3,0,2,1,2,0,0,69,0,1,1,0,0
22,73,1,0,8,77,1,1,2,1,1,3,0,2,64,1,1,1,0,0
8,95,1,1,7,73,0,2,1,1,1,2,1,0,66,1,0,1,0,0
20,94,1,1,6,70,2,1,1,1,1,2,0,1,69,0,1,1,1,0
31,68,2,1,7,86,0,1,0,1,2,3,0,1,68,0,0,1,0,0
14,85,1,0,5,53,1,4,1,1,1,3,0,0,65,1,1,1,1,0
15,63,2,0,7,74,1,4,0,1,0,2,0,1,62,1,1,1,1,0
25,93,2,2,5,63,1,2,2,1,2,2,2,0,75,0,1,1,1,0
11,67,1,1,6,54,0,0,0,1,2,3,0,0,60,0,1,1,1,0
16,63,1,2,6,73,1,0,1,1,1,4,1,0,63,1,1,1,1,0
24,76,1,0,8,59,1,2,1,1,2,4,1,2,66,1,1,1,1,0
16,83,2,1,7,63,1,0,1,1,1,3,2,0,67,0,1,1,1,0
19,94,0,1,8,75,1,1,1,1,0,3,1,1,68,0,1,1,1,0
24,99,1,1,5,99,1,0,0,1,2,3,0,1,72,0,1,1,1,0
23,78,0,1,7,84,2,0,0,1,1,3,1,0,66,1,0,1,0,0
22,62,1,1,8,64,1,0,0,1,1,3,2,0,63,0,1,1,1,0
18,90,1,2,9,69,1,1,2,2,2,3,1,1,71,0,0,1,1,0
22,83,0,1,5,70,2,2,0,1,2,3,1,2,67,1,1,1,1,0
19,78,1,1,6,58,1,1,0,1,1,3,2,0,66,1,1,1,1,0
23,72,2,1,8,58,1,2,0,2,2,2,1,0,66,0,0,0,0,0
17,80,2,2,9,57,1,4,0,1,2,2,1,0,68,1,1,1,0,0
19,74,1,1,7,76,2,1,2,1,1,3,1,0,66,0,1,1,0,0
14,90,2,1,5,84,1,0,0,1,0,3,2,0,68,0,1,1,1,0
20,82,2,1,5,80,1,3,0,1,1,1,1,0,68,0,1,1,1,1
15,95,0,1,7,99,0,0,2,2,1,2,0,0,68,0,1,1,1,0
13,82,1,2,8,56,0,2,0,2,1,3,2,0,66,1,0,1,0,0
22,70,2,0,7,99,1,1,0,2,2,2,0,1,66,1,0,1,0,0
21,94,1,2,5,73,0,0,1,2,1,3,2,2,70,0,1,1,0,0
25,82,2,1,9,61,0,1,2,1,0,2,0,0,68,1,1,1,1,0
17,68,1,1,6,97,2,2,2,0,0,3,0,1,65,1,1,1,1,0
22,85,0,2,8,73,2,1,1,1,2,3,1,0,70,1,0,1,1,0
23,74,1,1,4,67,1,3,2,1,0,5,0,2,66,1,0,1,0,0
23,94,1,2,9,61,1,0,1,1,0,1,2,1,68,0,1,0,1,1
15,78,1,1,6,63,2,1,1,1,1,2,1,1,64,1,0,1,1,1
21,89,1,1,9,99,1,0,1,1,0,3,0,0,69,1,0,1,0,0
22,64,1,1,8,65,0,2,1,1,1,4,2,0,65,0,0,1,0,0
20,76,1,2,5,99,0,3,1,2,0,3,2,0,69,0,1,0,1,0
7,99,0,2,7,67,0,1,2,2,1,4,0,0,66,0,0,0,1,0
21,92,2,0,9,62,1,1,1,0,2,2,0,0,68,0,1,1,0,0
33,66,1,1,6,59,1,3,2,1,2,2,2,0,70,0,1,1,1,0
18,71,2,1,9,71,1,1,1,2,2,3,0,1,65,0,1,1,0,0
16,73,2,1,8,62,1,0,2,2,1,2,0,0,65,0,0,1,1,0
22,86,1,0,9,85,1,1,1,1,0,3,2,0,68,0,1,1,0,0
22,90,0,1,7,62,0,0,1,1,2,3,1,0,67,1,1,1,0,0
27,90,2,2,7,92,1,0,0,1,1,3,0,0,72,0,0,1,0,0
12,80,2,2,10,92,2,1,2,2,2,3,2,1,70,1,1,1,1,0
24,92,0,2,8,64,2,1,2,2,1,3,1,0,72,1,0,1,1,0
24,77,2,2,7,88,0,1,2,1,0,5,1,0,71,1,1,1,1,0
19,65,0,1,8,93,0,1,1,2,1,4,1,0,64,1,0,1,0,0
22,83,0,2,6,80,1,2,1,1,2,5,0,1,69,0,1,1,1,0
26,98,1,1,7,68,1,4,0,1,2,1,0,0,73,0,1,1,1,0
25,92,0,2,9,72,1,1,0,1,0,5,2,2,70,0,1,1,1,0
13,83,2,1,7,89,1,1,0,1,1,4,2,0,68,0,1,1,0,0
25,86,2,1,6,65,1,2,1,2,2,5,0,1,71,1,1,1,0,0
20,97,1,2,6,67,0,1,0,2,2,3,2,0,71,0,0,1,0,0
20,77,0,2,7,58,2,0,2,1,1,3,0,0,66,1,1,1,1,0
20,73,1,2,6,70,0,3,2,2,1,4,0,0,68,0,1,1,0,0
19,99,1,2,5,54,0,0,1,1,1,2,2,0,70,1,1,1,1,0
27,95,1,1,5,66,0,3,1,1,1,4,0,0,72,1,1,1,0,0
19,73,0,2,9,69,2,1,0,0,2,4,2,0,66,0,1,1,1,0
13,79,1,2,7,63,0,3,2,1,1,2,0,0,65,0,0,0,1,0
18,77,1,2,7,55,2,3,2,1,1,3,0,0,66,0,0,0,1,1
21,66,2,1,6,76,0,3,0,1,1,1,0,1,65,0,0,1,1,0
27,98,2,0,6,93,0,0,0,1,1,4,0,1,72,1,0,1,1,0
24,76,1,1,6,67,1,2,2,1,0,3,1,0,68,0,1,1,1,0
15,95,1,1,7,62,2,0,2,1,0,3,1,0,68,0,1,1,1,0
35,68,0,2,5,64,1,0,2,0,2,4,0,0,67,1,1,1,1,1
22,82,1,1,9,93,0,2,0,1,1,2,0,0,68,1,1,1,1,0
28,61,2,1,7,76,2,1,1,2,2,4,0,1,67,1,1,1,0,0
19,91,1,2,7,57,0,3,2,2,0,3,0,1,69,0,1,1,0,0
23,83,0,0,8,85,1,2,0,1,1,2,0,0,65,1,0,1,0,1
25,85,1,1,8,58,1,2,1,2,1,4,1,0,70,1,1,1,0,0
27,62,2,1,6,53,0,1,1,1,2,2,0,1,64,1,1,1,0,0
26,68,1,1,8,63,1,2,0,2,2,3,0,0,66,1,1,1,0,0
25,63,0,1,8,58,1,1,2,1,2,1,1,0,64,0,1,1,0,0
18,72,2,2,7,80,2,1,2,2,0,2,0,1,66,0,1,1,1,1
17,85,1,1,9,74,1,1,1,1,1,2,0,0,67,1,0,1,1,0
22,83,1,0,8,86,1,3,1,0,0,4,0,0,68,1,1,1,1,0
26,84,1,1,8,76,1,5,1,2,1,2,0,1,71,1,1,1,0,0
19,82,2,0,9,71,1,1,0,2,1,3,1,0,67,0,0,1,0,0
26,71,2,1,7,76,1,3,0,1,2,2,2,1,69,1,1,1,1,0
29,70,1,0,7,72,0,1,1,1,2,4,1,0,67,1,1,1,1,0
15,65,0,2,8,52,1,4,0,1,1,3,0,1,61,0,0,1,1,1
15,94,1,1,7,84,1,0,1,2,2,2,0,1,68,1,1,1,0,0
19,85,0,0,8,98,1,2,1,0,1,4,0,0,67,0,0,1,1,0
22,67,0,1,6,71,0,1,1,2,1,4,1,1,64,1,1,1,1,0
17,67,1,1,4,71,1,3,1,2,0,2,0,1,63,0,1,1,1,0
28,95,0,1,8,52,2,3,2,2,0,4,1,0,72,1,1,1,0,0
23,90,2,1,5,95,0,2,0,1,0,2,0,1,69,1,1,1,0,0
20,86,0,2,6,96,1,1,2,0,1,2,0,2,66,1,1,1,0,1
11,76,1,1,8,91,0,1,2,2,1,3,1,0,64,0,0,1,1,1
12,70,0,1,8,55,1,2,1,2,0,4,0,0,61,0,1,1,1,0
22,99,1,2,9,95,1,2,0,0,0,4,0,0,71,1,1,1,1,1
7,92,0,1,4,51,1,0,2,1,2,1,0,0,63,0,1,1,1,0
26,72,1,0,7,72,0,2,1,0,1,4,0,0,65,0,1,1,0,0
19,94,2,0,7,75,1,2,2,1,0,5,1,0,71,0,1,1,1,0
39,90,2,2,8,92,2,2,1,2,1,1,0,0,78,0,0,1,0,0
34,72,1,2,9,88,0,1,2,1,2,3,2,0,73,1,0,1,1,0
19,77,0,1,5,90,0,1,0,2,1,3,1,0,65,0,0,1,0,0
19,67,0,1,7,93,2,0,1,1,2,4,2,0,66,1,1,1,1,0
26,64,2,0,8,74,0,3,1,2,1,2,0,0,66,1,1,1,1,0
30,89,1,1,6,89,1,3,2,1,1,3,2,1,74,1,1,1,0,0
10,71,1,0,10,53,0,4,2,1,2,3,0,0,62,0,0,1,0,0
9,93,2,0,6,72,0,1,1,1,2,2,1,0,66,0,1,1,1,0
16,100,2,2,7,52,1,4,0,1,0,4,0,0,71,0,1,1,0,0
23,63,2,1,5,96,1,2,2,1,1,2,0,0,67,0,1,1,1,0
23,79,2,0,7,98,0,0,1,2,1,4,1,0,69,0,1,1,1,0
26,92,1,2,4,54,1,2,2,1,2,4,0,1,72,1,1,1,0,0
13,92,2,2,7,77,1,2,2,1,2,4,2,0,72,1,1,1,1,0
6,90,1,1,9,66,1,2,1,2,2,2,0,2,65,1,1,1,1,0
25,74,2,2,5,67,2,1,1,1,2,5,2,0,71,1,1,1,0,0
15,78,1,1,5,73,1,0,2,2,2,1,1,0,64,1,0,1,0,1
8,84,1,0,9,56,0,1,0,1,2,2,0,1,61,1,1,1,1,0
21,99,1,0,9,59,0,1,2,2,0,2,1,1,69,0,1,1,1,0
25,73,0,1,5,79,1,1,0,1,1,5,0,1,65,0,0,1,1,0
19,97,1,0,10,51,2,3,0,2,1,4,1,2,69,0,1,1,1,0
17,71,1,1,8,80,0,2,2,0,1,3,0,0,64,0,1,1,0,0
19,100,1,0,9,66,2,1,2,1,0,4,2,1,69,1,1,1,1,1
18,87,1,1,6,92,0,1,0,1,1,4,0,0,68,0,0,1,1,0
12,79,1,0,9,80,0,1,2,1,2,2,1,1,63,1,1,1,0,0
16,85,0,1,7,85,2,1,1,2,1,2,0,0,66,1,1,1,0,0
23,71,1,1,7,56,0,1,1,1,2,4,0,0,65,0,0,1,0,0
22,71,2,1,8,63,1,2,1,2,0,2,0,1,66,1,1,1,1,0
21,65,1,1,6,100,1,3,1,1,1,4,2,0,67,1,1,1,0,0
14,65,1,2,5,72,0,3,0,2,0,2,0,0,62,1,0,1,1,0
19,74,1,2,7,68,1,2,0,2,0,2,0,0,66,0,1,1,1,0
7,91,2,1,7,94,2,3,2,1,1,3,2,1,68,0,1,0,0,0
21,84,1,1,6,52,1,2,2,2,0,5,0,1,68,1,1,1,1,0
29,64,0,1,9,77,1,0,0,2,0,2,0,1,63,0,1,1,0,0
11,94,2,0,10,61,1,1,1,0,1,3,1,1,66,1,1,1,1,0
16,84,2,0,6,68,0,3,1,1,1,3,0,0,65,1,0,0,0,0
22,98,2,1,7,60,1,1,2,1,2,1,0,0,72,1,1,1,1,0
28,87,1,1,6,52,1,4,0,0,1,3,2,0,70,0,0,1,0,0
17,67,2,0,10,71,1,1,1,1,2,3,0,0,63,1,1,1,0,0
16,79,1,1,8,89,1,0,0,2,1,4,0,0,65,1,0,1,0,0
8,86,2,0,8,98,0,1,0,1,1,1,1,0,65,1,0,1,1,0
21,61,2,2,9,81,1,1,1,1,1,3,2,0,66,1,0,1,0,0
32,61,2,1,7,69,2,0,2,1,2,3,0,1,68,0,1,1,1,0
22,65,1,0,7,88,0,2,1,1,2,4,1,0,64,1,1,0,1,0
20,70,2,1,9,75,0,3,1,1,1,4,1,1,66,1,1,1,0,0
22,77,0,1,8,68,1,3,2,2,2,4,0,1,68,1,1,1,1,0
20,79,0,1,6,59,1,0,0,1,2,2,0,1,64,1,1,1,1,0
15,66,1,1,6,90,0,2,1,1,0,3,1,2,62,0,1,1,0,0
25,87,1,1,6,75,1,0,0,1,1,2,0,0,67,1,0,0,1,1
21,84,0,2,9,98,1,1,0,1,0,3,0,1,67,1,1,1,0,0
20,72,1,1,9,90,0,1,1,1,1,2,2,1,65,1,0,1,0,0
14,61,0,1,10,71,1,2,0,1,1,4,0,0,59,1,1,0,1,0
28,63,1,2,6,87,0,0,0,1,2,2,0,1,66,0,1,1,1,0
24,76,2,0,7,73,1,4,1,1,1,2,0,0,68,0,1,1,0,0
17,66,2,1,6,54,1,2,2,0,2,3,0,0,63,0,1,1,0,1
26,75,1,0,7,76,1,2,1,1,1,3,1,0,68,1,1,1,1,0
17,85,2,0,8,93,0,2,1,2,2,3,1,2,68,0,1,1,1,0
15,82,1,1,7,93,1,3,0,2,0,2,0,1,66,0,1,1,1,0
15,69,2,0,9,79,0,1,1,1,2,2,0,1,63,0,0,1,0,0
9,74,1,0,6,69,0,3,0,1,2,2,0,1,61,0,0,1,0,0
23,85,2,1,8,51,0,0,2,0,0,4,1,0,68,0,1,1,1,0
9,94,2,0,6,66,0,0,0,2,2,3,1,0,66,1,1,1,0,0
13,90,1,2,4,99,2,1,2,1,1,4,1,1,69,1,1,1,0,1
8,82,1,2,5,86,1,0,0,1,0,3,2,0,64,0,1,0,1,0
19,74,1,1,7,86,2,1,2,1,2,3,2,0,68,1,0,1,0,0
19,75,1,2,10,88,0,0,0,2,2,2,0,0,66,0,1,1,0,0
18,95,1,1,6,81,1,0,0,1,2,3,0,0,68,0,1,1,0,1
14,62,1,2,7,79,0,2,1,1,2,2,0,1,62,0,0,1,1,0
13,100,1,0,8,73,0,1,0,1,1,3,2,0,68,1,1,1,1,0
23,87,1,2,6,72,1,1,0,2,0,3,1,1,69,1,0,1,0,0
17,87,2,2,6,94,1,2,0,1,1,3,0,1,70,1,0,1,1,0
22,62,2,1,7,70,0,4,0,1,0,2,1,0,65,0,1,1,1,0
15,84,0,1,6,92,1,3,1,1,2,3,1,0,68,0,1,1,1,0
21,79,1,2,4,92,0,0,0,1,0,2,2,0,67,0,1,1,0,0
28,64,0,1,6,89,1,0,0,0,1,4,1,2,64,1,1,1,1,0
24,71,0,1,8,52,1,2,1,1,0,3,1,0,63,0,1,0,0,0
18,96,1,0,8,57,1,1,1,1,0,2,0,0,67,0,1,1,1,0
22,82,2,0,9,66,1,1,0,2,0,3,0,1,66,1,0,1,0,0
19,77,2,0,9,92,1,2,0,1,2,4,0,0,67,0,1,1,1,0
20,63,1,1,6,94,1,2,1,1,1,3,0,2,63,0,1,0,1,0
18,89,1,1,6,52,1,3,2,2,2,3,0,1,69,0,1,1,1,0
19,88,2,2,6,66,1,3,1,1,2,2,0,0,70,0,1,1,0,0
21,85,2,1,7,93,1,0,2,1,1,4,0,1,70,1,1,1,1,0
14,80,2,1,6,62,1,0,2,1,0,2,2,0,65,1,0,1,0,0
14,77,0,0,7,99,0,2,1,1,2,2,2,1,64,0,1,1,0,0
12,84,1,2,6,74,2,1,1,2,0,3,1,1,67,0,1,1,1,0
10,69,0,1,8,97,1,1,1,1,0,3,0,0,61,0,0,1,0,0
13,98,1,2,6,71,1,1,0,2,2,1,1,0,70,0,0,1,1,0
21,84,2,0,6,66,2,2,2,1,2,4,1,2,68,1,0,1,0,1
15,72,1,1,8,68,2,0,1,1,2,2,0,0,64,0,1,1,1,0
23,78,2,1,8,94,1,1,2,1,1,2,0,1,68,1,0,1,0,1
20,92,1,0,7,67,0,1,1,1,2,5,0,0,68,1,1,1,0,0
8,66,2,2,8,83,1,0,0,1,2,4,1,0,63,1,0,1,1,0
24,72,0,1,8,73,0,1,0,1,2,2,1,1,65,0,1,1,1,0
25,87,0,1,10,97,1,4,0,0,1,3,0,0,69,0,0,1,1,1
14,73,1,2,8,58,1,2,0,2,0,2,1,1,63,1,1,1,0,0
23,92,0,1,10,71,1,1,0,1,1,3,1,0,69,1,1,1,1,0
15,65,2,0,7,56,1,3,2,1,2,3,0,0,61,0,0,0,1,1
21,91,0,2,9,79,1,2,0,1,1,3,1,2,69,0,0,1,1,0
12,63,2,1,9,70,0,1,2,0,2,3,1,0,62,0,1,1,0,0
9,61,0,2,7,53,1,0,1,1,2,2,2,2,58,1,1,1,1,1
18,96,1,2,6,92,1,2,1,1,2,3,0,2,71,1,1,1,1,0
19,83,2,0,6,69,1,5,1,1,2,2,2,2,69,1,0,1,0,0
18,74,2,1,8,75,2,1,2,2,2,3,2,1,68,1,1,1,0,0
13,69,1,0,5,70,1,0,1,2,0,2,1,0,61,1,0,1,0,0
18,85,2,1,6,74,1,3,0,1,0,2,1,2,67,1,0,1,1,0
22,80,1,2,9,51,1,2,1,1,0,3,2,0,68,1,1,1,1,0
20,100,1,1,8,91,1,3,0,1,2,3,0,0,72,1,1,1,1,0
21,99,2,0,4,67,1,1,1,1,0,4,1,0,71,0,0,1,1,0
16,85,1,1,5,86,0,3,1,1,2,2,0,0,67,1,1,0,1,0
27,78,1,1,10,53,1,3,1,1,1,4,2,1,68,1,0,1,0,1
13,80,1,1,9,76,1,0,2,1,1,2,0,0,64,0,1,1,0,0
23,87,1,2,6,95,2,3,2,1,2,0,0,0,73,0,0,1,0,0
27,64,0,1,5,70,1,0,0,2,2,4,0,0,65,0,1,1,1,0
23,73,0,2,5,60,2,1,1,1,2,2,2,0,67,0,0,1,0,0
19,63,2,1,8,55,0,0,1,1,2,4,1,1,63,0,0,1,1,0
17,63,1,1,10,93,1,0,0,1,2,2,2,0,63,0,1,1,1,1
26,68,1,1,10,62,2,4,1,1,1,2,2,0,69,0,1,1,1,0
11,79,2,2,5,99,1,1,2,0,2,3,0,0,68,0,1,1,1,0
14,91,1,1,7,62,1,2,0,2,1,2,1,0,68,1,1,1,1,0
18,79,2,2,6,74,1,3,0,1,2,4,0,0,69,1,1,1,1,0
27,73,2,2,7,73,2,5,2,2,0,3,0,0,73,0,1,1,1,0
22,63,2,2,5,53,2,3,0,2,0,2,0,0,66,1,1,1,1,0
14,82,1,1,6,77,1,3,1,1,2,3,1,0,68,0,1,1,1,0
18,71,1,1,6,84,1,2,1,0,1,2,2,0,65,1,1,1,0,0
16,85,1,1,8,87,2,4,0,1,0,3,0,2,67,1,0,1,0,0
16,99,1,1,6,76,0,2,1,1,2,4,1,0,70,0,0,1,0,0
26,64,1,2,6,91,1,1,0,1,1,4,0,1,66,1,0,1,0,0
12,68,1,2,8,88,2,3,0,1,0,3,2,1,64,0,1,1,0,0
30,79,1,2,9,60,1,1,0,1,1,3,0,0,69,0,1,1,0,0
25,99,0,1,10,70,1,1,1,1,2,5,1,2,71,0,1,1,0,0
27,91,1,0,8,57,1,0,0,0,1,4,2,1,68,1,0,1,0,0
17,96,2,1,7,57,0,2,1,1,0,3,1,1,68,0,0,1,0,0
19,73,0,1,9,86,2,0,1,2,2,3,1,0,66,0,1,1,1,0
11,100,0,2,9,77,1,2,1,2,2,3,2,0,70,0,1,1,0,0
17,64,1,2,8,80,1,0,2,2,2,2,2,0,65,0,1,1,0,0
23,62,1,0,5,87,1,1,1,1,0,4,0,0,63,0,1,1,1,0
28,94,0,1,9,64,1,0,1,1,1,3,0,1,70,0,1,1,1,0
13,97,0,1,8,70,1,0,2,1,1,2,2,1,67,0,0,1,1,0
18,64,1,1,6,80,1,1,1,1,2,5,0,0,63,1,1,1,0,1
19,65,2,1,6,55,1,1,0,2,2,3,2,1,64,1,1,1,0,0
12,61,0,1,8,92,1,2,2,1,1,4,0,1,60,1,1,1,1,1
24,64,1,1,4,67,0,0,0,1,1,1,0,0,62,1,1,1,1,0
16,68,1,2,7,83,2,2,0,2,2,2,0,0,65,0,1,1,0,0
19,99,0,0,6,100,1,0,2,0,0,3,2,0,69,1,0,1,0,0
17,87,1,2,6,74,0,1,0,2,1,3,1,1,68,0,0,1,1,0
15,91,1,1,6,61,1,1,1,2,2,2,0,1,66,1,1,0,0,0
20,91,2,2,5,61,0,4,0,1,2,2,2,0,72,1,1,1,1,0
19,81,1,2,9,53,1,2,2,1,2,3,0,0,68,1,1,1,1,0
18,92,1,1,4,88,1,3,2,1,1,2,0,1,69,1,1,1,0,0
16,84,1,1,7,65,0,1,2,2,0,3,0,1,65,1,1,1,0,0
22,73,2,1,6,59,0,0,0,1,2,1,0,0,65,1,1,1,1,0
30,82,0,1,10,86,0,2,0,2,1,4,0,0,70,0,1,1,1,0
21,81,1,0,7,65,2,1,1,1,2,2,1,1,67,1,1,1,1,0
26,93,2,1,4,80,1,4,0,1,2,3,1,0,73,1,0,1,0,1
12,99,2,2,8,71,1,2,1,0,1,2,1,0,70,0,1,1,0,0
21,76,1,1,5,67,1,1,2,0,2,3,0,1,66,1,0,1,1,0
13,91,1,1,8,74,1,1,0,1,2,1,2,0,68,1,0,1,1,0
11,64,1,1,8,66,1,2,0,1,2,2,1,1,61,1,1,1,1,0
16,91,1,2,9,94,0,0,2,1,2,3,2,0,70,1,1,1,0,0
27,75,1,0,7,54,0,2,1,1,0,3,2,0,66,0,1,1,1,0
26,62,2,1,8,52,1,4,0,1,1,5,1,0,67,1,1,1,1,0
21,75,2,2,7,70,2,1,1,2,1,3,2,0,69,0,0,1,0,0
11,84,1,0,6,59,0,2,1,1,2,3,0,0,64,0,1,1,1,0
19,65,2,1,9,87,0,0,2,2,2,2,1,1,65,1,1,1,1,0
22,97,2,1,5,68,0,7,1,2,0,5,1,0,75,0,0,1,1,0
21,63,2,1,7,63,1,2,1,1,1,2,0,2,63,1,1,1,0,0
9,97,2,1,6,68,0,5,1,1,1,3,1,0,69,1,0,1,0,0
15,88,1,2,8,61,0,2,1,2,2,4,0,0,68,1,1,1,1,1
20,73,1,0,6,65,1,2,2,2,2,2,1,0,66,1,0,1,1,0
23,76,0,1,6,78,0,2,2,1,2,2,0,1,66,0,1,1,1,0
7,90,0,1,7,93,0,4,1,1,1,3,1,0,66,1,1,1,1,0
19,84,1,1,9,69,1,2,1,0,1,4,1,0,68,0,1,1,1,0
21,87,0,1,6,66,1,1,0,0,0,2,0,1,65,0,1,1,1,0
25,76,1,2,6,89,2,3,0,1,1,3,1,0,70,1,1,1,0,0
24,80,1,2,5,51,1,3,2,0,2,2,0,0,68,0,1,1,0,0
23,100,1,1,6,65,0,1,1,2,1,2,0,0,70,0,1,1,0,1
15,69,0,1,8,73,1,2,1,1,1,2,0,1,61,1,1,1,0,0
9,77,0,0,7,80,1,3,1,1,2,3,0,0,61,1,1,1,0,1
18,72,0,2,7,58,0,6,0,1,2,0,0,1,64,1,1,1,0,0
26,91,0,1,10,72,0,4,2,1,1,3,1,1,71,1,1,1,0,0
28,91,2,1,4,78,0,1,1,0,2,3,0,1,72,1,1,1,1,0
24,72,1,2,10,76,2,1,0,1,0,3,0,0,66,1,1,0,1,0
23,63,1,1,9,79,2,0,0,1,0,4,0,2,63,0,0,1,1,0
22,60,0,0,7,83,1,3,1,1,2,1,1,0,62,0,1,0,0,0
17,77,1,1,8,69,0,3,2,1,1,3,0,0,65,1,1,1,1,1
19,76,1,1,6,53,1,2,1,1,2,5,0,0,66,1,1,1,1,0
30,100,0,2,7,53,1,2,0,2,1,3,0,1,72,1,0,1,0,0
14,79,2,1,10,93,1,2,1,1,1,3,1,0,68,1,1,1,1,0
30,70,2,0,6,84,2,2,1,1,2,3,2,0,70,1,1,1,0,0
18,96,1,1,7,88,1,1,1,2,0,3,0,1,70,0,0,1,1,0
28,80,1,2,6,96,2,2,0,1,2,6,0,0,73,1,1,1,0,0
12,84,1,2,6,88,2,2,2,2,2,2,0,0,67,1,1,0,0,0
24,64,1,0,6,85,1,3,1,1,2,2,2,1,65,1,1,1,0,0
16,75,2,0,5,83,1,1,1,2,0,3,1,1,65,0,0,1,1,0
12,98,0,1,7,63,1,0,2,1,1,3,0,0,65,0,0,1,0,1
21,84,1,1,7,98,1,0,1,1,1,4,1,0,70,1,1,1,1,0
26,74,1,0,6,77,1,3,1,1,0,2,0,2,66,1,0,1,1,0
15,85,1,1,4,61,1,0,1,0,1,1,1,0,65,1,1,1,1,0
11,96,2,2,7,60,1,2,0,1,1,1,0,0,68,1,1,1,0,0
19,71,1,1,7,91,1,3,2,1,0,1,0,1,66,0,1,1,1,0
19,80,0,1,10,63,2,1,1,1,1,2,1,0,65,0,1,0,1,0
23,98,1,2,7,52,0,2,0,2,2,4,0,0,71,0,0,1,1,1
26,67,0,1,8,71,1,2,2,1,0,3,0,0,65,1,0,1,1,0
20,89,0,1,6,91,2,0,1,1,2,4,1,0,70,1,0,1,1,0
31,85,1,1,9,71,0,0,1,2,0,2,1,1,69,0,1,1,1,1
21,87,1,1,6,90,2,3,2,1,0,4,0,0,71,1,1,1,0,0
18,74,1,2,8,91,1,0,1,2,2,2,0,0,67,0,0,1,1,0
10,73,1,1,8,93,2,3,0,1,2,2,0,1,64,1,1,1,1,1
18,87,0,0,8,79,2,1,0,2,0,4,1,0,82,1,1,1,0,0
18,69,1,2,10,85,1,2,2,1,2,0,1,1,66,0,0,1,1,0
26,77,0,1,6,63,0,1,0,2,0,4,0,0,66,1,1,1,1,0
23,68,2,1,9,55,1,1,1,1,2,3,0,1,65,1,1,1,1,0
13,60,1,1,9,77,0,2,1,2,2,5,0,0,61,1,0,1,0,1
21,99,1,2,7,51,2,2,1,0,1,2,2,0,72,0,0,1,0,0
24,77,2,1,10,73,1,3,1,1,2,3,0,0,70,1,1,1,1,0
29,99,1,1,7,55,0,0,1,1,2,3,0,1,71,1,0,1,1,0
25,66,2,1,7,55,1,4,1,1,1,2,0,1,84,0,1,1,1,1
25,83,2,2,7,94,0,2,0,2,2,3,1,1,72,1,1,1,1,1
20,68,1,2,5,82,1,1,0,2,2,3,2,0,67,0,1,0,1,0
22,92,2,0,8,82,1,2,1,1,1,5,2,0,72,1,0,1,0,0
27,91,0,2,8,70,0,1,1,0,1,6,0,1,70,0,1,1,1,0
12,65,1,2,7,71,1,1,0,2,1,4,0,1,62,1,1,1,0,0
18,96,2,1,10,65,0,3,1,1,2,2,1,1,71,0,1,1,1,0
15,68,0,1,6,72,0,3,2,0,1,3,0,0,62,0,1,1,0,0
22,85,1,1,4,79,0,1,0,0,2,3,0,0,68,0,1,1,1,0
27,99,2,1,10,59,2,2,0,1,2,3,0,0,74,1,1,1,0,0
16,95,2,2,9,63,1,0,1,0,2,3,0,0,68,1,0,0,0,0
6,98,1,0,8,75,1,1,2,1,1,3,2,2,64,0,1,1,0,1
18,74,2,1,6,69,1,0,0,1,2,4,0,1,65,1,1,1,1,0
25,64,1,0,8,91,1,1,0,0,2,5,1,0,66,1,1,1,1,0
23,68,1,2,5,91,0,5,0,1,1,1,1,0,68,0,1,1,0,0
23,80,1,1,7,67,0,2,0,2,1,4,0,0,67,1,1,1,0,0
18,92,1,1,6,73,0,1,1,2,1,5,0,1,67,0,1,1,1,1
12,66,1,2,7,99,0,2,1,0,1,3,0,1,63,1,1,1,1,0
23,86,1,2,8,91,1,2,0,1,0,1,1,0,71,0,1,1,1,0
15,73,1,2,5,61,0,1,0,2,2,2,2,1,63,1,0,0,0,0
33,74,1,0,8,64,1,0,1,1,0,3,0,0,66,1,1,1,0,1
23,86,2,1,7,54,0,2,1,1,0,2,0,0,67,0,1,1,0,1
17,79,1,2,8,84,1,0,1,1,1,2,0,1,66,1,1,1,1,0
16,92,1,1,7,66,2,2,1,1,2,4,2,1,70,0,1,1,1,0
19,66,2,1,8,77,0,3,1,1,0,4,1,1,64,0,1,0,0,0
19,92,1,1,6,88,0,1,2,1,2,2,2,0,71,1,1,1,1,0
27,63,2,2,4,92,1,0,0,1,1,3,1,0,68,0,1,1,1,0
21,68,0,1,5,66,0,2,2,1,1,3,0,0,64,1,0,1,1,0
16,86,1,1,6,62,0,1,0,2,2,4,0,0,66,0,1,1,1,0
31,94,0,1,5,92,0,1,2,0,1,4,0,0,72,1,0,1,0,0
20,70,0,1,9,69,2,2,1,2,1,3,2,0,66,0,1,1,1,0
25,73,1,2,7,91,1,0,1,2,1,4,0,0,70,0,1,1,1,0
16,81,1,1,8,57,2,1,1,1,2,2,0,0,66,1,0,1,1,0
22,68,2,1,8,96,1,1,1,1,2,3,2,1,68,0,1,1,0,0
22,92,1,0,7,74,2,2,1,0,2,4,1,1,70,1,1,1,1,0
9,91,1,1,10,59,2,0,0,1,2,2,1,1,64,1,0,1,0,0
32,66,2,2,10,77,2,3,1,1,1,1,1,0,71,1,1,1,1,0
28,79,1,2,9,94,0,2,0,1,2,5,1,0,72,1,0,1,1,0
18,91,2,1,6,69,1,5,0,2,2,2,0,0,71,1,1,1,1,0
13,73,1,0,9,59,1,0,1,2,1,4,2,0,63,1,1,1,0,0
22,85,0,1,4,79,1,1,2,0,2,2,1,0,68,1,1,1,1,0
21,62,1,1,9,92,1,1,1,1,2,4,0,0,63,1,0,1,0,1
22,84,1,1,4,56,1,0,2,0,2,2,0,1,66,1,0,1,0,0
21,66,1,1,7,52,2,1,1,1,1,3,0,2,63,0,1,1,1,0
23,93,2,2,9,53,2,1,0,1,1,4,1,0,72,0,0,1,0,0
29,74,1,2,8,62,2,3,0,2,2,3,2,1,70,1,1,1,1,1
23,71,1,1,5,50,1,1,0,2,2,1,1,0,65,0,1,1,1,0
14,94,1,2,7,71,1,0,1,1,0,3,1,1,67,0,0,1,1,1
28,62,0,2,8,85,1,2,0,2,2,3,0,1,66,0,1,1,0,0
30,76,1,1,7,86,1,1,1,2,1,2,2,2,69,1,1,1,1,1
39,75,1,2,6,82,2,1,2,0,0,3,1,0,73,1,1,1,1,0
13,71,1,2,8,65,2,2,1,1,1,4,2,0,66,0,1,1,1,0
21,96,1,1,9,87,1,0,1,1,1,6,0,0,70,0,1,1,1,1
8,90,2,2,7,79,2,2,0,1,0,4,1,0,68,1,1,1,0,0
23,63,0,1,9,93,1,2,1,2,2,2,0,2,65,1,0,1,1,0
17,89,1,1,7,74,1,1,0,1,2,2,2,1,67,0,0,1,0,0
32,81,2,1,6,59,2,2,2,1,1,2,0,1,71,0,1,1,0,0
15,96,2,2,9,82,1,2,0,0,1,3,0,0,70,0,0,1,0,0
10,73,1,0,9,58,0,5,0,1,0,3,0,1,61,1,0,1,1,0
17,83,2,1,6,98,1,0,1,1,2,3,0,0,69,1,1,1,1,0
8,80,0,1,6,85,1,1,0,2,0,3,2,0,63,1,1,1,1,0
25,80,1,1,10,88,0,0,0,2,0,2,1,1,67,1,0,1,1,0
8,78,2,1,7,84,1,0,1,1,2,2,1,0,65,1,1,1,1,0
20,68,2,1,7,55,2,0,0,0,2,3,0,0,63,0,1,1,1,1
8,90,1,1,7,73,2,3,2,0,0,4,2,0,67,1,0,1,0,0
18,78,0,2,9,83,1,2,0,1,0,2,2,1,66,0,0,1,1,0
30,98,0,1,10,61,1,0,0,1,2,3,2,1,72,1,1,1,1,0
22,70,1,2,7,84,0,3,0,2,2,5,0,0,68,1,1,1,0,0
15,87,2,1,10,91,1,1,0,0,1,4,0,1,67,1,1,1,1,0
20,98,1,1,6,64,1,1,2,2,2,3,2,1,72,1,0,1,1,0
20,87,1,2,7,60,1,0,0,1,2,2,0,2,66,0,1,1,1,1
23,95,1,1,8,94,1,1,1,1,2,4,0,0,73,1,1,1,1,0
12,93,2,2,6,50,0,4,2,2,2,3,2,1,71,1,1,1,1,0
24,74,0,0,8,63,2,1,0,2,2,3,0,1,65,1,1,1,1,0
4,84,1,1,6,70,1,5,1,2,1,4,0,0,65,1,0,1,1,0
16,66,2,1,5,84,1,2,1,1,1,3,0,0,65,0,0,1,1,0
17,81,1,1,4,100,0,2,1,2,1,2,1,0,68,1,0,1,1,0
24,69,2,1,7,69,1,7,2,1,2,3,1,0,70,0,1,0,0,0
20,90,1,0,8,97,0,1,1,0,1,2,0,0,68,0,0,1,1,0
12,81,0,1,5,68,2,0,0,2,0,2,0,0,62,1,0,1,1,0
14,76,1,1,7,85,2,3,0,1,1,3,1,0,66,1,0,1,0,0
21,71,1,1,7,58,0,3,0,1,0,5,1,0,65,0,1,1,0,0
20,100,1,1,7,73,1,1,0,1,1,4,1,0,71,0,1,1,1,0
17,63,1,1,6,94,0,0,1,1,0,2,0,1,61,1,1,1,0,0
17,62,1,1,7,66,2,2,2,1,1,4,0,1,63,1,1,1,0,0
24,69,1,2,7,55,0,3,1,2,1,4,0,0,67,1,1,1,1,0
17,99,1,1,8,76,0,2,2,1,2,4,2,0,70,1,1,0,0,0
19,99,1,1,5,72,0,3,1,2,1,4,2,0,73,1,0,1,1,0
33,86,1,1,7,61,1,1,2,1,2,3,0,0,72,1,1,1,0,0
11,95,1,1,5,95,0,1,0,2,2,3,2,0,69,1,1,1,1,0
9,69,0,1,7,80,1,1,1,1,1,3,1,1,61,1,0,1,1,0
25,99,1,1,5,67,1,1,0,2,1,3,0,0,71,1,1,1,0,0
16,66,1,1,6,100,1,1,1,1,1,3,0,1,64,0,1,1,1,0
18,64,0,1,7,57,1,1,2,1,1,3,0,1,61,1,1,1,1,0
15,64,1,1,6,92,0,3,0,1,0,4,1,0,63,0,1,1,0,0
18,83,1,0,9,62,2,2,0,1,0,2,0,0,65,1,1,1,1,0
30,91,2,1,9,62,0,3,0,2,0,4,2,0,73,0,1,1,0,0
25,75,1,0,8,75,2,2,2,2,0,4,2,0,68,1,0,1,1,1
25,99,1,1,8,83,1,1,1,1,1,2,1,0,72,0,1,1,0,0
12,77,0,0,7,85,1,1,1,1,2,3,1,2,62,1,1,1,1,0
13,66,2,1,9,51,0,3,1,1,2,2,2,1,63,1,0,1,1,0
3,79,0,1,7,64,0,0,1,1,0,3,2,2,58,0,1,1,1,0
15,87,1,1,10,83,1,1,2,2,2,3,0,0,68,1,0,1,0,0
26,93,2,2,6,94,0,1,1,2,0,2,0,0,74,0,1,1,1,0
23,78,1,1,5,83,1,1,1,1,2,3,0,0,68,1,1,1,1,0
19,84,1,1,5,63,1,1,2,1,2,2,0,0,67,1,0,1,1,0
20,71,1,1,5,75,0,0,1,1,2,4,0,0,65,1,0,1,1,0
16,86,0,0,5,82,0,0,0,1,1,4,0,1,63,0,1,1,1,0
21,99,1,0,7,57,2,2,1,1,1,2,2,0,71,1,1,1,0,0
25,62,1,0,8,77,1,0,1,0,0,4,1,2,62,0,1,1,1,0
10,95,2,0,7,74,2,2,0,1,0,3,0,2,66,1,1,1,1,0
22,82,0,1,5,67,0,1,0,2,1,1,2,0,65,0,0,1,0,1
26,70,2,1,6,81,0,0,0,2,1,3,0,1,66,1,1,1,0,0
18,98,2,0,8,82,1,3,1,2,0,3,1,0,71,1,1,1,0,0
24,79,0,2,6,99,2,2,0,2,0,3,0,0,68,1,1,0,0,0
37,73,1,2,6,71,1,0,2,2,2,5,0,1,72,1,1,1,1,0
19,67,1,2,5,77,1,1,1,2,0,4,2,0,66,1,0,1,0,0
22,70,1,0,6,58,0,4,2,1,2,2,2,1,66,1,1,1,1,0
16,93,0,2,6,77,2,2,0,1,0,1,0,1,67,1,1,1,0,0
21,85,0,2,7,52,1,5,2,2,2,3,2,1,71,1,1,1,1,0
23,97,2,2,8,57,0,2,2,1,2,1,2,2,72,1,1,0,1,0
21,69,0,1,7,59,1,3,0,1,1,3,2,0,64,1,1,1,0,0
14,65,0,2,7,82,0,1,0,0,0,3,0,0,60,1,1,1,0,0
21,60,2,0,8,78,1,2,1,2,2,2,0,0,64,0,1,1,0,0
29,80,1,0,5,90,1,2,1,0,2,1,1,0,70,0,1,1,1,0
23,100,1,0,10,73,1,3,1,1,1,2,1,0,72,1,0,1,1,0
26,88,1,2,6,74,1,0,0,1,0,2,0,1,68,0,1,1,0,0
19,72,1,0,8,58,1,0,1,0,1,3,0,0,62,0,1,1,1,0
24,95,1,0,5,87,1,0,0,1,1,2,0,2,68,1,1,1,0,0
22,91,2,2,7,50,1,2,0,1,2,5,2,1,72,1,1,1,1,0
14,61,1,0,7,71,1,0,1,0,1,1,2,0,60,0,0,1,1,0
22,93,1,2,9,59,0,3,0,2,2,4,2,0,72,0,1,1,0,0
14,72,0,2,7,89,1,2,1,1,2,3,0,0,65,0,1,1,0,0
16,66,1,0,9,84,2,3,0,0,2,4,0,0,63,0,1,1,0,0
21,69,1,0,7,85,1,2,1,1,2,0,2,0,66,1,0,1,1,0
22,79,0,1,10,57,0,1,1,2,2,2,0,0,65,1,1,1,0,0
13,77,1,2,4,83,1,1,1,2,0,2,2,1,65,1,1,1,0,0
26,72,0,2,8,85,1,2,0,1,0,3,0,0,67,1,1,1,0,0
23,67,1,1,4,50,0,4,0,1,2,3,1,1,65,1,0,1,0,0
16,90,2,1,7,66,1,0,2,2,0,3,0,1,67,1,1,1,0,0
11,100,1,1,9,54,0,1,0,1,0,3,2,0,66,1,1,1,1,0
19,91,0,2,9,84,2,2,2,2,2,3,0,0,71,1,1,1,1,1
17,72,1,1,8,61,1,1,1,1,1,4,2,1,64,1,1,1,0,0
21,70,0,0,7,63,1,0,1,1,2,2,0,2,61,1,1,1,0,0
18,69,2,2,8,54,0,1,2,2,1,2,0,0,65,1,0,1,1,0
8,65,1,1,10,74,1,1,1,2,2,5,0,0,61,1,0,1,0,0
18,82,2,0,7,52,0,1,0,1,0,4,0,0,64,0,1,1,0,0
18,84,2,2,8,92,0,0,0,2,0,3,1,0,69,0,1,1,1,0
24,88,1,1,6,51,2,4,1,0,2,4,0,0,71,1,1,1,1,0
16,87,2,1,9,53,2,3,1,2,1,5,1,0,70,1,0,1,0,0
30,72,2,1,8,82,2,1,0,1,2,1,1,1,70,0,1,1,1,0
9,73,1,1,6,96,0,0,0,2,2,2,0,0,62,1,1,1,1,0
28,87,1,1,8,95,1,2,1,0,2,3,2,0,73,0,0,1,0,0
19,74,1,2,8,54,2,0,1,1,2,3,1,0,66,1,1,1,0,0
25,69,1,1,8,64,1,1,2,0,0,3,2,1,66,0,1,1,1,0
20,75,0,1,7,76,1,3,2,2,0,3,1,0,66,0,0,1,0,0
27,71,1,1,9,51,1,3,2,1,1,1,1,2,66,0,1,0,1,0
18,64,1,1,6,76,1,2,1,2,2,4,0,0,65,1,1,1,1,0
13,93,0,0,7,72,2,2,1,1,2,2,2,0,67,0,0,1,0,0
29,94,2,1,7,79,1,6,0,2,1,4,1,0,76,0,0,1,0,0
19,69,1,1,9,96,1,0,2,2,2,3,0,1,66,0,0,1,1,0
21,63,1,1,6,64,0,1,2,2,0,3,0,0,63,1,1,1,1,0
27,90,1,1,7,82,1,0,1,1,2,3,1,1,71,0,1,1,0,0
14,68,1,2,6,71,0,1,1,1,2,3,1,1,63,1,1,1,0,0
24,76,2,0,7,72,0,1,2,1,2,2,1,1,67,1,1,1,1,0
16,63,1,1,8,82,1,0,2,1,1,3,0,0,63,1,1,1,1,0
19,69,2,1,5,98,1,0,2,1,1,4,0,1,66,1,1,1,1,0
20,92,1,1,9,93,0,3,2,1,2,2,1,0,72,0,1,1,1,0
11,92,2,1,8,82,2,4,1,1,0,2,2,0,70,0,0,1,1,0
15,68,2,0,6,73,1,0,1,1,2,3,1,0,62,1,1,0,1,0
28,73,2,1,6,71,1,0,1,2,2,2,1,1,69,0,0,1,1,0
25,65,0,1,9,89,1,2,1,2,1,3,0,0,66,0,1,1,1,0
20,63,1,1,8,61,1,2,2,1,1,3,0,0,64,1,1,1,1,0
21,100,0,1,6,79,1,2,0,1,1,1,0,0,70,0,1,1,1,0
18,86,1,1,6,75,2,0,0,2,1,4,0,0,67,1,1,1,0,0
28,82,1,2,8,82,0,1,1,1,0,2,2,0,71,1,0,1,1,0
19,91,1,1,8,59,2,1,2,1,1,2,2,0,69,1,1,1,0,0
21,94,2,0,8,85,1,1,1,1,0,4,1,0,70,1,1,1,0,0
27,92,1,1,7,81,1,0,0,1,0,1,1,0,70,1,1,1,1,0
15,61,2,0,8,59,1,1,1,1,1,2,2,1,61,0,1,1,1,0
29,67,0,2,7,72,1,0,1,2,1,3,0,0,65,0,1,0,0,0
11,86,1,2,6,84,1,0,2,2,1,3,0,0,67,1,0,1,1,0
30,75,1,0,9,95,0,1,2,1,0,5,2,0,70,1,1,1,1,0
18,99,1,1,8,56,1,2,0,2,0,3,0,0,67,1,0,0,0,0
19,87,0,2,6,50,1,3,0,1,1,2,2,0,68,1,1,1,1,0
9,98,2,2,7,58,1,2,1,1,0,4,1,0,69,1,1,1,0,0
17,68,1,1,7,99,1,1,1,0,1,1,2,0,65,1,0,1,0,0
14,95,2,1,6,88,1,2,0,0,1,2,0,2,68,1,1,1,1,0
16,73,2,1,7,81,1,1,2,2,0,4,2,0,67,1,1,1,1,0
19,100,1,2,6,57,1,1,2,1,2,2,0,0,70,1,0,1,1,1
26,66,2,2,8,71,2,2,1,1,1,3,0,0,68,0,1,1,0,0
21,81,2,1,7,86,1,1,0,1,1,4,1,0,69,1,1,1,1,0
22,92,2,0,5,95,0,0,0,0,2,3,2,0,70,1,1,1,1,0
13,77,2,2,7,69,1,2,0,2,1,5,1,1,67,1,0,1,1,0
15,79,2,2,6,100,1,4,0,1,1,3,1,0,70,0,1,1,1,0
31,99,1,0,4,57,2,1,2,2,1,2,2,1,74,0,1,1,1,0
16,77,1,0,7,69,0,1,0,2,1,4,0,0,63,0,1,1,1,0
30,84,2,1,9,94,1,1,0,2,2,2,0,0,72,0,0,1,1,1
19,62,2,1,7,82,0,0,0,0,1,5,2,0,62,1,0,1,0,1
20,94,1,1,8,91,1,1,0,1,2,2,2,0,71,0,1,1,0,0
26,86,1,0,7,95,1,0,0,2,0,5,0,1,68,1,1,1,0,0
28,76,1,2,6,75,2,3,2,1,2,3,0,0,72,1,1,1,1,0
19,61,1,2,6,62,2,1,2,1,1,2,2,1,64,0,1,1,1,0
18,84,0,0,5,85,1,0,1,1,1,4,0,1,64,1,1,1,0,0
20,61,0,2,8,78,1,0,0,1,2,5,0,0,63,0,0,1,1,0
22,60,2,1,8,89,1,2,1,2,1,4,1,1,66,1,0,1,1,0
25,85,1,1,7,76,1,2,2,1,2,2,1,0,71,0,1,1,1,0
20,68,1,2,4,91,2,4,2,1,2,4,1,0,70,1,0,1,1,0
24,68,2,1,8,95,0,3,1,1,2,0,0,1,67,1,1,1,1,0
30,86,2,2,6,87,1,0,0,0,2,4,1,0,73,0,0,1,1,0
22,62,0,1,7,87,1,2,2,0,1,3,0,0,64,0,1,1,1,0
22,73,0,1,5,79,1,4,1,0,0,1,2,1,65,0,1,1,0,0
11,66,1,1,7,74,1,3,1,2,1,3,0,2,62,0,0,1,1,0
4,83,2,1,7,99,0,1,0,0,1,3,1,0,64,0,0,1,0,0
22,86,0,1,4,82,0,1,0,0,2,5,1,1,67,1,0,1,0,0
19,89,1,2,9,92,2,5,1,1,2,3,2,0,74,1,0,1,0,0
17,70,2,1,7,75,1,1,0,1,1,4,1,2,63,1,0,1,0,1
21,64,2,0,7,78,0,1,1,1,2,4,0,0,64,1,1,1,1,0
20,63,1,0,8,83,0,4,1,1,1,3,2,1,64,0,1,1,0,0
27,77,0,2,7,86,2,1,2,2,0,3,1,0,70,1,1,1,0,0
21,98,1,1,8,72,1,3,0,0,2,3,0,1,71,0,1,1,1,0
16,69,1,1,5,68,1,0,1,2,1,4,1,1,63,1,1,1,1,0
26,70,1,2,7,62,1,0,0,1,0,1,1,0,66,0,0,1,1,0
19,64,1,2,4,71,1,1,2,1,1,3,0,0,65,1,1,1,1,0
23,84,1,2,7,61,1,2,1,2,1,5,1,1,70,1,1,1,0,0
17,87,0,0,9,71,1,2,0,1,1,3,1,1,65,0,1,1,1,0
16,86,2,1,5,94,2,0,1,1,0,2,0,0,68,1,1,1,1,0
21,94,1,2,6,99,1,1,1,2,1,2,0,0,72,1,0,1,0,0
20,79,1,2,4,79,0,0,1,2,1,4,0,1,67,1,0,1,1,0
23,65,2,2,7,57,0,1,2,1,1,4,0,0,65,1,1,0,0,0
18,72,1,1,8,71,0,2,2,1,2,4,2,0,66,1,1,1,0,0
9,86,2,2,8,80,1,1,0,1,2,5,1,2,67,0,1,1,0,0
17,85,1,0,6,69,1,1,1,1,1,3,2,0,65,1,0,1,0,1
25,81,1,1,4,60,1,2,1,1,1,3,0,0,68,1,0,1,0,0
18,87,1,1,5,61,2,2,1,1,2,1,0,0,68,1,1,1,0,0
19,85,1,2,9,74,1,1,2,1,1,3,1,1,69,0,1,1,1,0
26,95,1,0,8,61,1,2,1,1,1,2,2,0,71,0,0,1,1,0
16,83,1,1,7,62,1,0,0,1,1,1,2,1,64,1,0,1,1,1
11,91,0,2,7,94,1,1,1,1,1,3,0,1,65,1,1,1,0,1
19,70,1,1,5,89,1,1,0,2,1,2,0,0,64,1,0,1,0,0
17,87,1,1,9,53,0,3,0,1,2,3,2,1,67,0,1,1,1,0
14,96,1,2,6,66,1,3,1,1,2,2,1,0,70,0,1,1,0,0
19,75,1,2,8,77,1,1,0,0,2,4,0,1,66,0,1,1,0,0
23,91,2,1,5,53,0,3,1,2,0,3,0,0,70,1,0,1,0,0
20,89,1,2,7,84,0,1,2,2,1,4,0,1,70,1,1,1,1,0
22,62,2,1,9,69,0,1,2,0,0,3,1,0,64,1,0,1,1,0
31,83,0,2,6,70,1,3,0,1,0,3,1,0,71,1,0,1,1,0
18,65,1,2,8,63,1,1,1,1,2,3,0,2,63,1,1,1,1,0
22,99,1,1,5,67,2,1,1,2,0,3,1,0,72,1,0,1,1,0
17,92,2,2,6,93,1,4,1,0,1,4,1,1,72,0,0,1,0,0
15,64,2,0,7,89,0,0,0,1,0,2,0,0,61,1,1,1,1,0
16,65,2,0,8,97,2,2,0,1,0,4,0,0,63,0,1,1,1,1
17,84,0,2,7,85,2,0,1,1,2,2,1,1,67,1,0,1,0,0
22,74,2,0,8,79,0,3,1,1,1,1,0,0,67,0,1,1,1,0
34,61,1,0,9,63,0,2,1,1,1,5,0,1,65,0,1,1,0,0
16,82,0,1,6,83,1,0,1,1,0,2,0,0,64,0,1,1,0,0
18,76,1,0,5,95,2,2,2,2,2,6,2,0,69,0,1,1,0,0
20,64,1,2,6,53,2,4,2,1,1,4,1,1,65,0,0,0,0,0
22,92,2,2,9,72,0,1,0,2,1,4,2,0,71,1,1,1,0,1
22,97,1,1,6,57,1,0,1,2,2,2,0,0,70,1,0,1,1,0
28,90,0,1,9,91,1,0,1,1,2,2,1,1,98,0,1,1,1,0
5,93,1,1,7,81,1,1,0,2,1,2,1,0,65,0,1,0,1,0
6,69,2,1,10,94,1,1,1,1,1,4,2,0,63,0,0,0,1,0
17,71,1,1,10,53,0,0,0,0,2,3,0,1,61,1,1,1,1,0
27,68,1,0,9,95,1,1,0,1,2,3,1,1,67,1,1,1,1,0
11,91,1,1,5,53,1,0,0,1,1,2,2,0,64,0,0,1,0,0
2,98,2,1,4,64,1,1,0,2,1,2,0,0,65,0,0,1,0,0
23,89,2,2,7,58,1,2,1,2,2,3,2,1,73,1,0,1,1,0
21,95,1,2,8,57,0,1,0,1,2,3,0,0,69,1,1,0,1,0
13,86,1,2,8,59,1,3,1,1,1,3,0,0,67,1,1,1,0,0
14,76,2,1,6,74,0,0,2,1,2,2,1,2,63,1,0,1,0,1
14,77,2,2,5,89,0,0,1,1,2,2,1,0,67,1,0,1,1,0
21,63,0,2,8,95,1,2,2,1,1,5,0,0,66,1,1,1,1,0
16,61,1,2,10,78,1,2,0,2,2,2,1,1,64,0,1,1,1,0
23,88,2,0,6,58,1,2,0,1,1,2,0,1,68,1,1,1,1,0
3,78,1,1,8,54,2,2,2,1,2,4,0,1,61,1,1,1,0,0
15,82,1,1,10,75,1,1,2,1,0,1,1,0,66,0,1,1,1,0
13,82,1,1,7,88,1,0,0,1,1,2,0,0,65,0,1,1,1,0
18,71,1,2,7,81,1,0,1,1,0,4,1,1,65,0,1,1,1,0
17,79,1,1,8,79,1,3,1,2,1,5,2,0,67,1,0,1,0,1
25,79,2,1,7,52,1,1,1,1,0,2,2,1,68,0,1,1,1,0
9,76,1,1,9,71,1,1,1,2,1,3,1,0,63,1,1,1,1,0
20,93,2,1,6,78,0,1,0,1,2,3,1,1,70,0,1,1,0,0
23,78,2,2,7,80,1,0,0,1,1,2,0,0,68,0,0,1,0,0
31,84,1,1,5,50,1,2,0,2,2,3,0,0,69,1,0,0,0,0
17,96,2,1,7,60,0,0,0,1,1,2,1,0,67,1,0,1,1,1
22,95,1,1,5,97,1,0,0,0,1,3,0,1,69,1,1,1,0,0
9,96,1,0,8,75,0,1,0,2,2,4,0,0,65,0,0,1,1,1
6,71,1,2,5,85,1,1,0,1,2,2,0,1,61,1,1,1,1,0
25,61,1,2,8,65,0,3,0,0,1,3,1,0,65,0,1,1,1,0
20,70,0,1,6,79,0,4,1,1,2,4,2,0,67,1,1,1,1,0
27,71,1,2,10,68,1,1,0,1,0,2,0,1,66,1,1,1,1,0
12,96,1,1,9,65,1,2,2,2,1,4,2,0,69,0,0,1,0,1
23,86,1,1,8,71,2,3,1,1,1,4,1,0,71,0,1,1,1,0
31,63,2,2,5,73,1,1,2,0,2,2,0,0,68,0,1,1,0,0
23,65,2,1,6,67,2,3,1,1,0,5,0,1,65,1,0,0,0,0
22,66,1,1,6,63,2,1,0,1,1,5,2,2,64,1,0,1,0,0
20,85,1,0,6,81,0,1,2,2,2,3,1,0,68,1,0,1,0,0
11,89,0,2,9,69,0,1,0,0,1,3,0,0,64,1,1,1,0,0
28,94,1,2,7,60,0,1,0,1,2,3,0,0,71,1,1,1,0,0
16,98,2,1,6,88,1,1,0,1,1,3,2,1,70,0,1,1,0,0
23,68,2,1,6,86,1,0,1,1,2,2,2,0,68,1,1,1,1,0
11,72,1,1,6,94,0,2,1,1,2,3,0,1,63,1,1,1,1,0
13,70,1,2,8,78,1,0,0,1,0,3,0,0,61,1,0,1,1,1
29,74,1,0,5,64,1,2,1,1,1,1,1,1,66,1,1,1,0,0
18,97,1,2,7,93,1,5,2,1,2,4,1,0,75,0,1,1,1,0
29,83,2,2,8,64,1,2,1,2,1,1,0,2,71,1,1,1,1,0
20,90,1,1,4,83,2,1,0,0,2,3,1,0,69,1,1,1,1,0
9,80,2,0,5,60,1,2,0,1,1,3,0,0,62,1,0,1,0,0
25,61,1,1,7,81,2,0,1,1,2,4,0,1,65,0,1,1,0,0
16,63,1,0,9,92,1,0,0,1,2,3,1,1,61,0,0,1,0,0
24,82,1,1,9,77,1,3,1,1,2,2,0,0,69,0,1,1,0,0
20,89,0,0,6,74,0,1,1,0,2,3,2,2,66,1,0,1,1,0
11,69,2,1,9,100,0,1,0,1,1,5,0,0,64,1,1,1,1,0
21,89,2,1,7,51,0,1,1,1,2,4,0,0,69,0,1,1,1,0
33,92,2,2,7,67,0,6,2,1,2,5,0,0,78,0,1,1,1,0
23,76,0,2,7,96,0,2,1,1,1,4,0,0,68,0,0,1,1,0
20,90,2,2,8,82,1,2,2,1,0,4,0,1,70,0,0,1,0,1
26,76,0,1,6,77,1,1,1,1,1,5,0,0,68,1,0,1,1,0
21,87,0,0,6,82,1,0,1,2,1,5,2,0,68,0,1,1,1,0
21,91,1,1,5,66,0,1,2,1,2,3,1,0,69,0,1,1,0,0
13,100,1,0,8,54,1,0,1,2,2,3,1,0,68,0,1,1,1,0
21,74,2,0,8,64,1,3,0,0,1,1,1,2,80,1,1,1,1,0
26,76,1,1,8,67,2,1,0,1,0,3,0,1,67,1,1,1,1,0
15,67,0,1,5,74,1,1,2,2,2,2,2,0,64,1,1,1,1,0
29,68,1,0,6,70,0,0,1,1,0,2,2,0,64,1,1,1,0,0
19,88,1,1,9,76,0,1,1,2,2,3,0,2,68,1,1,1,1,0
15,97,0,1,7,60,0,4,1,1,0,3,0,0,67,0,1,1,0,0
26,76,1,1,7,59,0,0,1,1,1,1,2,0,65,1,1,1,0,1
18,67,2,2,7,68,1,0,1,1,2,4,0,0,66,1,1,1,1,0
25,71,1,0,8,74,0,4,1,1,2,4,2,0,67,1,1,1,1,1
18,78,2,1,7,67,0,0,2,1,0,3,1,1,64,1,1,0,0,0
20,72,1,0,6,79,1,1,0,1,2,4,2,0,66,0,0,1,1,0
23,69,1,0,8,66,0,1,1,1,2,3,1,2,63,1,1,0,1,0
22,89,1,2,5,59,2,5,1,1,2,4,0,0,71,1,0,1,0,1
8,60,2,1,9,93,2,0,0,2,1,3,2,0,62,0,1,1,1,0
13,82,1,2,6,60,1,1,0,0,2,4,1,2,64,0,1,1,0,0
26,92,0,1,8,98,1,2,1,1,1,3,2,1,72,1,1,1,1,0
19,71,2,1,7,99,0,0,0,2,0,4,0,1,65,0,1,1,1,0
17,84,0,2,6,85,1,1,1,0,2,2,1,0,67,0,1,1,0,0
12,87,2,2,9,75,1,1,0,1,1,3,1,1,65,0,0,0,1,1
14,86,0,0,8,90,0,0,0,1,1,1,0,0,63,1,0,1,1,0
8,78,2,2,7,94,0,1,2,2,1,3,0,0,65,0,1,1,0,1
19,74,1,1,10,85,1,1,0,1,2,5,2,1,67,1,1,1,1,0
16,93,1,1,8,55,0,0,2,1,1,4,0,1,67,1,1,1,1,0
14,90,0,1,6,50,1,0,1,2,2,3,1,1,65,1,0,1,1,0
20,73,1,2,4,60,1,1,0,1,2,3,0,1,64,1,0,1,1,1
22,64,2,0,7,59,2,0,1,2,2,5,0,0,64,0,0,1,0,1
33,63,2,2,9,59,1,1,1,1,2,4,0,0,69,1,1,1,1,0
11,64,1,1,8,75,0,1,2,1,2,3,0,1,60,1,0,1,0,0
27,83,1,1,9,76,1,1,0,2,2,4,0,0,70,1,1,1,1,0
26,62,0,2,6,86,1,2,1,1,2,3,0,0,66,1,1,1,0,0
15,73,1,1,7,60,2,3,1,1,1,4,1,0,66,0,1,1,1,0
21,90,1,0,7,55,1,2,1,1,1,2,1,0,68,0,1,1,0,0
17,72,0,1,7,83,0,3,1,2,0,3,0,2,62,0,1,1,0,1
21,91,1,2,8,74,0,0,1,1,0,2,2,0,70,0,1,1,1,0
29,90,1,1,9,83,1,0,1,2,2,3,0,0,72,0,0,1,1,0
24,70,0,0,10,69,2,1,2,1,0,2,0,1,64,0,1,1,1,0
23,89,0,1,9,88,2,1,2,1,1,5,2,0,71,1,1,1,0,0
17,90,1,2,8,84,1,1,0,0,0,4,0,2,67,0,1,1,0,0
11,76,0,1,6,83,2,3,1,1,2,1,0,0,64,0,1,1,0,0
19,68,2,2,7,51,1,1,2,1,2,1,0,1,64,0,1,0,0,0
27,81,1,2,8,93,1,0,2,2,1,3,1,0,72,0,1,1,1,0
11,97,0,0,7,69,1,3,0,1,2,2,0,0,66,0,1,1,1,0
14,86,2,1,6,57,1,3,2,2,1,2,1,0,68,0,0,1,0,0
21,67,1,1,6,88,1,1,0,1,2,5,2,0,95,0,0,1,1,0
14,87,1,0,8,74,1,0,1,2,1,3,1,1,64,1,1,1,1,1
15,77,1,1,7,52,1,1,1,1,1,2,1,0,64,1,1,1,1,0
17,84,0,2,7,89,1,2,2,1,2,2,0,1,68,1,1,1,1,0
12,89,1,0,7,72,1,1,2,2,1,5,1,0,67,1,1,1,1,0
14,81,1,1,6,88,1,1,2,1,2,3,2,1,67,0,1,1,0,0
24,93,2,1,7,88,0,1,1,2,0,3,0,1,71,0,1,1,1,0
12,89,1,0,6,55,0,1,0,2,0,3,0,0,63,0,1,1,1,0
10,85,1,1,6,81,1,3,0,1,1,3,0,0,66,0,1,1,1,0
16,66,2,2,5,68,2,2,0,1,2,5,2,1,65,1,1,0,0,0
24,93,1,0,7,77,1,0,0,1,0,3,0,0,68,0,0,1,1,0
19,97,1,0,8,54,1,0,2,1,1,2,0,0,68,1,1,1,1,0
17,65,1,2,9,79,1,0,1,1,2,2,0,1,62,1,1,1,0,1
20,80,0,1,5,89,1,0,2,2,1,3,2,2,67,1,1,1,1,0
10,70,2,2,9,99,1,1,1,1,1,4,0,1,65,0,1,1,1,0
23,90,2,1,7,66,0,2,2,2,1,3,0,0,71,0,1,1,1,0
22,89,1,2,5,58,1,4,2,2,1,2,1,0,71,0,1,1,1,1
18,66,2,1,6,68,0,1,1,2,2,3,0,2,61,1,1,0,1,1
26,95,1,1,4,51,1,1,0,1,2,2,0,0,70,1,1,1,0,0
13,67,1,0,5,70,1,0,0,2,0,2,0,0,60,1,0,1,1,0
27,92,0,1,10,96,1,0,0,1,1,2,2,2,70,1,1,1,0,0
21,78,1,2,6,60,2,1,0,2,1,2,1,0,67,0,0,1,0,0
18,73,1,1,8,74,0,3,1,2,1,2,2,0,66,1,0,0,1,0
20,66,0,0,7,79,1,2,1,1,2,2,0,1,63,0,0,1,1,0
19,67,1,1,7,59,0,3,0,2,2,3,2,0,65,0,0,1,0,0
27,86,2,1,8,67,2,5,2,2,2,2,2,0,75,0,1,1,1,1
14,82,2,1,4,96,0,2,2,1,0,4,0,0,66,1,0,1,0,1
15,65,1,1,9,65,1,1,0,1,1,2,1,0,61,0,1,1,0,0
26,65,1,1,7,82,0,1,0,1,2,1,2,2,65,1,1,1,1,0
16,63,0,1,6,57,1,2,0,0,1,3,2,0,61,1,1,1,1,0
25,90,2,2,8,83,1,2,1,1,0,3,1,0,73,1,1,1,1,0
30,88,2,1,6,64,1,1,2,1,1,2,1,0,73,0,1,1,1,0
18,62,1,1,7,62,1,1,1,1,2,5,1,1,63,1,1,1,1,0
24,82,0,1,7,56,1,1,1,1,2,3,2,1,67,1,1,1,0,0
13,63,1,2,8,52,1,2,0,1,2,4,0,0,62,1,1,1,1,0
25,96,0,0,7,98,1,1,1,1,1,3,1,0,71,1,0,1,0,0
21,96,1,1,5,71,1,2,0,2,0,4,0,1,70,1,1,1,1,0
23,88,1,1,8,89,1,0,1,2,2,5,0,0,70,0,0,1,0,0
16,97,1,1,7,96,0,4,0,2,1,2,0,0,69,0,0,0,0,0
10,92,1,1,4,60,2,3,0,0,2,2,1,0,66,0,1,1,0,0
23,93,0,2,7,93,2,1,1,2,0,3,0,0,72,0,1,1,1,0
8,83,2,0,6,85,0,1,0,2,1,3,0,2,63,0,1,1,1,0
18,72,0,1,8,79,1,1,1,2,2,4,0,1,65,1,1,1,1,0
26,69,2,2,6,90,1,3,1,1,2,3,1,1,71,0,1,1,1,0
21,73,1,1,5,56,1,5,2,1,1,3,0,1,66,1,0,1,0,0
32,85,1,0,9,63,0,2,2,1,1,3,0,1,69,1,1,0,1,0
26,67,0,1,8,57,1,0,1,1,0,4,1,2,62,0,1,1,0,0
16,70,2,2,7,95,2,1,1,1,1,3,0,0,66,0,1,0,0,0
20,79,1,0,8,55,0,3,0,1,2,4,0,0,66,0,0,1,1,0
20,69,1,0,8,99,2,1,1,2,0,3,0,1,64,0,1,1,1,1
11,84,0,1,7,55,2,0,1,2,0,3,0,0,63,1,1,1,1,0
14,97,1,1,5,83,1,0,0,1,2,2,0,0,68,0,1,1,1,0
17,90,1,1,7,83,0,5,1,2,0,3,0,0,68,1,1,1,0,1
8,87,2,2,9,97,0,2,0,1,2,3,0,0,67,1,1,1,0,0
20,83,2,0,8,66,1,1,2,1,1,3,1,0,67,0,0,1,1,1
19,80,2,2,7,67,1,2,0,2,1,2,2,0,68,0,1,1,1,1
10,67,2,1,8,92,1,1,1,2,0,4,2,0,65,1,1,1,1,0
22,96,0,2,7,99,2,4,0,1,2,4,1,1,74,1,1,1,1,0
24,70,1,2,9,52,2,1,0,1,2,2,2,1,85,1,1,1,1,0
21,64,1,1,9,82,1,2,0,1,1,3,1,1,64,1,1,1,0,0
18,90,0,1,5,62,2,3,1,1,1,2,0,1,67,0,0,1,1,0
24,67,2,2,9,86,1,2,1,1,0,2,1,0,68,0,1,1,1,0
24,75,0,1,10,89,0,0,1,2,2,3,1,0,67,0,0,1,1,0
22,61,2,1,8,88,0,1,1,2,1,4,0,0,65,0,1,1,0,0
15,65,2,2,8,72,0,2,0,1,1,2,2,2,63,1,0,1,1,1
22,67,1,1,6,58,1,1,0,1,1,2,2,0,64,1,1,1,1,0
27,62,0,0,6,79,1,0,0,1,0,3,1,1,62,1,0,1,1,0
16,86,0,2,7,89,0,1,1,0,2,2,2,0,68,0,1,1,1,0
33,93,1,1,6,96,2,0,0,1,2,4,2,2,75,0,0,1,1,0
17,75,1,0,5,73,2,0,0,1,1,4,0,0,63,0,0,1,0,0
20,95,1,0,7,62,0,2,0,1,1,4,1,1,68,1,1,1,1,0
16,69,1,1,8,56,0,2,1,1,1,3,2,0,63,1,0,1,0,0
21,73,2,2,5,90,1,0,1,1,1,2,1,0,68,0,1,1,0,0
10,66,1,2,7,77,1,0,1,2,2,2,0,0,62,1,1,1,0,0
17,85,0,1,7,84,1,3,1,1,2,2,1,2,67,0,1,1,1,0
13,77,2,2,7,58,1,2,0,1,2,3,0,0,66,1,1,1,0,0
21,85,1,1,8,50,0,1,1,2,1,2,0,2,65,1,0,1,0,0
26,90,1,1,8,98,1,0,0,0,0,3,2,1,69,0,0,1,1,1
24,82,2,1,6,91,1,2,2,1,2,1,0,0,70,1,1,1,0,0
6,85,2,1,9,70,2,0,0,1,2,3,2,0,64,0,1,1,1,1
32,97,2,1,8,73,1,0,2,1,0,3,1,0,75,0,1,1,1,0
22,72,0,0,9,96,2,1,0,1,2,3,1,0,66,1,0,1,1,0
15,74,1,0,7,60,0,2,1,1,2,3,0,2,62,0,1,1,0,0
21,89,0,1,7,90,0,4,2,1,1,5,2,2,70,1,1,1,0,0
21,84,2,2,7,51,1,0,1,1,2,3,0,1,68,1,1,1,0,0
16,67,1,2,9,94,2,1,1,1,1,2,2,0,66,0,0,1,1,0
21,75,0,2,7,79,1,0,0,1,1,2,0,0,65,1,1,1,1,0
16,79,2,1,7,74,2,3,1,1,2,2,2,2,68,1,0,1,1,0
18,77,2,1,10,85,0,2,1,1,2,3,2,0,68,0,1,1,0,0
16,67,1,1,5,53,0,2,1,1,2,3,0,1,62,1,0,1,1,0
11,97,0,1,8,60,0,2,0,1,2,3,1,0,66,0,1,1,1,0
21,90,1,0,7,70,1,2,0,1,0,2,2,0,68,0,1,1,0,0
24,79,2,1,7,81,2,0,2,1,2,2,0,1,69,1,1,1,0,0
23,87,1,0,6,57,1,2,2,1,2,3,0,0,67,1,1,1,0,1
25,96,0,2,6,69,0,3,2,1,2,2,2,0,74,1,1,1,1,0
22,65,0,1,6,63,1,2,1,1,1,3,0,2,61,1,1,0,0,0
17,70,2,1,8,82,0,2,2,2,0,2,0,1,64,0,1,1,0,1
25,82,1,1,8,96,1,1,0,1,2,2,0,1,69,0,0,1,0,0
12,92,2,1,4,58,0,2,1,1,2,2,1,1,66,1,1,1,0,1
15,61,1,1,5,59,2,0,0,2,1,4,0,0,61,0,1,1,0,0
14,99,1,1,8,80,2,3,1,0,1,4,1,0,71,0,0,1,1,0
26,78,2,2,8,73,1,2,0,1,2,4,1,0,71,0,0,0,1,0
26,74,1,1,5,86,0,2,0,2,2,4,1,0,69,0,1,1,0,0
23,72,1,1,8,64,0,1,0,1,1,4,2,0,66,0,1,1,1,0
26,67,0,1,7,77,0,2,0,2,1,3,0,1,64,1,0,1,1,1
15,92,0,1,8,69,1,1,2,1,1,4,2,0,68,1,0,1,0,0
22,98,2,1,6,64,0,0,1,2,2,3,0,1,71,0,1,1,1,0
19,77,2,1,5,86,2,0,1,0,0,4,0,0,66,1,1,1,1,1
25,98,1,1,7,90,2,1,2,0,1,4,2,0,94,1,1,1,1,0
19,93,0,2,7,66,0,1,1,1,1,3,0,0,68,0,0,1,1,0
18,79,1,1,7,81,1,1,1,2,2,4,1,1,66,0,0,0,0,0
23,87,2,0,6,59,1,4,1,2,1,2,0,0,70,1,1,1,0,0
25,77,1,1,10,90,1,1,0,1,1,3,0,0,68,1,1,1,0,0
16,82,2,0,4,64,0,1,1,1,1,2,2,1,65,1,0,1,0,0
20,62,1,1,6,59,0,3,1,1,2,4,0,0,64,1,1,1,1,0
14,88,2,1,6,97,1,0,0,1,2,3,1,0,69,1,1,1,1,0
5,62,2,2,7,71,0,1,0,1,2,4,1,2,59,1,0,1,0,0
21,93,0,1,8,82,1,2,1,2,1,4,1,0,70,1,0,1,0,0
24,93,2,0,8,90,2,0,2,1,0,2,1,0,72,1,0,1,1,0
22,69,0,1,9,84,1,0,1,1,1,3,1,1,64,1,1,1,0,0
8,73,1,2,8,78,2,0,1,2,0,3,0,0,63,1,0,1,0,0
18,79,1,1,4,69,1,2,2,0,2,3,1,0,67,1,0,1,1,0
7,84,1,1,5,96,1,1,0,0,2,3,0,0,62,1,1,0,1,1
28,71,1,1,9,57,2,1,0,2,1,4,2,0,69,0,1,1,1,0
13,84,1,1,9,94,1,3,1,1,0,2,0,0,66,1,1,1,1,1
28,72,0,0,8,85,2,4,0,1,0,2,0,0,66,0,0,1,0,0
26,62,0,1,6,79,1,1,0,1,2,3,1,0,63,0,1,1,0,1
15,60,1,1,7,66,2,2,2,1,1,4,0,0,62,1,1,1,0,0
13,64,1,2,6,57,0,1,0,0,1,3,0,1,58,0,1,1,0,1
22,92,1,0,5,72,0,0,1,1,0,4,1,1,67,1,0,1,0,0
15,98,1,1,7,89,0,2,0,0,1,3,1,1,68,1,1,0,1,0
21,77,2,1,10,87,0,1,0,1,1,3,1,0,67,1,1,1,0,0
17,81,1,1,6,82,1,3,0,1,1,4,1,0,67,1,0,1,0,0
9,66,0,1,9,100,0,3,1,1,1,3,1,0,62,1,1,1,0,0
7,82,1,2,6,99,1,2,1,2,0,2,2,1,66,1,1,1,1,0
21,66,1,1,5,70,1,1,0,2,2,5,0,0,65,0,0,1,1,0
17,84,1,2,8,60,1,0,0,0,2,5,1,0,67,0,0,1,1,0
17,97,1,0,7,73,2,1,1,2,1,4,1,0,69,1,0,0,0,0
24,68,1,2,9,92,0,1,0,2,2,2,0,0,67,1,1,1,1,0
27,91,0,1,9,73,0,0,0,1,1,3,1,0,69,1,0,1,1,0
18,61,1,0,7,67,0,2,2,1,2,4,0,0,62,1,1,1,0,0
18,75,1,1,9,87,0,3,0,1,0,3,2,0,67,0,1,1,1,0
23,64,1,0,6,83,1,0,1,1,1,3,0,1,63,1,1,1,1,0
12,74,1,1,6,98,2,2,0,1,1,3,1,0,65,1,1,1,0,0
21,67,1,1,9,77,1,3,2,0,1,3,1,1,66,0,1,1,1,0
23,75,1,2,5,98,1,3,1,2,2,1,1,0,71,0,1,1,1,0
24,77,0,2,7,65,2,1,1,2,2,4,2,0,70,1,0,1,1,0
8,72,2,2,9,93,2,4,1,1,2,4,0,0,68,1,1,1,1,0
15,86,2,1,9,68,2,0,1,0,1,3,0,0,67,1,1,1,1,0
15,97,1,2,6,90,2,2,2,2,1,0,0,0,71,1,0,1,0,0
21,76,0,1,9,96,1,1,0,0,0,5,0,0,65,1,1,1,1,0
23,68,0,1,5,81,0,1,0,0,1,2,2,0,64,1,1,1,1,0
29,71,1,1,6,86,1,1,0,1,2,2,1,0,69,0,1,1,1,0
17,94,1,0,7,98,0,1,1,2,0,2,0,0,68,1,1,1,1,0
17,83,1,0,8,69,0,4,0,2,1,3,1,0,67,1,1,1,1,0
27,78,1,1,5,76,2,1,1,1,2,4,2,0,71,1,0,1,1,0
22,66,1,0,10,95,1,1,1,1,0,3,0,0,64,1,0,1,1,0
28,78,1,2,4,84,1,2,0,0,0,3,1,2,69,0,1,1,1,0
22,71,1,2,7,94,1,1,1,1,1,4,0,0,68,1,1,1,1,0
13,98,2,0,7,81,1,1,1,0,0,3,2,0,69,1,0,1,1,0
12,95,1,1,4,87,1,0,0,1,2,3,0,1,67,1,1,1,0,0
11,63,1,2,9,51,2,0,0,0,0,3,1,1,58,1,1,1,1,1
24,81,0,1,6,67,2,0,1,2,0,2,0,2,66,1,1,1,1,0
27,69,1,2,7,89,0,2,2,2,1,1,0,1,69,1,0,1,1,0
31,76,1,2,7,70,0,3,0,1,1,3,1,1,70,1,1,1,1,0
25,95,1,0,5,68,1,1,1,2,2,3,0,2,70,1,1,1,1,0
27,81,1,0,5,98,1,0,2,1,2,3,0,0,70,1,1,1,1,0
17,73,2,2,9,78,1,0,0,2,0,3,2,1,66,0,1,1,0,0
13,68,0,2,7,60,1,1,1,0,2,3,1,1,61,0,0,1,0,0
25,92,1,1,4,74,1,3,0,2,2,2,0,1,71,0,1,1,1,1
23,85,2,0,7,76,2,2,0,1,1,3,1,0,69,0,1,1,1,0
21,79,1,1,7,99,1,2,0,1,2,2,2,0,69,1,1,1,1,0
22,69,2,1,7,86,0,0,1,1,1,1,0,0,65,0,1,1,0,0
22,73,2,2,4,76,2,3,1,1,0,4,1,2,69,1,1,1,1,0
28,98,1,2,7,72,1,1,0,2,2,2,1,0,74,1,0,1,1,0
28,81,1,1,6,96,2,2,0,1,2,5,0,1,71,1,0,1,1,0
23,76,2,1,7,82,2,0,1,2,1,1,1,0,68,1,0,1,0,0
25,81,2,2,8,68,0,0,0,2,1,3,1,1,69,0,1,1,1,0
23,91,0,1,8,73,1,3,1,1,0,5,0,2,68,1,1,0,1,0
17,74,1,0,9,64,1,2,1,1,1,3,0,0,63,1,1,1,0,0
25,67,1,1,10,98,2,0,2,1,2,2,0,0,68,1,1,1,1,0
12,83,2,1,5,85,1,2,0,2,0,2,1,0,67,1,0,1,1,0
26,87,1,2,6,70,0,3,1,1,1,3,1,1,71,1,1,1,0,0
13,89,2,2,8,59,0,0,0,2,1,2,2,1,66,1,1,1,0,0
22,95,2,1,7,59,1,2,0,1,0,3,0,0,69,1,1,1,0,1
15,75,2,1,4,74,1,3,1,2,2,4,1,0,68,0,1,1,1,0
23,63,1,1,7,73,0,1,0,1,1,3,1,1,63,1,1,1,0,0
20,98,1,1,9,71,1,0,0,1,0,4,1,1,69,1,1,1,0,0
10,77,0,2,5,93,1,3,0,1,2,3,1,0,66,0,1,1,1,0
23,85,1,1,7,99,2,1,0,2,1,5,1,0,71,0,1,1,1,0
17,87,1,2,4,68,1,2,0,0,2,4,2,1,68,1,1,1,0,0
25,82,1,1,8,65,1,0,2,1,1,4,0,0,69,1,0,1,1,0
20,68,1,1,7,89,1,0,1,2,2,3,0,2,65,0,0,1,1,0
22,90,1,0,6,72,1,0,0,1,1,4,1,0,68,1,1,1,1,0
14,92,2,1,6,61,2,0,0,1,1,2,1,1,67,1,0,1,1,0
16,82,1,1,5,59,1,1,1,1,2,3,0,0,65,1,1,1,0,0
17,80,0,1,9,64,1,1,0,1,2,4,2,2,65,0,0,1,1,0
25,65,1,0,6,50,1,2,0,1,2,2,1,0,64,0,1,1,1,0
30,63,2,2,8,97,1,1,0,2,1,3,0,0,69,0,1,1,0,0
15,74,2,0,6,72,0,2,0,1,2,3,0,0,64,1,1,1,0,0
26,72,1,1,10,54,1,2,2,2,1,2,1,1,66,1,1,0,0,0
7,98,1,0,9,58,1,2,1,1,1,5,1,0,65,1,0,1,1,1
13,91,2,1,10,66,1,2,1,1,2,4,0,0,69,0,1,1,1,0
14,86,0,1,10,78,1,3,1,2,0,4,0,0,66,0,0,1,1,1
12,81,1,1,6,85,2,0,0,1,2,2,0,0,64,1,0,1,1,1
10,67,1,1,6,65,1,1,1,2,0,4,0,0,61,0,1,1,1,0
22,99,1,1,10,98,0,1,1,1,1,1,1,0,72,1,0,1,0,0
19,75,1,1,7,88,0,1,1,1,2,3,2,1,67,1,0,1,1,0
22,64,0,1,8,91,0,0,0,1,1,4,1,1,63,0,1,1,1,0
24,80,1,2,6,66,2,1,1,1,1,3,1,1,69,1,1,1,0,0
22,95,0,2,6,69,2,3,1,1,1,2,2,2,70,1,1,1,1,1
24,95,1,2,8,77,0,1,0,1,2,3,0,0,71,1,1,1,1,1
20,60,1,0,4,73,1,0,0,0,1,1,2,1,60,0,1,1,1,0
13,95,1,2,8,63,1,3,1,1,1,2,2,0,70,0,0,1,1,0
26,71,0,2,8,100,0,1,0,2,2,4,1,0,69,0,0,1,0,0
16,62,1,2,6,92,1,0,1,1,2,4,0,0,63,0,0,0,0,0
14,94,1,1,7,62,2,2,1,2,0,1,2,0,69,1,0,1,1,0
19,95,1,1,7,95,2,0,1,2,0,2,1,0,71,1,0,1,1,0
15,84,1,2,7,79,1,1,1,2,1,4,0,0,68,0,1,1,1,0
17,83,1,2,8,51,0,0,0,1,0,4,0,1,64,1,1,1,0,0
22,93,0,1,6,67,1,0,1,1,1,3,1,0,68,0,1,1,0,0
22,91,0,1,10,51,2,2,2,1,1,3,0,0,69,0,1,1,1,0
15,96,1,0,7,54,0,0,0,1,1,3,1,0,65,0,1,1,0,0
17,82,1,1,7,59,1,3,1,1,2,4,1,0,68,1,1,1,1,0
26,99,1,2,10,74,1,1,1,1,1,2,1,0,74,1,0,1,1,0
23,100,2,0,4,69,0,0,0,2,2,4,2,0,72,0,1,1,1,0
32,65,2,1,10,57,1,1,2,1,0,2,0,0,67,0,0,1,0,0
27,94,2,2,7,70,0,1,1,2,1,2,0,1,73,0,1,1,1,0
27,80,1,1,6,65,2,1,2,1,1,4,1,1,68,1,0,0,0,0
12,76,1,0,5,71,0,0,1,1,0,4,0,0,61,1,1,1,1,0
25,85,2,2,5,59,1,3,0,1,1,4,0,0,70,0,1,1,0,0
20,62,1,0,6,80,2,1,1,2,1,3,1,1,62,0,1,0,1,0
17,80,1,1,7,52,2,2,1,1,1,3,2,0,67,0,0,1,1,0
21,95,0,2,8,69,1,0,0,2,0,3,2,0,69,1,1,0,1,0
26,69,2,2,7,95,0,0,1,1,0,3,2,0,93,0,1,0,0,0
23,77,1,2,6,71,0,3,1,0,2,4,0,1,68,1,0,1,0,0
15,98,1,1,9,72,1,1,0,2,1,2,1,0,69,0,1,1,1,0
24,77,1,1,10,53,2,2,2,1,1,4,1,1,68,1,1,1,1,0
16,74,1,2,9,80,0,0,1,1,0,5,0,0,64,1,1,1,0,0
21,78,2,1,6,97,1,0,1,1,2,2,0,0,69,0,1,1,1,0
18,81,1,1,8,65,0,2,0,1,1,4,2,0,66,1,1,1,0,0
19,85,1,1,8,70,0,4,2,1,1,3,0,1,68,1,1,1,0,0
25,92,1,1,9,79,1,3,1,2,0,4,1,1,72,1,1,1,1,0
14,78,2,1,6,55,0,2,0,1,1,2,0,0,63,0,0,1,0,0
32,93,2,1,6,98,1,0,1,1,1,4,0,0,73,1,1,1,0,1
9,81,2,1,9,73,1,1,1,1,0,1,2,0,65,1,1,1,1,0
16,74,2,2,8,56,0,1,0,1,2,2,0,0,65,0,0,1,1,0
22,86,0,1,5,67,1,0,2,1,2,2,1,0,68,1,1,1,1,0
24,89,2,1,8,69,0,3,2,1,1,2,1,0,70,1,1,0,0,0
19,82,1,1,10,67,1,0,0,0,2,2,2,2,65,1,1,1,0,0
20,62,2,1,6,85,1,2,1,1,1,3,1,0,66,0,1,1,1,0
22,67,1,2,6,67,2,1,0,1,1,1,1,0,66,1,0,1,1,0
19,71,1,2,7,66,0,2,0,1,1,3,0,0,65,0,1,1,1,0
28,71,1,2,8,66,1,2,0,1,2,3,1,0,69,1,0,1,0,0
25,87,0,2,7,89,1,1,0,1,1,4,0,0,69,0,1,1,1,1
25,61,1,2,9,65,1,2,1,1,1,4,0,1,64,0,0,1,0,1
14,90,1,1,7,51,1,1,1,1,2,4,0,0,66,0,1,1,1,1
20,71,0,1,9,68,1,1,0,1,2,3,0,2,63,1,0,1,1,0
18,72,2,1,6,64,1,4,0,1,2,3,2,0,68,0,1,1,1,0
14,81,2,1,5,95,0,2,0,2,2,3,0,0,68,1,1,1,1,0
22,69,2,1,6,74,2,1,1,0,0,3,1,0,65,0,1,1,0,1
17,95,2,1,5,62,2,1,1,1,2,3,0,1,69,1,0,1,0,0
24,63,1,1,8,99,0,2,0,2,1,1,2,0,66,0,1,1,0,0
14,78,1,1,4,62,1,1,0,1,1,4,1,0,63,1,1,1,0,0
30,94,0,1,6,88,0,2,0,1,1,3,1,0,72,0,0,1,1,1
15,85,2,1,7,82,2,2,1,1,0,4,0,2,67,1,1,1,0,0
21,72,2,2,5,73,1,1,1,1,1,3,0,0,67,1,1,1,0,0
25,77,2,1,7,70,1,0,1,1,1,5,0,0,68,1,1,1,1,0
17,88,2,2,7,94,1,2,1,2,2,3,0,0,71,1,1,0,1,0
25,99,1,2,9,74,1,1,1,2,0,3,0,0,73,1,0,1,0,0
13,96,1,1,5,69,1,2,1,0,2,3,0,0,68,1,1,1,0,0
29,74,2,1,8,68,1,0,1,2,2,4,0,0,69,0,1,1,0,0
20,100,1,1,8,64,1,0,0,1,1,2,0,1,69,1,1,1,1,0
16,60,1,2,7,70,0,3,2,2,0,4,0,0,63,0,0,1,0,0
18,61,1,1,6,56,1,3,0,1,1,3,0,1,62,1,1,1,1,0
25,93,1,1,5,53,1,0,2,1,1,5,1,1,70,0,0,1,1,0
16,68,2,1,10,77,1,1,2,1,2,3,2,0,66,1,1,1,0,0
16,62,1,1,7,73,0,3,2,1,0,3,0,0,62,0,1,1,0,0
19,69,1,2,7,59,0,2,0,0,1,2,2,1,64,0,0,1,1,0
13,77,1,1,10,55,0,2,0,1,2,3,1,1,63,1,0,1,1,0
31,89,1,1,7,57,1,1,2,0,2,2,1,1,71,0,1,1,1,0
17,85,2,1,10,66,1,1,2,1,1,1,2,1,67,1,1,1,1,1
25,70,0,2,5,73,1,2,1,1,1,1,2,0,67,1,0,1,1,0
21,80,0,2,7,60,1,1,1,2,2,2,1,1,67,1,1,1,1,0
14,97,0,1,5,88,1,2,2,1,2,3,2,0,71,1,1,1,1,0
20,93,2,1,7,60,2,0,0,2,1,3,0,0,69,1,1,1,0,0
25,73,1,1,7,56,1,2,2,1,1,4,0,0,93,0,1,1,1,0
19,99,2,1,6,100,1,1,0,1,2,1,0,1,72,1,0,1,1,0
27,88,1,2,7,72,1,1,0,2,2,1,0,0,71,0,1,1,0,0
26,62,1,1,6,59,1,1,1,1,1,3,0,1,63,1,1,1,0,0
26,61,2,0,7,95,0,0,1,2,1,3,2,1,65,1,1,0,1,0
17,67,0,1,6,62,1,0,1,1,1,3,1,1,61,0,1,1,1,0
14,89,1,0,9,96,0,2,0,2,1,3,1,1,66,0,0,1,0,0
16,67,1,1,5,56,0,1,0,1,0,2,1,0,61,0,1,1,1,0
21,80,1,1,7,92,0,1,1,1,2,3,0,1,67,1,1,1,0,0
23,64,1,0,5,59,1,3,0,1,2,5,0,1,64,0,1,1,1,0
7,97,0,2,6,97,1,3,1,2,2,2,1,1,69,0,0,1,0,0
20,74,0,1,6,79,1,1,2,1,1,2,1,2,64,1,1,1,0,1
21,96,1,1,7,59,0,2,2,1,0,2,1,0,70,1,1,1,1,0
18,98,2,1,7,92,1,2,0,2,1,4,0,0,73,1,0,1,1,0
28,60,0,1,5,70,0,0,0,1,1,5,0,0,63,1,0,1,1,0
23,79,1,1,6,87,1,2,0,2,1,4,1,1,68,1,1,0,1,0
28,61,0,0,6,82,0,0,1,2,2,3,1,0,64,0,1,1,1,0
19,96,1,0,5,86,1,3,1,1,2,3,0,1,69,1,1,0,1,0
26,81,1,1,9,67,1,3,0,1,1,2,1,0,69,0,1,1,1,0
30,63,2,0,5,97,2,2,0,2,2,2,1,1,67,0,1,1,0,1
28,64,2,0,7,78,1,3,1,2,2,4,2,1,69,1,0,1,1,0
13,75,1,2,10,54,1,1,0,1,0,3,1,0,62,1,0,1,0,1
18,98,0,1,9,53,1,0,2,1,1,1,0,1,66,1,1,1,0,0
18,88,0,1,8,87,1,2,1,2,1,2,2,1,68,0,1,1,0,0
23,95,2,0,7,92,2,1,0,1,2,1,0,0,71,0,1,1,0,0
24,75,1,0,8,85,1,1,0,1,2,2,2,0,66,1,1,1,0,1
15,62,0,2,8,64,2,2,0,1,1,4,1,0,62,0,1,1,0,0
20,99,0,0,9,61,0,1,2,1,1,4,0,1,68,1,0,1,1,0
8,61,1,0,7,78,1,0,1,1,2,3,0,0,59,0,0,1,1,0
29,98,1,1,9,60,0,0,0,1,0,4,0,0,70,0,0,1,1,0
17,75,2,0,7,69,1,1,2,1,2,4,0,0,66,1,1,1,1,0
20,60,1,1,10,81,1,3,0,1,2,3,1,0,65,1,1,1,1,0
18,88,1,1,7,64,0,0,1,0,2,4,1,1,66,1,1,1,0,0
27,99,1,1,5,69,1,2,1,0,2,2,2,1,73,1,1,1,1,0
3,99,1,0,7,68,1,2,2,1,1,3,0,0,65,0,0,1,1,0
20,66,1,2,8,73,1,0,2,0,2,3,0,1,65,1,1,1,1,0
19,67,2,1,9,84,0,0,1,1,2,3,0,1,64,0,1,1,0,0
17,83,1,1,6,89,2,0,0,1,2,4,2,0,69,1,1,1,1,0
30,85,1,1,4,83,0,2,2,2,2,3,2,0,74,0,1,1,0,0
15,90,2,2,8,51,2,2,2,1,0,2,0,1,68,0,1,1,1,0
25,67,0,1,8,95,1,0,1,1,1,4,2,1,65,0,1,1,0,0
22,98,1,2,5,79,1,2,2,1,1,5,0,1,72,1,1,0,1,0
28,86,1,1,7,96,1,2,1,0,1,4,0,0,71,1,1,1,1,0
16,94,2,1,7,98,1,0,0,1,1,4,0,1,69,0,1,1,0,0
16,82,0,2,8,73,0,3,0,2,2,1,1,0,67,1,1,1,1,0
27,77,1,2,6,96,0,0,1,2,2,3,2,1,71,1,1,1,1,0
23,99,0,0,6,68,2,1,1,1,1,3,1,2,68,1,1,1,1,1
11,83,0,1,7,63,2,3,2,1,0,2,0,2,63,0,1,1,0,0
17,95,2,1,5,54,0,2,2,2,1,2,1,1,69,0,1,1,0,0
22,98,1,0,10,73,1,1,0,0,0,4,1,0,68,0,1,1,0,1
25,87,2,2,8,84,0,2,2,1,2,4,1,1,73,1,1,1,1,0
16,82,1,1,6,99,1,3,2,1,2,2,0,0,69,1,1,1,1,0
3,60,1,1,5,76,1,0,1,2,1,4,0,1,58,0,0,1,1,0
23,62,2,0,5,87,1,1,2,0,2,3,0,0,65,1,0,1,0,0
13,68,1,1,8,95,1,2,0,0,2,4,0,1,63,1,0,1,1,0
8,67,0,0,5,77,0,1,1,2,2,2,1,0,59,1,1,1,0,0
3,70,1,1,7,58,1,0,1,1,1,2,0,1,58,1,0,1,1,0
25,72,1,1,4,92,2,1,0,1,0,2,0,0,66,1,0,1,1,1
21,74,1,2,8,79,1,0,0,2,2,4,0,0,67,1,0,1,1,0
19,77,2,1,8,88,1,3,0,1,2,3,1,1,67,1,1,0,1,0
28,64,2,1,7,83,0,2,2,1,1,4,0,1,67,1,0,1,0,0
24,62,2,0,7,53,1,0,1,1,2,6,2,0,65,0,1,1,1,0
30,87,2,1,8,58,2,1,0,1,0,1,1,0,71,1,1,1,1,0
12,81,1,1,7,64,2,2,2,1,1,3,0,0,66,1,1,1,1,0
20,78,1,2,8,64,1,2,2,1,2,2,0,1,68,0,0,1,1,0
10,85,1,2,5,92,1,0,0,2,2,4,0,2,65,0,0,1,1,1
19,93,2,2,8,80,1,1,1,1,1,3,1,1,71,1,0,1,0,0
19,77,1,0,7,54,0,2,0,1,2,4,0,0,64,0,0,1,1,0
24,86,1,2,9,69,2,1,1,2,1,3,2,0,72,1,1,1,1,0
20,98,0,0,7,78,0,4,2,2,1,2,0,2,69,1,1,1,0,0
24,94,1,1,7,63,1,1,0,2,1,3,0,0,70,1,1,1,0,0
24,77,1,1,6,52,1,0,1,1,0,4,0,0,66,1,0,1,1,0
33,86,1,1,9,69,1,0,1,1,1,3,1,0,70,0,1,0,0,0
18,67,2,0,4,73,0,0,1,1,1,2,2,1,62,1,0,1,0,0
14,82,0,1,8,95,1,1,0,1,1,3,2,1,66,1,0,1,1,0
21,99,2,0,7,95,0,2,0,1,0,1,0,0,70,0,1,1,0,0
15,81,0,0,7,75,0,1,1,2,0,1,2,1,63,1,1,1,1,0
29,97,2,1,7,74,1,1,1,0,2,4,0,0,73,0,1,1,1,1
18,76,1,2,7,82,2,2,1,2,1,4,2,0,70,0,1,1,1,0
17,100,2,2,8,63,0,1,0,1,2,5,0,0,71,1,0,1,0,0
17,83,0,1,6,64,1,1,1,1,2,4,0,0,65,0,0,1,0,0
24,62,1,0,7,50,1,1,2,2,0,2,2,0,64,1,0,1,1,0
19,83,2,0,8,54,1,1,0,1,2,4,0,1,66,1,0,1,1,0
16,71,0,0,6,59,2,1,0,2,2,3,2,0,82,1,1,1,1,0
30,61,0,2,8,82,0,2,0,2,1,3,2,0,68,0,1,1,1,0
15,93,1,1,8,61,2,1,1,1,1,4,0,0,67,0,1,1,0,0
20,71,0,2,6,56,2,5,1,1,2,5,1,0,68,1,0,1,1,0
24,92,0,2,5,81,1,2,0,1,0,3,0,0,69,1,0,1,1,1
10,72,1,1,6,83,1,0,1,1,2,4,0,0,63,1,1,1,1,0
23,68,1,2,7,53,2,3,2,1,1,3,0,1,66,0,1,1,0,0
14,99,1,1,7,89,2,0,1,1,2,2,2,2,68,0,0,0,0,0
25,74,2,1,9,80,1,4,1,1,2,3,1,1,71,0,1,1,1,0
14,84,1,2,6,70,2,2,2,1,2,3,1,0,69,0,1,1,1,0
24,84,0,1,6,99,1,1,1,2,2,2,2,2,70,0,1,1,1,0
27,82,1,1,8,51,2,3,2,1,1,2,1,0,70,1,1,1,0,0
25,97,1,1,6,77,0,1,0,2,2,4,2,0,73,1,0,1,1,0
22,87,1,2,6,58,1,0,0,1,1,4,0,0,68,0,0,1,1,0
19,76,1,0,6,66,1,1,2,1,2,3,0,0,65,1,1,1,1,0
17,94,2,2,4,57,1,4,1,2,1,4,0,1,72,1,1,1,1,0
29,67,2,0,8,83,1,2,0,1,2,4,0,0,67,0,0,1,1,1
16,82,0,1,8,70,2,4,0,2,1,4,1,0,68,0,1,1,1,0
14,98,1,1,8,99,0,0,2,1,1,3,0,0,69,1,1,1,1,0
24,85,1,1,10,83,0,1,1,2,2,4,1,1,70,0,1,1,1,0
15,93,2,1,9,96,1,1,1,1,0,2,0,1,69,0,1,1,1,0
14,86,2,2,6,62,1,1,1,1,2,2,0,0,68,1,0,1,1,0
11,94,1,1,9,66,1,2,0,2,2,2,0,1,65,1,0,0,0,0
17,98,1,2,7,68,1,1,0,1,2,4,1,1,70,1,1,1,1,0
20,71,1,0,6,92,2,1,0,1,0,4,1,0,65,1,0,1,1,0
21,67,1,0,6,61,1,0,0,1,2,3,0,1,61,0,0,1,0,0
26,79,1,0,7,97,1,1,2,1,2,2,0,0,69,1,0,1,0,0
23,88,1,0,7,52,1,0,1,0,1,4,0,0,67,1,1,1,1,0
19,69,1,1,9,94,1,1,0,2,2,3,0,1,65,1,1,1,1,0
19,60,1,1,8,73,2,3,1,0,1,3,0,0,63,1,0,1,0,0
23,74,1,2,6,76,1,0,1,2,0,4,0,0,67,1,0,1,1,0
28,99,2,0,5,100,1,6,1,1,1,5,0,1,76,0,0,1,0,0
21,88,1,1,8,94,1,0,1,2,1,3,1,0,70,1,1,1,0,0
17,76,1,2,8,95,0,1,0,1,1,4,2,0,67,0,0,1,1,0
14,68,2,2,9,79,0,2,0,1,2,4,1,0,66,0,0,1,1,0
11,74,1,2,7,98,0,1,0,1,2,2,0,0,65,1,1,1,1,0
24,67,0,2,8,84,2,0,0,1,1,1,1,0,65,0,1,1,0,0
23,64,0,1,8,91,1,2,0,1,0,3,0,2,63,0,1,1,0,0
23,96,1,2,5,86,1,3,1,2,1,3,0,0,74,1,1,1,1,1
19,100,0,2,7,89,2,2,2,0,1,3,1,1,72,1,0,1,1,0
28,67,2,2,8,82,0,1,2,0,1,4,0,0,68,0,1,1,0,0
17,62,1,0,8,86,2,2,1,1,1,4,0,1,62,0,1,1,0,0
26,73,0,2,7,72,1,1,0,0,1,3,1,2,65,1,0,1,0,0
20,78,2,1,10,85,1,1,2,2,0,3,0,0,69,1,0,1,1,0
16,68,1,0,10,64,1,2,2,0,0,2,0,1,61,1,1,1,1,0
24,72,1,1,7,82,2,2,1,1,2,4,0,2,67,1,0,1,1,0
22,68,1,2,7,76,1,1,1,1,2,4,0,0,66,1,1,1,0,0
22,91,0,1,8,95,1,1,0,2,1,2,0,0,70,1,0,1,1,0
20,89,1,2,7,84,0,5,2,1,1,3,2,1,72,1,1,1,0,0
20,85,2,0,9,80,1,3,0,1,1,3,2,1,69,1,0,1,1,0
34,75,0,1,5,66,1,0,0,1,2,3,0,0,68,1,0,1,1,0
27,96,1,1,7,93,1,2,1,1,1,2,1,0,74,1,1,1,0,0
24,99,2,1,8,53,2,1,0,1,1,3,0,0,70,1,0,1,0,1
21,67,1,1,9,95,2,1,1,1,2,4,0,0,67,1,0,1,1,0
26,69,1,1,5,83,1,4,1,2,1,2,0,1,68,0,0,1,1,0
23,81,2,0,6,59,1,2,2,2,1,1,2,0,69,0,0,1,0,0
20,64,2,0,4,95,1,4,1,1,1,4,0,0,66,1,1,1,0,0
18,77,1,0,6,66,2,3,1,2,2,3,1,1,66,1,1,1,0,0
20,83,2,2,5,58,1,1,1,1,1,3,0,0,68,1,1,1,1,0
1,81,1,1,8,66,1,1,0,1,0,2,1,0,60,1,1,1,1,0
21,73,2,1,7,98,2,0,2,2,2,4,2,0,69,1,1,1,0,1
17,82,2,1,7,88,1,1,1,1,0,1,0,0,66,1,1,1,0,1
30,98,1,2,7,96,1,1,1,1,1,3,2,0,77,0,0,1,1,0
20,68,1,0,9,65,0,1,2,1,0,5,1,0,63,1,1,1,0,0
13,86,1,0,5,54,1,3,2,2,1,3,1,0,66,1,1,1,1,1
20,62,2,1,4,78,1,1,2,1,2,4,0,1,64,0,0,0,1,0
14,63,2,2,8,74,1,1,0,1,1,4,2,1,63,0,0,1,0,0
23,82,0,1,6,86,1,0,2,1,1,4,0,0,68,1,1,1,1,0
22,64,2,1,5,77,1,1,2,1,0,2,1,0,65,1,0,1,0,0
26,61,2,1,8,70,0,1,1,1,1,4,2,1,65,1,0,1,1,1
15,67,2,2,4,50,0,0,1,1,2,1,1,0,64,1,1,1,1,0
20,83,2,1,6,73,1,0,2,1,2,3,1,2,68,1,1,1,1,0
12,88,0,1,4,56,1,0,0,2,1,2,0,2,62,1,0,1,1,0
24,68,1,1,7,96,1,1,0,2,2,3,0,0,67,1,1,1,1,0
23,87,2,2,9,96,2,1,1,1,2,1,1,0,73,0,0,1,1,0
23,67,2,2,6,90,1,2,2,1,2,3,0,0,69,0,0,1,1,0
20,85,1,1,6,58,0,0,0,1,0,2,2,0,65,1,0,1,0,0
22,76,1,1,10,57,1,1,1,2,1,3,0,2,66,1,0,1,1,0
30,86,2,1,8,78,1,4,1,0,2,2,1,2,73,1,1,1,0,0
18,100,2,1,10,86,1,1,1,1,1,3,0,0,72,1,1,1,1,0
21,98,1,1,7,95,0,3,2,0,1,1,0,0,72,1,1,1,1,0
13,60,0,2,7,95,1,1,0,1,2,1,0,0,61,0,0,1,1,0
15,95,2,1,9,58,0,2,0,2,1,3,0,0,69,0,0,1,1,0
21,63,2,1,7,100,1,1,2,1,1,2,2,1,66,0,0,1,0,0
27,98,2,2,7,58,1,1,2,1,2,3,2,2,74,0,1,1,0,0
18,71,2,0,4,92,1,1,0,1,0,4,1,0,64,0,1,1,1,1
19,75,1,2,10,79,1,1,1,1,1,2,0,0,66,0,1,1,1,0
18,64,2,1,8,84,1,2,1,1,1,3,1,0,64,0,1,0,1,0
17,64,2,2,7,80,0,3,1,1,2,4,0,0,66,1,0,1,0,0
22,89,1,2,8,93,1,2,2,0,1,5,0,0,72,1,0,1,0,0
11,98,2,2,5,82,2,1,1,1,1,2,2,0,71,1,0,1,1,0
28,84,2,1,6,92,1,1,1,1,0,3,0,0,70,0,1,1,1,1
16,89,2,1,8,58,0,2,0,1,1,3,1,1,67,1,1,1,1,0
24,90,1,2,7,93,0,1,0,2,1,2,2,0,71,1,1,1,0,1
12,71,1,0,8,100,1,2,2,1,1,3,1,0,63,1,1,1,0,1
24,62,1,2,7,83,0,1,1,0,1,2,1,1,64,0,1,1,0,0
24,60,1,1,8,99,1,2,0,0,1,1,0,1,64,1,1,1,1,0
22,74,1,0,5,61,1,1,0,1,2,3,2,0,65,0,1,1,0,0
14,70,1,1,9,91,2,2,1,1,1,4,0,0,65,0,1,1,1,0
21,62,1,0,6,58,1,2,0,2,1,3,1,1,62,0,0,1,0,0
13,67,2,2,7,76,1,2,0,1,1,5,0,0,65,1,0,1,1,0
18,65,1,2,6,83,0,1,1,2,1,2,0,0,64,1,0,1,0,0
26,97,1,1,7,83,0,2,0,1,2,3,2,0,74,1,1,1,1,0
25,66,1,2,7,84,0,2,2,1,2,1,0,0,67,1,1,1,1,0
20,82,0,1,8,66,0,0,2,1,2,2,2,0,66,1,1,1,0,0
14,84,2,2,8,99,1,3,1,2,1,4,2,0,70,0,1,0,0,0
24,82,1,2,8,50,1,0,1,1,2,2,2,1,68,1,1,1,0,0
20,64,1,1,6,81,1,0,2,2,2,1,0,1,64,0,1,1,0,0
6,73,1,1,8,93,0,0,0,1,1,1,0,2,58,0,0,1,0,1
25,62,1,1,7,95,0,1,2,1,1,4,1,0,65,1,1,1,1,1
20,76,1,2,7,86,1,2,1,1,0,5,0,0,68,0,1,1,1,0
27,68,0,1,8,79,1,2,0,2,0,1,2,1,64,0,0,1,0,1
13,82,1,2,5,73,0,4,0,1,0,4,0,0,66,1,1,1,0,0
1,88,1,2,4,72,2,3,1,1,0,2,1,0,92,1,0,1,1,0
22,81,2,1,9,71,1,2,2,0,0,4,0,0,69,1,1,1,1,0
22,77,1,2,7,85,0,2,0,1,1,2,1,0,68,1,1,1,0,0
10,75,1,1,8,87,0,2,1,1,2,4,0,0,63,0,1,1,0,1
14,94,0,1,6,76,1,0,0,0,1,3,0,0,64,1,1,0,1,0
37,69,1,2,9,87,1,1,0,1,0,2,1,2,68,0,1,0,1,0
18,89,1,0,8,76,2,0,0,1,2,2,0,0,67,1,1,1,0,0
24,90,0,1,7,55,1,1,2,1,0,2,2,2,68,1,1,1,1,0
16,77,1,1,7,93,1,1,0,1,2,2,0,1,66,1,1,1,1,0
7,72,1,1,4,94,1,4,1,1,2,4,2,0,66,1,0,1,1,0
19,79,1,2,8,63,1,4,0,2,1,2,0,1,68,1,1,1,1,0
18,64,1,2,9,89,0,1,1,2,1,3,0,1,64,1,0,1,1,0
18,62,2,1,7,76,1,2,1,1,0,3,1,0,63,0,0,1,1,1
19,64,1,1,7,56,1,0,0,1,1,4,0,0,62,0,0,1,1,0
22,67,1,2,7,70,2,2,0,1,2,2,0,0,66,1,0,1,0,0
19,80,2,1,9,54,1,0,0,1,0,2,2,1,65,1,1,1,1,0
12,94,1,0,9,89,1,1,0,0,0,3,0,0,66,1,0,1,1,0
23,69,1,2,6,60,1,2,0,2,0,4,0,0,66,1,0,1,1,0
8,97,1,2,8,58,2,2,2,1,1,2,1,0,69,0,1,1,1,0
8,98,0,1,7,60,1,1,2,2,0,3,2,0,67,0,0,1,1,0
24,98,1,2,8,61,1,6,1,2,2,3,0,0,75,0,0,1,0,0
23,94,2,1,6,84,2,0,0,2,1,3,2,0,73,1,1,1,1,0
20,75,1,1,9,82,2,0,0,0,2,5,1,1,66,0,1,1,1,0
12,63,1,1,8,56,0,4,1,1,2,4,1,1,61,1,1,1,0,0
16,83,1,1,9,86,1,5,0,2,0,4,0,1,68,0,0,1,1,0
18,82,1,1,5,67,2,1,1,2,1,4,1,0,67,1,1,0,1,0
10,94,1,2,5,73,1,1,1,1,0,3,0,1,66,1,1,1,0,0
16,100,1,2,10,56,1,1,2,1,1,2,0,0,69,0,1,1,0,0
24,80,1,1,9,85,0,3,0,1,2,4,0,0,69,1,1,1,0,0
29,74,1,2,6,69,1,1,0,2,0,1,1,2,67,0,0,1,1,0
17,67,2,1,8,82,1,0,1,1,2,4,0,0,65,0,1,1,0,0
25,60,1,0,6,71,0,2,2,1,2,2,0,0,63,1,1,1,0,0
9,80,1,0,4,52,0,1,2,1,2,2,2,0,63,0,1,1,1,0
24,82,1,1,4,85,0,1,0,1,0,2,0,0,66,1,1,0,0,0
15,93,1,1,7,78,0,0,1,1,0,4,0,1,66,1,1,1,1,0
22,80,1,2,9,72,0,2,1,1,1,4,1,0,69,0,1,1,1,0
19,97,2,1,9,60,2,3,1,1,0,4,2,1,72,0,1,1,1,0
28,85,1,1,9,81,0,2,0,1,1,3,0,0,70,1,1,1,1,0
15,94,1,2,8,64,1,2,0,1,0,1,1,0,68,1,1,1,1,0
24,66,2,1,7,71,0,1,0,2,1,3,0,0,66,1,1,1,1,0
18,94,0,1,9,53,1,3,0,1,0,3,1,1,67,0,1,1,1,0
19,87,2,1,4,89,1,0,0,0,2,5,2,1,68,0,1,1,0,1
19,67,1,0,8,55,1,0,1,2,2,4,0,0,62,1,0,0,1,0
15,68,1,2,5,95,2,1,1,1,2,2,1,0,64,0,0,1,0,1
20,97,2,0,6,93,0,1,2,2,2,1,1,2,71,1,1,1,1,0
20,61,2,1,8,99,1,0,1,2,1,4,1,0,65,1,1,1,0,0
21,79,1,1,8,95,2,0,1,1,1,2,2,0,69,0,1,1,1,0
21,73,1,1,6,99,1,1,0,1,1,5,0,0,65,1,1,0,0,0
25,87,1,1,8,94,2,0,1,2,2,4,0,0,71,1,1,1,0,0
26,94,0,1,8,56,0,1,2,1,0,2,1,0,69,0,1,1,0,0
14,74,2,1,7,72,2,2,1,1,0,3,1,0,65,1,0,0,1,0
25,77,0,1,7,54,1,2,1,1,1,1,1,1,66,1,1,1,1,0
13,99,1,1,10,77,0,0,1,2,0,3,1,1,68,0,0,1,1,0
24,91,2,2,7,76,1,0,1,1,2,2,0,1,72,0,0,1,1,0
24,96,2,2,7,96,1,1,1,1,0,3,0,0,74,0,1,1,1,0
9,78,1,1,7,98,0,3,0,1,2,2,0,0,64,1,1,1,0,0
21,69,2,0,7,63,1,0,1,1,2,3,0,1,64,1,1,1,1,0
17,76,1,1,8,79,0,1,0,1,1,4,2,2,63,0,1,0,1,1
15,89,2,0,9,73,2,2,0,0,1,2,0,0,66,1,0,1,0,0
28,64,1,1,7,77,1,1,2,1,2,2,0,0,67,1,1,1,1,0
16,71,2,0,6,77,0,4,1,1,1,5,1,1,64,1,1,1,1,1
15,62,0,2,10,96,0,0,1,2,2,4,0,2,62,1,0,1,0,0
20,77,1,0,7,95,2,0,1,1,2,1,0,2,66,1,1,1,1,0
24,93,1,2,4,56,0,4,0,2,0,2,2,1,71,0,1,1,0,0
19,61,2,0,10,67,0,1,1,1,2,6,2,0,63,0,1,0,1,0
27,87,2,1,9,88,1,1,0,2,2,4,1,0,72,1,1,1,1,1
23,97,1,2,9,84,0,1,2,1,2,3,0,2,71,0,1,1,0,1
7,69,0,1,9,82,0,1,1,2,2,3,2,0,61,0,0,1,0,0
17,88,1,2,10,100,1,1,0,2,2,2,2,0,71,0,1,1,1,0
17,99,1,1,5,67,0,2,1,1,1,4,2,2,69,1,0,1,0,0
23,98,1,2,6,76,0,3,0,2,2,3,0,0,74,1,1,1,1,0
4,69,1,2,6,99,1,0,1,2,1,2,0,1,61,1,1,1,1,0
35,64,1,0,6,85,2,2,1,2,1,2,0,1,68,1,0,1,0,0
23,66,1,2,7,82,2,1,1,1,2,2,0,0,67,1,1,1,1,0
21,88,2,0,6,58,1,3,2,1,1,4,1,0,70,1,0,1,0,0
27,89,1,1,5,62,1,0,0,1,1,3,0,0,69,1,1,1,0,0
34,87,1,0,6,69,2,3,0,1,1,2,1,1,72,1,0,1,0,0
25,73,1,0,7,73,1,1,1,1,2,2,0,0,66,1,1,1,1,0
26,67,1,1,9,75,1,2,1,1,2,3,0,0,67,1,1,1,0,0
21,83,1,1,6,95,2,4,2,2,1,2,0,2,70,0,1,1,0,0
19,79,1,2,8,55,1,3,1,1,1,4,2,0,68,1,0,1,1,1
17,89,0,1,5,62,2,2,1,1,2,2,1,0,68,0,0,1,1,0
15,78,1,2,4,57,2,2,1,2,0,2,0,0,65,0,1,1,0,0
16,74,1,0,7,87,1,0,0,0,2,3,1,0,63,0,1,1,1,0
12,72,0,0,6,99,2,0,0,1,2,4,1,2,62,0,1,1,1,0
20,68,1,2,6,95,1,0,0,1,2,4,0,0,66,0,1,1,1,0
10,71,1,2,6,86,1,1,1,0,0,2,2,0,62,1,1,1,1,1
21,64,0,2,6,51,0,0,2,0,0,3,1,1,61,0,1,1,1,0
20,74,0,1,6,67,2,0,1,1,0,4,1,1,63,0,0,1,1,1
21,61,1,1,6,93,0,3,1,2,1,3,0,0,65,0,0,1,1,0
17,67,2,0,5,83,2,3,0,1,2,3,0,1,64,1,1,1,0,0
38,90,2,1,4,60,0,2,0,1,1,4,1,1,74,1,1,1,1,0
28,73,0,1,4,73,1,2,2,2,2,2,2,0,70,0,1,1,1,0
13,87,0,1,10,54,0,2,0,1,2,2,0,1,63,0,1,1,0,0
21,89,0,1,7,76,1,3,2,1,2,2,0,2,68,0,1,1,0,0
16,83,1,2,9,95,1,2,0,2,1,2,1,0,69,1,1,1,1,0
14,98,1,2,7,52,2,1,1,2,0,4,0,1,70,1,0,1,1,0
12,61,1,1,7,81,1,2,2,1,1,3,1,2,62,1,1,1,1,0
23,90,2,1,7,62,1,3,1,0,2,2,2,1,71,1,0,1,1,0
16,98,1,0,8,100,0,2,0,1,1,1,0,0,69,1,1,1,0,0
26,94,2,0,5,53,0,0,0,2,1,2,0,0,69,1,1,1,1,0
26,67,0,2,6,81,2,4,0,2,1,3,1,0,68,1,1,1,1,1
28,73,0,1,7,63,0,0,0,1,2,2,0,0,65,1,1,1,1,0
15,67,1,2,4,94,2,1,1,1,2,5,0,2,65,1,0,1,1,0
23,84,0,0,9,56,0,1,1,2,2,4,0,0,65,0,1,0,1,0
24,88,2,2,9,71,1,2,2,2,0,3,0,0,72,0,1,1,0,0
17,73,1,0,4,59,2,2,0,2,0,4,0,1,63,0,0,1,0,0
15,82,1,2,6,90,2,2,2,1,2,2,0,0,68,1,1,0,1,0
30,88,1,1,7,68,0,1,1,2,2,3,1,0,72,0,1,1,1,0
21,77,1,0,8,59,1,3,0,1,2,2,0,0,66,1,0,1,1,0
24,94,0,1,9,86,2,2,0,1,1,3,1,0,71,0,1,1,0,0
15,91,1,0,6,91,0,0,1,1,2,3,1,1,67,0,1,1,1,0
13,63,1,1,10,73,0,2,0,2,0,3,2,1,61,1,1,1,0,0
17,85,2,2,7,69,1,4,0,2,1,2,0,0,70,0,0,1,1,0
19,69,1,1,7,82,0,2,0,1,1,3,1,0,64,1,1,0,1,0
14,82,1,1,8,83,1,0,1,1,0,2,0,1,64,1,1,1,1,0
20,98,0,2,7,83,1,0,0,1,1,3,0,2,68,0,1,0,1,0
10,95,2,1,7,64,2,4,0,1,2,3,2,0,70,1,0,1,0,0
13,76,0,1,10,97,2,4,0,0,1,3,1,1,65,1,1,1,1,0
24,72,2,2,7,61,1,3,0,1,1,2,0,0,67,0,0,1,0,0
24,69,1,0,6,69,1,0,0,2,1,4,1,0,65,1,0,1,1,0
18,81,0,1,6,64,1,1,1,1,2,4,0,1,65,0,1,1,1,0
14,65,1,2,9,97,0,3,0,2,2,4,0,0,65,0,1,1,1,0
14,82,2,0,8,91,2,1,0,1,0,2,0,0,66,1,1,1,1,0
18,60,1,2,5,91,0,2,0,1,0,4,0,0,62,1,1,1,0,1
24,73,1,1,5,50,0,1,0,1,0,2,0,0,63,1,1,1,1,0
26,69,0,0,7,84,1,0,1,1,1,3,0,1,63,1,0,1,1,1
17,99,1,1,8,62,1,3,1,1,1,3,0,0,70,1,0,1,1,0
13,89,0,2,6,98,1,0,1,1,0,4,0,0,67,1,0,1,1,0
22,74,2,2,4,77,0,0,2,1,0,3,0,0,66,1,0,1,0,1
15,64,2,1,5,78,1,2,0,1,2,2,0,1,63,1,1,1,0,0
17,81,2,0,9,68,2,1,0,0,2,3,1,0,66,0,0,1,1,0
28,69,0,1,8,77,1,3,1,1,1,4,1,1,67,0,1,1,0,0
25,81,1,1,9,87,0,1,0,2,0,1,2,1,68,0,0,1,0,0
21,93,0,2,9,78,0,1,1,0,1,2,0,2,67,1,1,1,1,1
12,85,1,2,6,82,1,1,2,1,1,2,0,2,66,1,1,1,1,0
21,85,2,2,6,74,1,2,1,1,1,4,0,0,71,0,1,1,1,0
26,82,1,1,7,86,1,0,0,2,1,2,2,0,69,1,1,1,1,1
18,97,2,0,8,95,2,1,1,1,2,2,2,1,72,1,1,1,1,0
28,97,2,0,9,53,0,0,0,1,0,3,1,1,70,0,0,1,1,0
28,81,1,1,10,55,1,2,1,0,1,3,0,0,68,1,0,1,1,0
30,72,1,1,8,84,1,1,0,2,2,1,0,0,68,1,0,1,0,0
22,78,0,2,8,69,2,2,0,1,0,2,0,0,67,0,1,1,1,0
24,67,1,1,10,64,0,1,0,1,2,2,1,2,62,0,1,1,0,1
28,85,1,0,7,59,0,1,0,1,1,3,2,2,67,1,1,1,0,0
23,80,2,1,9,79,1,1,1,2,0,2,2,0,69,1,1,1,0,0
17,64,1,2,8,67,1,3,0,1,0,3,1,0,64,1,1,1,1,0
17,68,1,2,8,75,1,2,0,2,2,3,1,0,66,0,0,1,1,0
21,79,2,0,7,98,2,2,0,1,2,1,0,0,69,1,1,1,1,0
12,96,2,2,5,88,2,0,1,1,2,2,1,1,70,0,0,1,0,0
19,83,2,1,8,90,0,3,0,1,2,3,1,1,69,0,1,1,0,0
27,87,1,1,8,56,1,3,1,2,1,3,2,0,72,1,1,1,1,0
7,74,1,1,6,66,0,1,0,2,2,2,0,0,61,0,0,1,1,0
29,83,1,1,7,55,2,2,0,0,0,4,0,0,68,0,0,1,0,0
27,78,1,1,6,98,0,1,1,1,2,3,0,2,68,1,1,1,0,0
17,86,0,1,6,84,2,0,1,1,1,3,0,0,66,0,0,1,0,0
23,62,1,1,6,51,1,5,2,1,0,2,1,0,65,1,1,1,0,0
20,80,2,0,5,74,1,2,0,0,0,4,1,1,66,0,1,1,1,0
27,72,1,1,6,63,1,1,2,1,0,5,1,1,67,0,0,1,0,0
26,73,1,2,8,77,1,0,1,2,2,2,1,2,68,1,0,1,0,0
12,98,0,1,9,59,0,1,2,1,1,2,2,0,67,0,1,1,0,0
24,67,0,1,10,53,1,0,1,1,2,3,1,0,63,0,1,1,1,1
19,72,1,0,6,66,1,0,1,2,1,2,2,0,64,1,0,1,0,0
20,80,1,0,9,65,2,1,1,1,2,3,1,2,66,1,0,1,0,0
16,95,2,1,8,86,1,0,0,0,2,4,0,1,69,1,1,1,1,0
30,77,1,0,7,74,1,3,2,1,1,3,2,1,70,1,0,1,1,0
26,90,1,1,8,65,2,3,1,2,2,2,0,0,72,0,0,1,0,0
16,94,1,2,9,79,2,2,2,1,2,5,0,1,71,0,1,1,0,0
12,72,1,1,6,54,0,3,0,1,2,2,2,0,63,1,1,1,1,0
18,76,2,2,6,83,1,1,2,1,1,4,0,0,68,1,1,1,0,0
23,74,1,2,6,57,0,1,2,2,1,3,1,0,67,1,0,0,1,0
21,93,1,0,6,64,1,2,0,1,2,4,2,1,69,1,1,1,0,0
28,62,1,1,9,64,2,1,0,1,0,2,2,0,65,1,0,1,0,0
25,72,2,0,6,73,2,4,1,2,1,4,1,1,69,1,1,1,1,0
26,87,1,1,6,98,2,0,1,2,0,4,1,1,71,1,1,1,0,0
22,83,1,0,7,66,1,2,1,1,1,3,0,0,67,0,0,1,1,0
12,77,0,1,7,64,0,2,2,2,2,4,1,1,64,0,1,1,0,0
19,82,2,1,6,58,0,2,1,2,2,3,1,0,68,0,0,1,1,0
26,68,2,0,10,70,1,1,0,1,2,3,1,0,67,1,1,1,1,0
20,77,0,0,6,59,0,1,2,1,0,2,0,1,62,0,1,1,0,0
23,80,2,1,7,57,0,2,1,2,0,2,2,1,68,0,1,1,0,0
18,96,1,1,4,93,1,0,1,2,2,4,1,0,72,0,1,1,1,0
14,70,1,2,7,53,0,0,1,1,0,3,0,1,61,1,1,1,1,0
19,95,0,0,5,86,1,0,2,1,0,4,0,1,67,1,1,1,1,0
22,86,2,1,6,60,2,0,2,2,1,3,2,0,70,1,1,1,0,0
16,61,0,1,4,51,0,1,0,1,1,3,0,0,59,1,1,1,1,0
19,89,2,1,6,90,2,0,0,2,0,4,1,1,70,0,0,1,1,0
14,61,0,1,7,85,2,1,0,1,1,1,0,0,60,0,1,1,0,0
27,100,2,1,7,67,1,1,2,2,1,3,1,1,74,1,1,1,0,0
18,95,0,2,6,54,2,0,1,2,0,3,1,1,68,1,0,1,1,0
29,72,1,1,7,68,0,0,0,1,2,3,1,0,67,0,1,1,0,0
29,70,1,0,6,59,2,2,1,1,1,4,2,2,67,1,0,1,0,0
20,75,0,1,7,97,2,0,1,1,1,2,1,0,66,0,1,1,1,0
14,74,1,1,7,76,2,1,0,2,1,2,0,2,63,0,1,1,0,0
7,75,1,1,7,98,0,1,0,2,2,3,1,0,62,1,1,0,0,0
11,73,2,0,7,68,2,3,0,2,1,3,1,1,64,0,0,1,1,0
12,85,1,1,6,78,2,3,1,1,1,4,1,0,68,1,1,1,1,0
28,67,1,1,8,60,2,0,1,1,2,3,0,1,65,0,1,1,0,0
21,94,1,0,8,90,0,1,1,1,2,4,2,0,71,0,1,1,1,0
22,92,1,1,7,52,0,1,1,1,0,3,2,0,68,0,0,0,1,0
7,79,0,2,9,85,1,0,1,1,0,2,0,0,62,1,1,1,1,0
13,94,2,2,7,70,1,1,1,1,0,3,0,1,68,1,0,1,1,0
25,70,1,1,7,79,0,3,2,1,1,3,0,0,68,1,1,1,1,0
22,61,2,1,7,80,2,3,1,2,1,3,2,1,67,1,1,1,1,0
19,85,1,1,7,86,1,0,0,1,2,2,1,1,67,0,1,1,1,0
23,78,2,2,6,60,1,2,2,2,2,4,0,2,70,1,1,1,1,0
30,83,0,1,4,77,1,0,0,1,1,4,0,0,69,0,1,1,1,0
19,96,0,1,7,71,1,2,0,2,2,3,2,1,70,1,0,1,0,0
20,99,1,0,8,64,0,1,2,1,2,2,0,0,69,1,1,1,0,0
21,85,2,1,5,75,0,1,2,2,2,2,0,1,70,0,1,1,1,0
34,91,1,0,9,98,1,0,1,1,1,4,0,1,72,1,1,1,0,0
7,63,0,1,5,97,1,1,0,1,1,2,0,0,59,0,1,1,0,0
24,66,1,1,6,64,1,0,1,2,1,4,0,0,64,1,1,0,0,0
19,89,2,2,10,94,1,0,2,1,1,1,1,0,72,0,0,1,1,0
23,77,0,2,8,94,1,0,2,1,2,3,2,0,70,1,0,1,1,0
16,78,0,2,7,62,1,0,2,2,0,1,0,2,63,0,1,1,0,0
20,72,2,1,7,80,1,1,0,2,0,3,1,0,66,1,0,1,1,0
24,84,2,2,9,93,1,3,2,1,1,4,0,2,72,1,1,1,0,0
39,67,2,2,5,76,1,2,1,1,0,4,0,0,71,0,0,0,1,0
25,85,2,2,9,68,1,1,2,1,0,3,2,2,71,0,1,1,0,0
15,67,0,1,6,83,0,3,1,0,2,3,0,1,62,1,1,1,1,0
17,63,1,1,8,59,1,1,0,2,2,1,2,1,62,1,1,1,1,0
17,73,1,0,6,58,1,4,1,1,2,1,1,0,64,1,1,1,0,0
9,69,2,2,10,92,1,2,0,1,1,3,2,0,65,1,0,1,1,0
18,96,2,0,7,52,0,1,0,1,1,4,1,0,68,0,0,1,1,0
24,62,2,1,5,90,0,0,2,1,2,3,1,0,67,1,0,1,1,0
12,67,1,1,8,65,0,1,2,1,1,3,0,1,61,1,1,1,1,0
26,82,0,0,9,74,2,2,1,1,0,5,0,1,68,0,1,1,1,0
23,79,1,2,9,77,1,1,0,2,1,3,0,0,68,1,1,1,0,0
16,62,1,1,7,88,1,1,0,2,1,1,0,0,62,0,1,1,0,0
19,60,1,0,8,94,2,1,0,0,1,3,0,0,62,0,0,1,0,0
30,100,2,2,6,90,0,0,1,0,2,2,0,0,74,1,1,1,1,1
24,86,1,1,8,79,1,0,0,1,1,4,0,0,68,0,1,0,1,0
20,75,0,2,8,67,1,1,2,0,2,4,1,1,66,1,1,1,0,0
19,79,1,1,4,76,2,1,1,1,1,3,0,0,67,1,0,1,0,0
20,71,2,1,5,52,2,1,1,2,1,3,0,1,65,1,1,1,0,0
17,74,1,1,7,62,1,2,2,1,2,4,0,0,66,1,1,1,1,0
7,86,2,1,7,68,1,5,0,1,2,4,2,1,67,1,1,1,0,0
32,95,1,1,7,66,2,5,2,1,0,3,1,0,76,1,0,1,1,0
21,67,0,2,7,55,2,2,2,2,2,3,0,1,66,0,0,1,1,0
22,94,0,0,9,53,2,1,1,2,1,3,1,0,68,0,1,1,0,0
20,65,2,1,8,71,0,2,0,1,1,3,1,0,63,0,0,1,1,1
16,69,1,2,4,54,1,4,0,0,2,4,1,0,65,0,1,1,1,0
19,61,2,1,10,64,1,3,0,1,2,3,0,1,63,1,1,1,0,0
10,66,1,1,4,74,0,2,0,1,0,2,0,1,59,1,1,1,0,0
34,97,1,1,8,60,1,2,1,1,1,4,0,0,74,1,0,1,0,0
13,78,1,0,5,54,0,2,0,2,2,3,1,0,62,1,1,1,1,1
14,63,0,0,9,72,1,3,0,0,2,4,0,0,59,0,1,1,1,1
17,98,1,2,7,72,2,0,0,1,2,3,0,0,71,1,1,1,1,0
28,95,1,1,8,96,1,1,1,1,1,3,2,1,73,1,1,1,0,0
20,90,2,1,4,56,1,0,0,2,2,1,0,1,68,1,0,1,1,0
13,97,1,1,8,81,1,3,0,1,1,1,0,2,68,1,1,1,1,0
28,69,1,1,8,66,1,0,0,1,2,6,1,2,66,1,1,1,1,0
24,93,0,2,8,56,1,1,0,1,1,3,1,1,69,1,1,1,1,0
23,88,1,1,8,70,1,2,1,2,1,4,0,0,70,0,1,1,0,0
24,95,1,2,7,71,2,1,1,2,2,3,0,0,74,1,1,1,1,0
34,92,2,1,7,68,0,0,1,2,2,5,1,0,75,0,1,1,0,0
33,74,1,1,6,88,1,2,1,1,1,3,1,0,71,1,0,1,1,0
16,91,2,2,6,92,0,2,0,2,2,3,0,1,71,1,0,1,1,0
30,70,1,1,9,57,1,1,0,1,0,4,1,2,65,0,1,1,0,0
22,73,0,1,6,58,2,1,1,1,2,3,2,1,65,1,0,1,0,0
23,64,1,2,4,71,0,2,1,1,0,1,2,0,65,1,1,1,0,0
10,97,1,1,6,66,1,2,0,1,1,2,2,0,67,0,1,1,0,0
19,72,1,1,8,91,2,1,0,1,2,4,0,1,67,1,0,1,1,0
15,81,1,1,7,100,1,1,0,1,1,3,2,1,67,1,1,1,1,0
25,76,2,2,8,59,1,4,1,1,1,4,1,0,71,0,0,1,1,0
26,98,2,0,4,88,0,1,1,2,1,1,1,1,72,0,1,1,0,0
8,73,1,2,4,80,0,0,0,2,1,4,1,1,62,1,1,1,1,0
20,91,2,0,7,82,1,0,1,1,1,4,1,0,70,1,1,1,1,0
27,94,1,2,9,63,2,0,0,1,1,4,1,0,72,0,1,1,0,0
19,77,0,1,4,55,1,0,1,0,2,4,1,1,64,1,1,1,1,0
24,75,2,0,8,77,2,1,0,1,0,1,1,1,66,1,0,1,1,0
22,90,0,1,9,81,1,0,1,1,1,4,0,0,69,1,1,1,1,0
22,97,2,1,7,98,2,0,1,1,0,0,1,1,71,0,1,1,0,0
18,90,1,0,8,84,2,2,0,2,2,3,0,1,68,1,0,1,0,0
13,69,1,1,7,72,0,2,2,1,2,2,0,1,63,0,1,1,1,0
13,96,1,2,7,100,1,4,1,2,0,3,0,0,71,1,1,0,1,0
24,76,2,0,8,69,0,3,0,1,0,1,0,0,65,1,0,1,1,0
20,83,0,2,10,58,1,0,0,2,1,1,0,0,66,0,1,1,1,0
19,93,0,0,6,81,1,2,2,1,2,3,1,1,68,0,0,1,1,1
17,68,1,1,7,63,1,0,0,1,1,3,0,1,61,1,1,0,1,0
18,91,0,2,6,96,1,2,0,1,2,3,2,0,71,1,0,1,0,0
26,84,1,2,7,71,1,0,1,1,1,2,0,0,70,0,1,1,1,0
18,96,2,0,7,57,0,1,0,1,0,3,0,1,66,0,1,1,0,0
12,67,2,1,9,57,0,0,0,1,2,2,1,1,61,1,0,1,1,0
24,77,2,0,9,82,0,1,1,1,1,2,0,0,67,1,0,1,1,0
19,93,2,1,8,68,1,1,2,2,2,3,2,0,72,0,1,1,1,0
20,61,2,2,9,68,1,1,2,0,2,3,0,0,65,0,0,1,0,0
30,64,2,1,6,81,0,3,1,1,0,2,1,0,68,0,1,1,0,0
20,100,0,1,6,61,2,3,1,1,2,4,1,2,70,1,1,0,1,0
22,71,1,0,8,57,1,1,0,2,0,4,0,1,63,1,1,1,1,0
13,99,2,0,7,83,1,1,1,1,1,4,2,2,69,0,1,1,0,0
19,67,1,0,10,50,1,0,2,1,2,3,0,0,62,1,1,1,0,0
24,74,2,2,4,95,2,1,2,1,1,4,2,1,71,0,1,1,0,0
11,90,0,0,8,59,0,1,0,2,2,4,0,0,64,1,1,1,1,0
21,86,2,1,8,72,1,0,2,2,2,3,0,1,69,1,1,1,0,0
21,83,1,2,6,61,2,2,0,2,2,3,2,0,71,1,1,1,1,0
20,81,0,1,6,61,0,0,0,1,2,4,0,0,63,0,1,0,1,1
26,94,0,2,6,92,0,1,0,2,1,3,0,0,72,0,1,1,1,0
22,69,1,1,5,79,1,1,0,0,2,3,1,0,66,1,1,1,1,0
29,78,2,1,9,66,1,2,0,1,1,4,0,1,69,1,1,1,1,0
14,66,1,1,10,63,0,0,0,1,2,3,0,1,60,1,1,1,1,0
21,84,2,2,6,61,0,1,1,2,0,4,0,1,68,0,0,1,1,0
21,70,1,2,6,78,1,3,1,0,1,2,1,2,65,1,1,1,0,0
14,73,2,1,5,87,2,2,1,1,2,4,1,0,67,0,1,1,0,0
26,79,1,0,5,63,1,0,0,1,2,2,0,0,66,1,1,1,1,0
34,61,1,1,6,67,2,1,2,1,1,2,2,1,68,1,0,1,1,0
20,64,0,1,9,86,1,0,0,2,0,4,0,0,63,0,0,1,1,0
23,87,2,2,10,87,1,1,1,1,2,3,1,0,73,1,0,1,1,0
21,77,1,1,6,60,1,1,1,1,1,3,1,1,66,1,0,1,1,0
16,95,0,1,6,69,0,2,0,2,1,3,1,0,67,1,1,1,1,1
9,88,0,1,5,93,0,2,1,1,1,4,2,0,66,1,1,1,1,0
16,60,1,0,8,87,0,0,0,0,2,5,0,0,60,1,1,1,0,0
12,85,2,2,8,58,0,1,0,2,2,3,2,0,67,1,1,1,0,0
30,64,1,1,7,69,1,3,2,0,0,4,0,0,67,0,1,1,0,0
19,91,1,1,6,99,2,0,1,1,1,2,0,0,70,0,1,1,1,0
18,100,2,0,9,76,0,1,0,1,2,2,0,0,69,0,1,1,0,0
25,81,1,0,8,86,1,1,0,1,0,3,2,0,68,1,1,1,1,0
13,87,2,0,8,55,2,1,2,2,2,3,0,0,67,0,0,1,1,0
15,69,1,2,8,92,0,0,0,1,1,1,1,1,63,1,1,1,0,0
20,78,2,1,7,80,2,2,2,1,2,3,1,0,70,1,1,1,0,0
26,94,0,1,6,59,2,4,0,1,1,3,0,0,71,0,1,1,0,0
23,67,2,2,8,69,0,1,2,1,1,2,0,0,67,0,1,1,1,0
21,71,1,1,8,54,2,1,1,1,1,3,0,0,64,1,0,1,0,0
20,78,0,1,8,89,2,0,1,1,1,4,1,0,66,0,0,0,0,0
22,88,1,1,5,87,0,1,0,2,1,3,2,0,70,1,1,1,1,0
21,75,1,0,8,75,2,1,1,1,0,2,0,1,65,1,0,1,1,0
14,97,0,1,7,73,1,2,1,0,2,3,1,1,68,1,1,1,1,0
20,64,1,0,6,73,2,3,1,2,0,5,2,2,65,0,1,1,1,0
14,75,2,1,8,52,1,3,1,1,1,1,2,0,65,1,1,1,0,0
20,88,1,1,7,68,1,0,0,2,2,4,1,0,69,0,1,1,1,0
17,69,1,1,10,56,1,1,1,1,1,4,0,0,63,0,1,1,0,0
35,86,0,1,8,59,1,2,0,0,2,2,1,1,70,0,1,1,0,0
20,67,0,0,7,98,1,1,1,1,1,4,1,0,64,1,1,1,1,0
12,62,1,2,7,63,2,1,2,1,1,4,0,0,62,0,1,1,1,0
19,65,2,2,5,74,1,1,0,1,2,3,0,0,66,0,0,1,1,0
23,97,2,0,9,94,2,2,0,1,2,3,0,1,73,1,1,1,1,0
30,82,1,2,7,71,1,3,0,2,1,3,2,2,72,0,1,1,1,0
16,92,1,1,7,76,2,0,2,1,1,2,2,2,68,1,0,0,1,0
11,73,1,2,5,58,1,0,1,1,2,4,1,0,62,1,0,0,0,0
25,84,1,0,8,64,1,2,0,1,1,4,0,0,67,1,0,1,0,0
12,80,1,0,6,75,1,1,0,2,0,4,0,1,62,1,1,1,0,0
17,98,2,2,6,68,1,2,1,1,2,3,0,0,72,1,1,1,0,0
18,90,0,2,7,52,2,2,1,2,0,2,0,0,67,1,1,1,0,0
20,89,2,1,6,70,0,1,0,1,2,3,0,1,68,0,0,1,1,0
24,62,0,2,6,91,1,2,1,1,1,3,0,1,65,0,1,1,1,0
16,82,1,1,7,56,0,0,2,2,0,1,0,2,79,0,0,1,0,1
18,79,2,0,9,51,2,2,1,1,2,3,0,0,66,1,0,1,0,0
20,97,1,1,8,56,0,1,0,1,1,2,0,0,68,0,0,1,1,0
21,70,0,0,8,84,1,1,2,2,2,3,2,0,65,1,1,1,1,1
21,71,1,2,8,90,1,3,0,1,1,4,0,1,67,0,1,1,1,0
23,76,1,2,6,52,0,3,1,1,1,4,1,1,67,1,1,1,1,0
25,70,0,1,9,94,1,1,1,1,1,4,0,1,67,1,1,1,1,0
22,65,1,1,4,81,2,5,1,1,2,4,1,2,68,0,1,1,1,0
23,94,1,2,8,76,0,3,1,1,2,3,0,1,72,1,1,1,0,0
11,82,2,1,8,63,2,1,1,1,1,5,0,0,65,1,1,1,0,0
20,94,0,1,7,69,0,0,0,1,2,3,0,1,65,0,1,1,0,1
23,93,1,1,6,97,0,1,1,1,2,2,1,1,70,1,1,0,1,0
24,71,1,1,7,96,1,2,0,1,0,2,0,0,67,1,1,1,1,0
16,82,1,2,6,81,1,1,1,1,1,4,1,0,68,1,0,1,1,0
16,63,1,1,8,79,1,2,0,2,2,3,1,1,63,1,1,1,0,0
17,97,1,1,8,61,0,2,0,1,1,2,0,0,68,1,1,1,1,0
23,76,1,2,8,98,1,0,1,0,1,2,2,1,69,0,1,1,1,0
26,76,0,0,8,88,0,2,0,0,2,4,0,0,66,1,1,1,1,0
18,72,2,1,8,69,2,2,2,1,1,4,0,2,64,0,1,0,1,1
25,78,2,0,8,91,1,3,0,1,0,4,0,0,69,1,1,1,1,0
21,70,0,1,6,61,1,1,0,1,1,3,0,0,62,1,1,1,0,0
19,75,1,2,5,61,2,0,1,1,0,3,0,0,65,0,1,1,1,0
19,92,1,1,7,90,1,1,0,2,2,2,0,0,70,0,1,1,1,0
24,93,0,2,8,78,1,1,2,1,1,4,0,0,72,0,1,1,1,0
22,72,1,1,5,78,2,1,0,2,2,3,0,0,66,0,1,1,0,0
34,79,2,0,7,79,0,3,1,2,0,2,0,1,70,1,0,1,1,1
15,95,1,1,9,56,1,3,0,2,2,1,0,0,67,1,1,0,0,0
23,62,2,2,7,67,0,1,0,1,0,4,2,1,65,0,1,1,1,0
17,96,1,0,9,79,0,3,1,1,1,2,2,1,68,1,0,0,1,0
15,69,0,1,9,62,0,2,1,2,1,3,0,1,62,1,1,1,1,0
20,87,0,1,7,75,2,1,0,1,0,3,2,0,68,1,1,1,1,0
21,83,2,1,6,78,1,2,2,2,2,3,0,0,69,0,1,1,0,1
38,82,1,0,6,97,0,2,0,1,0,3,1,0,72,1,0,1,0,0
19,94,0,1,7,62,1,0,1,1,0,3,0,1,65,1,1,1,0,1
13,64,1,2,5,72,1,2,1,1,1,2,2,1,63,1,0,1,1,0
22,74,2,2,5,99,1,0,0,1,1,2,1,0,68,0,1,1,1,0
8,82,2,0,4,59,1,1,1,1,1,2,1,0,62,1,1,1,0,0
19,92,1,1,7,89,1,0,0,2,1,2,2,0,69,1,0,0,1,0
20,69,1,0,10,59,1,2,2,2,2,4,0,0,65,0,1,1,0,0
25,92,2,1,4,93,2,3,2,1,1,2,0,0,74,0,1,1,0,0
26,76,2,0,7,74,1,4,1,2,2,3,0,1,70,0,1,1,1,0
17,68,1,0,7,99,2,2,1,1,2,3,0,0,65,0,1,1,1,0
19,90,2,2,7,59,0,3,2,1,1,3,1,1,70,1,1,1,0,0
15,64,0,0,9,84,0,0,1,1,1,3,1,2,59,1,1,1,1,0
13,81,0,1,6,85,0,1,0,1,1,3,0,1,63,1,0,1,1,0
22,63,0,2,4,86,0,0,0,2,1,4,1,0,64,0,1,1,1,0
12,74,0,2,6,55,2,0,1,0,2,3,2,0,63,1,1,1,1,0
18,84,2,0,6,64,1,2,0,2,2,2,0,0,67,0,1,1,0,0
14,82,1,1,4,67,1,1,2,1,1,4,0,1,65,0,1,1,1,0
23,76,1,1,7,66,1,2,1,1,1,3,1,0,67,1,1,1,0,0
31,77,2,1,5,84,1,2,2,2,2,5,0,0,73,1,1,1,0,0
12,69,2,2,7,53,0,2,0,2,1,3,1,0,64,1,1,1,1,0
9,78,0,2,6,87,1,0,1,2,2,3,2,0,65,1,0,1,0,0
19,98,1,2,5,76,1,2,1,1,2,3,0,1,72,1,0,1,1,0
20,94,2,1,8,59,2,3,1,1,2,4,0,0,72,0,1,1,0,0
21,66,2,1,7,61,1,2,2,2,1,2,1,0,66,1,1,1,0,0
17,61,2,1,7,55,2,1,1,1,0,2,1,0,62,1,0,1,1,1
19,97,0,1,8,73,1,2,1,1,0,1,1,0,68,1,0,1,0,0
22,81,1,0,7,80,0,1,1,1,2,3,1,1,67,0,1,1,1,0
26,82,2,0,7,79,1,1,1,1,2,2,2,0,69,0,1,1,0,1
8,91,2,0,6,98,1,1,1,1,2,3,0,0,67,0,0,1,0,0
18,73,1,1,5,65,1,1,0,2,0,3,1,1,63,0,1,1,0,0
21,79,0,1,7,88,0,0,0,1,0,4,0,1,65,1,0,1,1,0
14,99,2,1,6,86,0,2,2,2,0,4,1,0,71,1,0,1,0,0
30,87,1,1,8,53,0,1,0,2,1,1,2,0,70,1,0,1,0,0
16,66,1,1,7,97,1,5,0,2,2,3,2,0,68,1,1,1,1,0
20,65,1,1,8,97,2,0,0,1,0,3,1,0,65,0,1,1,1,0
23,68,1,2,6,70,1,4,1,1,2,2,0,0,68,1,1,1,1,0
16,91,1,1,5,71,1,2,2,1,0,3,1,0,69,1,1,1,1,0
9,72,1,2,10,91,1,1,2,1,1,2,0,2,62,0,1,0,1,0
17,61,0,2,7,75,1,2,1,2,0,4,1,0,62,0,1,0,1,0
26,98,2,0,8,90,0,1,2,0,2,2,2,1,72,0,1,1,0,1
18,67,2,1,5,52,2,0,1,1,1,4,2,1,64,1,0,1,0,0
15,60,2,1,7,63,0,0,0,2,2,1,0,2,58,0,1,1,0,1
26,69,2,1,9,55,0,1,0,1,1,3,1,0,66,1,1,1,0,0
18,69,1,0,5,73,0,1,0,2,2,4,2,1,64,1,1,1,1,0
17,77,1,2,10,93,0,3,2,2,2,1,1,2,68,0,0,1,1,0
21,97,0,0,7,78,1,0,2,1,1,3,2,0,69,0,1,1,0,0
25,95,0,2,6,76,1,1,0,1,2,5,0,0,71,1,1,1,0,0
34,78,1,2,8,68,1,1,1,1,0,2,1,0,71,1,1,1,1,0
25,76,1,1,9,53,1,0,2,2,2,3,0,1,67,1,0,1,1,0
27,82,2,0,6,88,1,2,2,2,1,3,0,0,71,1,0,1,1,0
17,70,1,1,6,79,0,2,1,1,2,3,0,0,64,0,1,1,1,0
14,62,1,1,7,97,2,0,1,1,2,1,0,1,62,1,1,1,1,0
20,98,1,1,8,72,1,1,2,1,0,4,0,0,70,0,1,1,0,0
21,67,0,2,7,70,0,2,0,1,0,2,2,1,63,0,0,1,0,0
14,68,2,1,8,99,2,0,2,1,2,3,0,0,66,0,1,1,1,0
19,79,1,1,8,57,0,2,0,0,2,3,0,1,65,1,1,1,1,0
22,80,1,2,7,63,1,1,2,1,2,3,1,0,69,1,1,1,0,0
22,61,2,0,6,74,1,1,0,1,0,3,0,0,63,1,1,1,1,0
23,66,1,1,7,76,0,1,2,1,1,2,1,1,64,1,1,1,0,0
22,75,1,1,10,77,2,2,0,0,1,2,0,0,66,1,1,1,1,0
17,87,1,1,7,61,1,4,2,1,0,3,0,0,67,0,1,1,1,1
17,69,2,2,9,96,1,2,0,1,0,3,1,2,66,1,1,1,1,0
13,77,0,2,6,85,0,2,0,1,1,4,2,0,65,0,1,1,0,0
31,82,2,1,7,63,1,2,2,1,2,2,2,1,72,1,0,0,1,0
20,96,2,1,8,65,2,0,1,0,1,2,0,0,70,0,1,1,1,0
19,73,1,1,9,94,1,1,2,0,2,1,1,0,67,0,1,1,1,0
14,65,1,2,9,69,0,4,1,1,1,3,1,0,64,1,1,1,0,0
38,80,2,1,5,78,1,1,0,1,2,4,1,2,72,0,1,1,0,0
14,90,1,1,9,56,1,0,0,1,1,4,0,0,65,0,1,1,1,0
17,64,2,0,10,63,1,0,2,1,2,3,0,1,62,0,1,1,1,0
22,77,1,2,6,71,2,3,0,1,0,4,0,2,67,0,1,1,0,0
24,61,1,1,6,83,2,0,1,1,2,3,0,0,64,1,1,1,0,1
26,61,1,1,7,64,0,0,1,1,0,3,2,0,63,1,0,1,0,0
31,79,1,2,7,98,1,1,1,2,1,2,1,1,72,1,1,1,0,0
23,72,0,1,6,61,2,1,2,1,2,5,0,0,66,1,1,1,0,0
14,94,2,1,5,89,1,0,1,1,2,1,2,0,70,0,1,1,1,0
18,84,1,0,9,68,0,0,1,2,0,2,2,0,66,0,0,1,1,0
22,78,2,2,6,92,0,1,2,2,2,3,0,1,70,1,1,1,0,0
32,76,0,0,6,96,0,0,0,2,1,2,0,1,67,0,1,1,1,0
12,80,1,1,7,59,2,1,0,2,2,2,0,0,64,0,1,1,1,0
27,62,2,1,5,75,1,2,1,2,2,2,0,0,67,1,1,1,0,0
21,96,2,2,5,58,1,0,2,2,1,4,1,2,72,1,1,1,1,0
25,100,2,0,6,85,0,1,1,1,2,3,0,0,72,1,1,1,0,0
19,67,2,1,8,92,0,2,2,1,1,5,2,1,68,0,1,1,1,0
15,65,1,1,7,69,1,1,2,1,1,3,2,0,64,0,1,1,1,0
25,66,2,1,4,70,1,1,2,1,2,3,0,1,66,1,1,0,1,0
24,86,0,2,9,60,1,0,0,2,2,3,1,2,68,1,0,1,0,0
26,86,0,0,8,65,0,0,0,2,1,4,0,0,66,0,1,1,0,0
20,94,0,2,7,66,2,1,0,2,2,1,0,0,70,0,0,1,1,0
16,90,2,2,7,58,2,1,0,1,1,4,2,0,70,0,1,1,1,0
11,78,0,2,8,65,1,0,1,1,1,2,0,0,62,0,0,1,1,0
25,85,0,1,10,95,1,0,1,0,2,1,1,0,69,1,1,1,1,0
23,88,1,1,8,66,0,2,1,2,2,2,1,1,69,1,0,1,1,0
14,81,1,1,7,64,1,2,1,1,2,4,1,0,66,1,1,1,1,1
17,79,2,2,5,69,1,4,0,1,0,3,2,0,68,0,1,1,0,0
17,86,1,2,7,98,1,2,0,2,2,5,2,1,71,1,1,1,0,0
11,82,1,1,8,88,1,1,0,1,0,2,2,1,64,0,0,0,1,0
15,86,0,2,7,60,1,2,1,1,2,3,1,0,67,1,1,1,0,0
13,85,1,2,6,88,1,2,1,2,2,3,0,1,68,0,1,1,1,0
18,89,0,2,8,88,0,0,2,1,0,1,0,1,67,1,1,1,1,0
16,86,1,1,6,98,2,1,0,1,1,3,2,0,68,1,1,1,0,0
10,81,1,2,8,95,1,5,0,2,2,3,0,0,69,0,1,1,1,0
32,87,1,2,6,55,1,0,0,2,1,3,0,0,71,1,1,1,1,0
28,78,2,0,4,73,0,3,0,1,2,4,0,1,68,0,0,0,1,0
15,70,2,2,6,85,2,0,0,1,2,2,1,1,65,1,0,1,0,0
22,60,0,1,7,99,1,1,0,2,1,3,1,1,63,1,1,1,0,0
23,82,0,1,8,54,1,0,1,2,0,1,0,0,65,0,1,1,1,0
27,84,2,2,8,68,0,3,0,2,2,2,2,0,72,0,0,1,0,1
15,99,0,1,5,75,0,2,1,0,1,1,1,1,67,1,1,1,1,0
27,74,1,2,7,71,1,1,1,1,2,3,0,0,69,0,1,1,0,0
17,76,1,1,6,73,1,3,0,2,1,3,2,0,67,1,0,1,0,0
12,68,2,1,6,68,0,2,1,1,2,4,1,0,64,1,1,1,1,0
24,63,1,0,6,99,0,0,0,1,2,3,0,1,62,0,1,0,0,0
28,91,0,1,7,90,1,2,2,0,1,3,0,0,71,1,0,1,0,0
36,70,0,2,10,87,1,2,0,1,2,3,0,0,70,1,1,1,0,0
13,84,0,1,10,71,0,1,1,2,1,3,1,1,64,1,1,1,0,0
24,88,1,1,6,94,1,0,0,1,0,2,2,1,69,1,0,1,1,0
18,79,1,1,7,55,1,1,0,2,2,3,0,1,65,0,1,1,1,0
25,95,2,2,7,57,1,2,2,1,0,2,1,1,73,0,0,1,1,0
11,78,1,0,7,98,0,2,1,1,1,3,0,0,64,0,1,1,1,0
12,71,1,2,8,78,0,2,1,1,0,2,2,0,64,0,1,1,1,0
15,96,1,1,7,58,1,3,1,1,1,4,2,1,70,1,1,1,1,0
20,94,0,0,6,97,0,2,1,1,2,5,1,0,70,1,1,1,1,0
16,67,2,2,9,99,1,2,1,1,1,2,0,1,64,1,1,1,0,1
24,61,0,1,5,94,1,3,1,2,1,2,1,1,64,0,0,1,0,1
26,64,1,1,7,62,2,3,1,2,0,2,0,0,66,1,0,1,1,0
24,71,0,2,5,64,1,1,1,1,1,3,1,0,66,1,1,1,1,0
30,99,1,1,5,70,0,2,1,1,1,4,0,0,74,0,1,1,1,0
22,82,2,2,8,79,1,2,1,1,0,1,1,0,69,0,1,0,0,0
13,75,0,2,6,100,2,1,1,1,2,3,2,0,67,1,1,1,1,0
28,96,1,1,4,98,2,5,0,1,1,5,0,2,73,1,1,1,0,1
16,78,0,1,6,96,2,0,1,1,2,1,2,0,66,0,1,1,0,0
25,73,2,1,6,54,2,2,1,1,1,4,0,1,67,0,1,1,0,0
29,98,1,2,5,88,0,3,0,1,1,2,1,0,75,1,1,1,1,0
23,94,1,2,8,94,0,2,1,2,2,2,0,0,73,1,1,1,1,0
11,94,1,1,5,67,1,2,2,1,1,5,0,0,67,0,1,1,0,0
14,80,2,0,6,61,1,0,1,2,1,4,1,1,65,0,1,1,1,0
28,92,1,1,7,87,0,1,0,0,2,1,0,0,71,0,1,1,1,0
19,67,1,1,6,55,0,1,1,1,1,4,0,0,63,1,1,1,1,0
20,83,1,0,6,97,2,2,0,2,1,4,0,1,68,0,1,1,1,0
25,99,1,2,6,58,2,0,1,1,2,4,0,0,72,1,0,1,0,0
24,72,0,2,5,73,0,2,1,2,2,2,0,0,67,1,1,1,1,0
22,92,1,2,6,99,0,1,1,1,0,4,1,0,71,0,1,1,0,0
19,80,0,0,8,99,2,1,0,1,2,4,2,0,67,1,1,1,0,0
18,62,1,2,6,89,1,0,2,2,2,3,2,0,66,0,0,1,1,0
25,91,1,2,7,92,1,3,0,1,0,5,0,0,72,1,1,1,0,0
23,67,0,0,9,98,1,2,0,2,0,0,1,0,64,0,1,1,0,0
18,85,1,1,8,96,1,0,2,2,0,3,1,1,68,1,1,1,0,0
26,63,2,2,5,81,1,0,0,1,0,2,0,1,65,0,1,1,0,0
19,98,1,2,8,87,2,1,1,1,2,4,2,1,74,1,0,1,1,0
15,72,1,0,9,80,1,4,1,2,1,4,1,1,65,0,0,1,1,0
15,69,2,0,6,75,1,2,0,2,2,2,0,0,63,0,1,0,1,0
14,65,1,1,5,94,1,5,0,1,0,3,2,1,65,1,0,1,1,0
18,98,0,2,6,87,1,0,1,1,1,1,0,0,70,1,1,1,1,0
27,88,1,2,7,93,1,0,0,1,1,4,0,1,71,1,1,1,1,0
15,90,1,1,8,55,1,1,0,1,1,1,1,0,66,0,1,1,1,0
21,80,1,1,6,79,0,2,1,2,2,3,1,0,69,1,1,1,1,0
16,79,1,2,4,66,2,2,1,1,1,2,1,1,67,1,1,1,1,0
18,64,1,2,5,76,0,1,0,1,2,4,0,1,64,1,1,1,1,0
11,82,2,2,8,81,2,2,0,2,2,2,0,1,67,0,1,1,0,0
19,70,1,2,10,92,1,1,0,2,2,4,0,0,67,1,1,1,1,0
19,99,2,1,7,52,1,1,1,1,1,4,0,0,70,1,1,1,0,0
23,92,2,2,9,58,1,2,0,1,1,1,2,0,71,0,0,1,0,0
21,77,1,0,5,96,2,2,0,2,1,5,0,0,68,0,0,1,1,0
13,66,2,2,6,98,0,1,2,2,2,2,0,0,65,1,1,1,0,0
27,91,1,1,4,53,1,1,0,1,2,3,2,0,70,0,0,1,0,0
21,65,1,2,8,67,0,1,0,1,2,4,0,0,64,0,1,0,1,0
21,68,2,2,6,50,2,3,1,0,1,4,0,0,67,1,0,1,1,0
20,68,0,0,8,88,1,5,0,0,1,3,0,1,63,1,0,1,0,0
17,82,1,0,6,84,2,2,0,0,0,3,0,1,65,0,1,1,1,0
21,91,1,1,10,78,2,2,0,2,0,2,0,0,70,1,1,1,1,0
23,73,1,2,10,85,1,1,0,1,1,3,1,0,67,1,1,1,0,0
10,63,1,2,4,77,0,3,0,1,1,3,0,0,60,1,0,0,0,0
17,79,0,2,8,62,0,1,0,1,1,3,0,0,64,0,1,1,0,0
18,90,0,1,6,88,0,1,1,1,0,1,0,1,65,0,0,1,0,0
22,69,1,1,8,89,0,0,0,2,2,5,0,1,64,0,1,0,0,0
27,69,1,0,5,93,1,1,1,1,2,4,1,1,67,1,1,1,1,0
15,98,1,1,9,98,2,0,1,1,2,3,0,0,71,0,0,1,1,0
17,98,1,1,9,87,0,0,2,1,2,3,0,1,69,0,0,1,0,0
17,100,1,2,5,53,0,1,1,2,2,4,0,0,70,1,1,1,1,0
15,92,1,1,7,51,1,1,2,2,2,3,1,0,69,0,1,1,1,0
18,68,2,2,7,87,2,3,1,1,2,4,0,0,69,1,1,1,1,0
25,68,0,1,8,53,0,2,1,1,1,3,1,1,64,0,1,1,1,0
14,74,0,1,7,66,1,0,1,2,0,3,2,0,63,1,0,1,1,0
23,73,2,1,8,57,1,3,1,1,2,2,1,0,67,1,1,1,0,0
10,98,1,1,7,98,0,0,1,1,1,3,1,1,66,0,1,0,0,0
17,92,1,2,8,66,1,2,0,1,2,3,0,0,69,0,1,1,1,0
18,89,1,1,5,53,1,5,0,2,1,4,1,0,69,1,0,1,0,0
30,67,1,1,7,97,2,2,2,1,1,3,0,0,69,1,1,1,0,1
18,96,1,2,9,80,2,1,0,1,2,3,1,0,72,1,1,1,1,0
7,93,2,2,9,52,2,1,1,0,0,3,0,1,65,0,0,1,1,0
8,67,1,1,7,92,1,0,2,2,2,2,1,0,63,1,0,1,1,0
20,95,1,1,7,58,0,1,0,2,1,4,1,0,69,1,1,1,0,0
24,71,2,1,9,90,0,3,1,2,1,3,1,0,69,1,0,1,1,0
22,63,1,0,7,80,1,2,2,2,0,2,1,1,64,0,0,1,1,0
21,86,1,0,9,59,2,2,1,2,2,3,1,0,69,1,0,1,1,0
27,86,1,2,7,88,1,1,1,1,1,3,2,1,72,1,0,1,0,0
17,64,1,0,7,73,2,1,0,1,1,4,1,0,62,1,1,1,0,0
25,73,2,1,5,82,0,1,1,1,2,3,0,0,66,1,0,0,1,1
10,100,0,1,5,93,0,2,1,0,1,1,0,2,65,0,1,1,0,0
15,87,2,2,8,63,1,0,2,1,1,3,1,0,69,0,1,1,1,0
9,89,1,0,10,68,2,1,2,2,0,3,0,0,65,0,1,1,0,0
18,69,2,1,7,100,1,3,1,2,0,2,0,0,67,1,1,1,1,0
20,63,0,1,7,75,0,2,1,2,1,2,0,0,63,0,1,1,1,0
21,71,2,1,9,78,0,2,1,1,1,4,0,0,66,1,1,1,0,0
20,70,0,1,8,64,0,0,0,0,2,3,0,2,61,1,0,1,0,0
14,69,2,1,4,71,1,1,1,1,2,4,0,0,64,0,1,1,1,0
19,68,1,0,8,75,0,1,1,1,1,4,2,0,64,1,0,1,1,0
11,83,1,1,5,63,1,2,0,1,1,3,1,0,65,1,1,1,1,0
28,73,1,0,7,62,1,3,2,1,1,3,2,1,68,0,1,1,0,0
18,93,0,2,6,80,1,1,1,1,0,3,0,0,69,1,0,1,1,0
17,67,1,1,6,59,1,0,1,1,0,3,0,0,61,0,1,1,0,0
30,79,1,2,7,78,1,3,2,2,2,2,2,1,72,0,0,0,0,0
13,61,1,0,8,85,1,4,0,1,1,3,1,1,61,1,0,1,1,0
13,79,2,2,7,60,1,1,0,2,1,4,1,1,66,1,0,1,0,0
13,62,0,1,9,87,1,1,0,1,0,1,1,1,60,1,1,1,1,0
20,99,1,0,9,68,0,1,0,2,2,3,2,2,69,1,1,1,0,0
23,92,1,2,9,100,1,1,2,2,1,2,1,0,72,1,1,1,0,1
24,80,1,2,7,99,0,2,1,1,0,2,0,1,69,0,1,1,1,0
35,63,2,2,6,90,0,0,1,1,2,3,1,0,71,1,1,1,1,0
7,84,1,2,7,67,1,1,1,1,1,3,1,0,64,1,0,1,0,0
24,90,0,0,9,97,2,3,0,1,2,4,0,0,71,1,1,1,1,0
17,68,0,1,9,100,2,1,1,2,0,3,0,1,64,1,1,1,1,0
16,83,1,1,4,73,2,3,0,0,0,3,1,0,67,0,1,1,1,0
16,93,1,0,7,81,1,2,0,1,0,3,2,1,67,1,0,1,1,1
15,91,0,2,4,50,2,1,1,1,1,3,0,1,66,0,1,1,1,0
30,92,0,1,7,52,1,3,2,1,2,4,1,0,73,1,0,1,1,0
25,95,1,2,6,75,1,1,1,1,2,4,0,1,73,1,0,1,1,0
20,98,1,1,6,80,1,0,1,1,2,2,1,1,70,1,1,1,0,0
28,76,0,1,8,66,1,5,2,0,2,4,1,1,70,1,1,1,1,0
11,83,1,0,6,55,0,0,0,1,2,4,2,0,62,0,1,1,1,1
12,92,2,0,7,89,1,1,1,2,1,2,2,1,68,1,0,1,1,0
7,88,2,2,6,71,1,0,0,1,2,3,0,1,65,0,1,1,1,0
16,100,2,2,7,82,1,2,2,1,2,2,0,0,73,1,1,1,1,0
21,61,2,1,8,83,2,1,0,1,1,3,1,0,65,0,0,0,1,0
21,74,1,2,6,77,2,0,1,1,1,3,1,0,66,1,1,0,1,0
21,71,0,1,8,59,1,3,0,1,1,3,1,1,64,1,1,1,1,0
12,70,1,2,7,81,2,0,0,1,2,3,0,0,63,1,1,1,0,0
25,69,1,1,7,66,1,0,0,0,1,3,1,0,62,1,1,0,0,1
21,88,2,1,6,91,0,0,0,1,1,4,2,1,70,0,0,1,1,0
24,63,1,1,8,60,1,3,2,1,1,3,0,0,65,1,1,1,0,0
9,90,1,1,8,65,1,0,1,1,1,5,0,2,64,1,0,1,1,0
22,88,1,1,7,72,0,4,2,1,0,2,2,0,70,1,1,1,0,0
13,70,1,1,7,87,1,1,0,0,1,5,0,0,62,1,1,1,0,0
18,70,1,1,8,86,1,5,2,1,2,2,0,0,67,0,1,1,0,0
23,85,1,0,8,67,0,1,1,1,1,3,2,2,66,0,0,1,0,0
21,90,2,2,7,76,2,2,2,2,2,3,1,1,74,0,1,1,1,0
15,95,1,2,9,62,1,2,1,1,2,3,0,2,69,1,1,1,1,0
20,94,1,2,8,89,0,0,1,1,2,4,0,1,70,0,1,1,1,1
11,99,1,1,10,60,1,1,2,1,2,1,1,0,68,0,1,1,0,0
27,83,1,0,5,91,1,3,0,1,1,2,2,0,70,1,1,1,0,0
19,96,1,1,8,97,1,3,1,1,0,2,0,0,71,1,1,1,1,0
27,92,1,0,9,100,2,2,1,2,2,0,2,1,73,0,1,1,1,0
17,96,1,1,9,93,0,3,1,1,1,2,0,2,69,1,0,1,0,0
17,60,0,0,7,61,1,1,0,1,2,4,2,0,61,0,1,1,1,0
15,99,1,1,5,71,1,0,1,1,1,2,1,1,68,1,1,1,1,0
25,79,1,0,9,54,1,1,0,1,2,2,2,2,66,1,0,1,1,0
16,92,2,0,6,58,0,0,2,1,2,4,0,0,67,0,0,1,1,0
24,65,0,2,7,52,1,1,2,1,1,1,2,1,64,0,1,1,1,0
18,76,0,2,10,82,2,1,1,1,0,4,1,0,67,1,0,1,1,0
8,71,2,1,5,77,1,0,2,1,1,4,0,1,61,0,1,0,1,0
17,72,0,1,8,96,2,2,0,2,1,3,0,0,65,1,1,1,0,0
13,65,0,2,6,73,1,0,0,1,2,3,2,0,62,0,0,1,1,0
20,92,0,2,6,82,1,0,1,1,1,5,0,0,69,0,1,1,0,0
13,60,2,2,7,70,1,1,1,1,0,3,1,2,61,0,1,1,0,0
26,73,2,1,8,91,1,4,0,0,1,5,0,1,69,1,1,1,0,0
19,67,1,0,8,96,2,1,2,0,2,3,1,0,64,1,1,0,0,0
19,84,1,0,9,72,2,1,0,1,2,3,0,2,65,0,1,1,0,0
24,70,1,2,6,54,0,1,2,1,1,1,0,1,64,0,1,1,0,0
26,70,2,2,5,58,1,1,0,0,2,3,2,1,68,1,0,1,1,0
20,80,0,1,6,86,2,1,0,1,2,3,0,0,67,0,0,1,1,0
15,86,2,1,8,66,0,0,1,2,2,5,1,0,68,1,0,1,1,0
9,65,0,1,7,89,1,2,0,1,2,4,0,1,61,1,1,1,1,0
16,67,1,2,4,87,2,5,2,2,2,4,1,0,69,1,1,1,1,0
16,70,0,2,4,85,2,0,1,1,1,3,0,0,64,1,0,1,1,0
21,99,2,1,7,91,1,3,1,1,2,4,1,0,74,1,1,0,1,0
18,76,1,1,8,88,0,1,1,1,1,4,1,0,66,0,1,1,0,0
24,84,1,1,6,82,1,1,1,1,0,2,0,0,68,1,1,1,0,0
16,70,1,2,8,50,2,3,2,1,1,3,2,2,65,1,0,1,1,0
20,80,1,2,5,76,1,0,0,1,0,3,1,0,66,0,0,0,1,0
27,63,2,0,7,80,1,2,1,2,2,2,0,0,66,0,1,0,0,0
22,61,1,0,7,98,2,3,2,0,1,2,1,0,65,0,0,1,0,0
20,79,1,1,8,83,1,3,0,1,1,4,1,1,67,1,0,1,0,0
16,76,0,1,5,79,1,0,0,2,2,4,2,1,65,0,1,1,1,0
16,65,1,1,5,77,1,1,2,2,2,3,0,1,63,1,1,1,0,0
15,88,2,1,8,55,1,1,2,2,1,2,0,0,67,1,0,1,0,0
17,100,1,2,5,71,0,2,0,1,1,4,0,0,70,1,1,1,1,0
25,76,2,2,6,57,0,0,1,1,2,3,2,1,68,1,1,0,1,0
19,85,1,1,9,53,2,1,1,1,1,3,1,2,66,1,1,1,1,0
12,99,1,1,7,66,0,3,1,0,0,1,2,1,67,0,0,1,1,0
31,93,1,0,8,82,0,2,2,2,1,1,0,0,72,1,0,1,0,0
22,79,2,2,8,93,1,0,1,1,0,2,0,0,68,0,0,1,1,1
12,89,1,2,8,91,1,1,0,2,1,2,0,0,66,1,1,0,0,0
17,65,1,1,7,65,1,0,2,1,1,4,0,1,62,1,0,1,0,0
21,80,2,0,6,52,1,1,0,1,0,4,0,0,65,1,1,1,1,0
30,71,2,0,10,70,0,3,1,1,1,4,0,0,67,0,1,1,0,1
13,66,1,1,7,66,0,3,1,1,0,2,1,0,62,0,1,1,1,0
26,77,1,0,7,69,0,1,2,1,1,3,0,0,66,0,1,1,1,1
28,65,1,1,8,78,2,1,2,1,2,3,1,0,67,0,0,0,0,0
16,88,1,1,6,52,1,2,2,2,2,3,0,0,68,0,1,1,1,0
18,78,1,1,6,69,1,1,1,1,0,4,2,1,66,0,1,1,1,0
14,81,2,2,9,78,1,0,1,1,2,4,1,0,68,0,0,1,0,0
19,66,0,1,6,72,1,2,0,1,0,5,0,0,62,1,1,1,0,0
20,66,1,2,8,83,1,1,0,1,1,2,1,0,64,1,1,1,0,1
24,83,2,0,8,59,1,1,0,1,2,3,0,0,68,1,1,1,0,0
27,99,0,0,7,58,0,2,1,1,2,2,2,1,71,1,0,1,1,0
16,64,1,1,7,65,1,2,1,2,1,4,0,0,63,1,1,1,0,0
8,71,2,1,8,55,2,1,0,2,2,2,1,1,62,1,1,1,0,0
20,95,2,0,7,62,0,1,0,0,2,3,1,0,69,1,0,1,1,0
22,63,1,1,4,54,1,0,1,1,2,3,0,1,62,1,0,1,1,0
21,95,0,1,9,70,1,3,2,1,2,3,0,0,71,0,1,1,1,0
18,81,0,2,6,86,1,3,0,1,2,4,1,0,69,1,1,1,1,0
21,76,1,1,7,64,0,1,1,2,2,2,0,1,66,1,0,1,1,0
29,72,0,1,5,50,0,0,0,1,1,4,0,0,64,0,1,1,0,0
22,72,0,2,6,78,0,1,0,2,1,3,2,0,65,1,1,0,0,0
18,72,2,2,6,85,2,1,2,2,2,1,0,1,68,1,0,1,0,0
17,95,2,1,7,70,2,1,0,1,1,3,0,0,69,1,1,1,0,0
19,89,2,1,6,65,0,2,0,1,1,3,2,0,68,1,1,1,1,1
30,87,0,1,10,75,0,3,0,0,1,4,1,0,71,1,1,1,1,0
19,92,0,1,7,55,1,1,1,1,1,5,0,2,66,1,1,1,0,0
20,70,2,0,8,82,1,2,0,2,2,3,0,1,65,1,0,1,0,0
17,85,2,1,7,87,1,1,0,1,1,1,0,0,68,0,0,1,1,0
27,78,2,2,8,85,1,0,2,1,2,3,1,0,72,1,1,1,0,0
32,91,2,1,4,66,1,3,0,2,1,2,2,0,75,0,1,1,1,0
23,72,2,0,6,92,0,2,2,1,0,3,1,0,67,1,1,1,1,0
20,86,1,1,6,97,0,1,0,1,1,2,0,1,67,1,0,1,0,0
20,95,1,1,6,65,2,2,0,1,1,3,1,0,70,0,1,1,0,0
6,76,1,1,8,63,1,5,1,1,1,3,1,0,64,1,1,1,1,0
24,63,1,1,8,85,2,1,0,1,2,3,0,2,65,0,0,1,1,0
21,81,1,1,7,85,1,1,0,2,0,3,2,1,68,1,1,1,1,0
23,74,2,2,7,76,1,1,1,0,1,2,1,1,67,0,1,1,0,0
16,87,0,1,10,96,1,1,0,2,2,1,1,1,66,1,1,0,1,0
18,98,2,1,7,57,0,0,2,1,1,1,2,1,69,1,0,1,0,0
18,79,0,2,4,74,0,2,0,1,0,1,0,0,64,0,1,1,0,0
26,79,1,2,8,52,2,1,1,1,0,3,2,0,68,0,1,1,1,1
18,86,2,1,8,53,0,5,0,2,0,3,0,0,68,1,0,1,0,0
32,64,0,2,9,53,0,1,0,1,2,3,1,0,65,0,0,0,1,0
23,70,1,1,8,75,1,0,2,1,2,2,0,1,65,1,1,1,1,0
12,97,0,1,6,79,1,1,1,1,0,2,0,0,65,1,1,0,1,0
19,87,2,1,8,50,0,0,2,2,1,2,0,0,67,0,1,1,0,0
16,61,2,1,7,82,1,2,0,1,0,3,0,0,63,0,1,1,1,0
7,68,2,1,9,74,1,1,0,2,2,3,0,0,62,0,1,1,0,0
30,87,2,1,9,61,2,2,1,2,1,4,0,1,73,1,0,1,1,0
24,91,2,2,7,51,2,2,1,1,1,3,0,1,72,1,1,1,1,0
23,94,0,1,8,58,2,5,0,0,1,6,0,0,71,0,1,1,0,0
21,72,1,1,9,80,2,3,0,1,1,4,0,0,67,1,1,1,0,0
12,97,1,0,7,83,1,0,0,1,1,2,1,1,66,1,1,1,1,0
17,82,1,2,10,82,2,1,1,1,2,2,0,1,68,1,0,1,1,0
25,88,2,2,9,58,0,0,0,1,0,4,2,0,70,1,1,1,1,0
14,84,1,1,6,96,1,2,0,1,1,2,2,2,66,1,0,0,1,0
5,65,0,2,7,71,1,0,0,1,0,2,1,2,56,1,0,1,0,0
19,99,1,2,8,88,2,1,0,2,2,3,0,2,71,0,1,0,1,0
19,65,0,2,10,58,1,2,1,2,2,3,2,1,64,0,0,1,0,0
21,70,1,1,8,74,0,2,1,1,2,3,2,2,65,1,1,1,0,0
24,93,1,1,7,76,2,2,0,1,1,1,0,0,70,1,1,1,1,1
24,85,2,0,9,89,1,1,0,1,2,2,2,1,70,1,1,1,1,0
22,94,0,2,7,81,1,2,1,2,1,4,0,2,71,1,1,1,1,0
27,81,2,2,6,70,1,0,0,1,2,5,0,2,70,0,1,1,1,0
11,75,0,2,8,64,1,3,0,1,1,3,1,1,62,0,1,1,0,1
23,97,1,1,6,99,0,1,0,1,2,3,0,0,72,0,0,1,1,0
24,61,1,1,10,64,0,0,0,1,2,3,0,0,62,0,0,1,0,0
13,94,0,1,7,56,2,2,0,2,1,4,1,0,67,1,1,1,1,0
11,69,0,1,8,65,0,0,0,1,0,2,1,1,58,1,1,1,1,0
16,94,0,1,6,66,1,3,1,2,0,4,1,0,69,0,1,1,1,0
16,66,1,0,9,56,1,0,0,2,2,4,1,0,60,0,0,1,0,1
25,83,2,2,7,85,2,2,0,1,0,4,1,0,72,1,1,1,1,0
16,96,1,1,7,81,1,0,0,0,0,3,0,1,66,1,1,1,0,0
15,79,1,2,7,66,1,2,0,1,2,3,1,2,66,0,1,1,1,0
16,90,1,2,5,100,0,1,2,1,0,4,0,1,69,1,0,1,1,0
27,92,0,1,7,83,0,2,0,1,2,4,1,1,70,0,1,1,1,1
20,89,0,1,8,85,1,2,1,2,2,1,2,0,70,0,1,1,1,0
19,97,2,2,5,78,0,0,1,0,0,3,1,1,70,1,0,1,0,0
19,78,0,2,9,78,1,2,0,2,0,2,1,0,67,0,1,1,1,0
28,67,2,1,7,51,1,2,1,1,1,3,0,0,67,0,1,1,1,0
16,62,0,0,7,89,2,0,1,1,1,3,0,2,59,0,1,1,0,0
28,70,1,1,4,96,0,1,1,1,2,2,0,1,67,1,0,1,1,0
21,66,2,1,7,56,1,1,0,1,1,4,2,1,65,1,0,1,1,0
19,82,1,1,5,90,1,1,2,1,0,3,1,0,68,1,1,1,0,0
35,67,2,2,6,77,0,1,0,1,2,3,1,0,71,1,1,1,1,0
14,62,1,1,5,64,1,2,0,1,1,3,1,0,61,1,1,1,0,0
18,61,1,1,6,96,1,0,1,1,0,3,0,0,63,1,1,1,1,0
13,93,1,2,7,51,0,1,0,2,1,3,0,0,67,0,0,1,1,0
26,84,2,1,7,64,1,1,1,2,1,4,1,0,69,1,1,0,0,0
30,74,1,2,8,94,0,0,1,1,2,3,0,0,70,1,1,1,0,0
30,96,1,0,4,74,2,0,0,0,0,3,0,1,69,1,1,0,1,0
27,63,2,1,7,80,1,1,0,2,1,4,0,2,66,0,1,1,1,0
19,99,1,0,7,87,0,1,1,1,2,4,0,1,70,0,1,1,1,0
18,85,1,1,6,57,0,2,1,2,1,2,2,1,67,1,1,1,1,0
10,67,2,2,6,61,1,0,0,2,1,2,0,0,61,0,0,1,0,0
32,87,1,2,9,100,1,2,1,0,1,2,2,1,74,1,0,1,1,0
23,91,1,2,10,62,0,1,1,2,0,3,1,0,70,1,0,1,1,0
17,77,2,1,4,77,0,0,1,1,2,4,0,0,66,0,0,1,1,0
28,94,1,2,6,65,2,1,0,2,2,1,0,0,73,0,1,1,1,0
14,66,1,1,5,93,1,1,1,1,0,2,0,0,62,1,0,1,1,0
22,71,1,0,7,98,0,2,0,2,1,2,0,1,65,0,1,1,1,0
19,64,2,1,9,57,0,0,1,2,1,3,0,0,62,0,0,1,0,0
24,68,0,1,8,80,1,1,0,0,2,4,2,1,64,1,1,0,1,0
20,70,1,1,7,91,1,1,0,1,0,2,0,2,63,1,1,1,1,0
11,97,1,1,7,91,1,1,1,1,2,4,0,0,69,1,1,1,0,0
20,63,1,1,7,72,0,3,0,2,0,5,2,0,63,1,1,1,0,1
26,77,1,1,8,61,1,1,0,1,1,4,1,1,67,1,1,1,1,0
20,81,1,0,8,69,1,1,1,1,1,2,0,0,65,0,0,1,0,0
25,96,1,2,8,88,1,0,0,1,1,1,0,0,71,1,0,1,0,0
14,100,1,1,4,100,1,3,0,1,1,3,2,1,71,0,1,1,1,0
20,90,1,1,7,78,2,0,1,2,2,4,2,2,69,1,1,1,0,1
16,99,1,2,7,60,1,2,0,2,1,3,2,1,71,1,0,1,1,0
24,91,0,1,8,52,1,1,0,1,1,5,0,0,68,1,1,1,1,0
20,99,0,1,7,97,1,2,0,1,1,0,0,0,70,1,1,1,1,0
24,88,1,2,8,74,1,0,0,2,1,3,2,0,71,1,0,1,1,0
27,63,1,1,6,86,1,1,1,1,2,4,2,0,68,0,1,1,1,0
24,76,0,2,8,83,1,1,2,1,2,4,0,0,69,0,0,1,0,0
22,86,1,1,9,95,1,4,1,0,2,2,1,0,71,1,0,1,1,0
14,74,2,1,5,63,0,2,0,2,2,3,1,2,63,0,0,0,0,0
20,71,0,1,5,72,1,4,1,1,2,4,2,1,66,1,1,1,0,0
17,83,1,1,8,96,1,1,0,1,2,3,1,1,67,1,1,1,0,0
18,97,2,0,7,79,1,3,2,1,2,3,0,2,71,1,0,1,1,0
18,61,0,0,9,54,1,0,1,1,1,2,1,0,59,0,1,1,0,0
14,91,2,1,7,60,1,0,2,1,1,2,0,0,67,1,1,1,1,0
8,89,2,2,8,62,1,2,1,1,2,4,0,1,66,1,1,1,0,1
16,99,0,2,6,100,2,1,2,2,2,3,0,2,72,0,1,1,1,0
21,97,2,2,8,61,0,0,0,2,1,3,2,0,70,0,1,1,0,1
12,90,1,1,8,93,0,3,2,1,1,3,0,0,68,0,1,1,1,0
20,81,0,1,6,54,0,0,0,0,2,2,1,1,63,0,1,1,0,0
31,68,1,1,9,59,1,3,2,2,1,2,2,0,69,0,1,1,0,0
26,82,0,1,4,94,0,0,0,0,2,3,0,0,67,1,0,1,0,0
30,91,1,2,7,95,0,1,1,2,2,3,1,0,75,0,1,1,1,0
22,96,0,0,5,59,1,0,1,2,2,2,0,2,67,0,0,1,1,0
27,92,2,2,5,61,1,0,1,2,2,3,2,0,74,1,0,1,1,0
16,68,1,2,8,77,1,1,1,2,2,4,2,1,66,1,1,1,1,0
16,84,1,2,5,53,1,2,0,1,1,1,0,0,65,1,1,0,1,0
4,73,0,1,5,97,2,1,0,2,0,1,0,0,60,1,1,1,1,0
27,60,1,2,8,68,2,1,1,1,0,4,0,2,63,0,0,1,0,1
29,68,0,2,5,74,0,3,2,2,1,2,2,0,69,1,1,1,1,1
17,65,2,2,9,55,1,1,1,1,2,2,0,0,64,1,1,1,0,0
18,94,0,1,8,52,1,1,1,1,2,4,1,0,68,0,0,1,1,0
15,70,1,1,6,73,0,2,1,0,2,4,0,1,63,1,1,1,0,0
22,71,1,1,8,56,0,0,1,2,1,2,2,0,65,1,1,1,1,0
27,98,1,2,4,82,1,0,2,1,2,3,0,0,74,0,1,1,0,0
10,75,1,2,8,90,1,2,0,1,2,2,2,1,65,1,1,1,1,0
22,60,1,1,5,52,1,0,0,1,0,2,0,0,61,0,1,1,1,0
18,71,1,2,6,81,1,1,0,2,2,3,0,0,66,1,1,1,1,0
21,65,1,2,6,91,2,1,1,2,2,3,0,1,67,1,1,1,1,0
23,64,2,1,9,72,1,0,0,2,2,3,1,0,66,1,1,1,1,0
19,63,2,1,6,98,2,4,2,1,2,2,2,0,69,1,0,1,0,0
19,84,1,1,7,56,0,2,0,1,1,3,0,1,65,0,1,1,1,0
19,68,2,2,6,66,1,2,1,1,1,3,0,2,65,0,1,1,0,0
26,74,2,1,6,62,1,0,0,1,1,3,0,0,66,0,0,1,0,0
23,94,1,2,5,100,0,2,1,2,1,2,2,0,73,1,1,1,0,0
21,77,0,1,7,65,1,2,0,2,0,2,0,1,64,0,1,1,1,0
12,97,1,0,7,69,0,0,0,2,2,5,0,0,67,0,1,1,1,0
18,80,1,0,8,92,2,0,1,2,2,1,1,0,67,1,0,1,1,0
25,76,1,0,7,96,1,3,1,1,2,4,0,0,68,0,1,1,1,1
20,90,1,0,7,97,1,2,2,2,2,3,1,1,71,1,1,1,1,0
24,63,1,1,8,78,1,0,0,2,0,3,0,0,64,1,0,1,1,0
31,64,1,1,6,83,1,1,1,1,2,2,0,1,67,0,1,1,1,0
26,86,1,0,5,67,1,2,0,2,2,1,0,1,68,0,0,1,0,0
21,79,0,1,8,80,2,1,0,2,0,3,1,0,67,1,0,1,1,0
17,92,0,1,6,65,2,3,1,2,2,2,1,0,70,1,1,1,1,0
5,97,1,0,7,87,1,2,1,1,1,3,0,2,64,0,0,1,1,1
19,76,1,1,6,65,1,0,0,1,1,4,0,0,63,0,1,1,1,1
18,84,2,2,6,94,1,3,2,1,1,4,0,0,71,1,1,1,0,0
22,80,0,0,4,57,0,1,0,1,1,3,2,1,64,1,1,1,0,0
19,99,0,0,8,79,2,3,1,1,2,4,0,0,70,1,0,1,0,0
18,93,1,2,4,76,2,3,0,1,0,3,1,0,70,0,1,1,0,0
9,96,1,2,9,63,1,1,2,1,1,1,0,0,67,1,0,1,1,0
14,70,1,1,9,51,0,1,0,2,0,4,1,0,62,1,1,1,1,0
23,91,1,1,6,57,0,2,0,2,2,2,0,0,69,1,0,1,0,0
30,71,0,2,9,98,0,2,2,1,2,1,0,1,69,0,1,1,0,0
19,68,0,2,10,97,0,0,0,1,2,3,1,2,62,0,1,0,0,0
22,98,0,1,7,56,2,1,2,1,1,1,1,0,70,0,0,1,0,0
26,61,1,1,8,69,2,2,1,2,2,3,0,0,66,1,1,1,1,0
15,99,2,1,7,73,0,1,0,1,2,3,0,0,69,1,1,1,0,0
22,66,1,0,9,74,1,3,0,2,0,3,2,0,65,0,1,1,1,0
16,93,0,2,5,65,0,0,1,1,0,3,0,0,66,0,1,1,1,0
25,71,2,1,7,96,0,2,0,1,2,3,0,0,69,0,1,1,1,0
21,74,2,1,8,95,0,1,1,1,2,5,0,2,66,0,0,1,1,1
22,69,0,2,8,51,1,1,0,2,2,3,0,0,65,0,1,1,1,0
15,83,1,0,7,83,0,1,2,1,1,2,2,0,66,0,1,1,1,0
24,74,0,0,9,54,1,1,0,1,1,3,0,0,63,0,1,1,1,0
33,86,0,1,7,80,1,0,0,2,1,3,2,0,72,0,1,1,1,0
14,61,1,1,7,93,0,3,1,2,0,2,0,1,62,1,1,1,1,0
18,63,2,2,8,82,1,1,2,1,0,1,0,0,64,1,0,1,0,0
21,64,1,0,7,73,2,2,0,1,0,2,1,2,61,0,1,1,0,1
25,77,2,1,7,98,0,0,2,1,2,2,0,0,70,1,1,1,1,0
17,93,1,1,6,87,1,1,0,2,0,2,0,1,67,0,0,1,0,0
3,96,2,2,10,62,1,3,0,1,1,4,0,2,66,1,0,1,1,0
28,70,1,1,6,69,1,2,0,0,2,4,0,0,66,1,1,1,1,1
25,83,0,1,8,88,0,1,1,2,1,3,1,0,68,1,1,1,1,1
10,91,2,2,10,51,1,0,0,1,2,3,2,1,67,1,1,1,1,0
16,72,1,2,5,53,1,1,2,2,2,3,1,0,65,1,1,1,0,0
29,76,1,2,8,93,0,0,1,2,2,4,1,1,70,1,1,0,1,0
29,81,1,1,7,52,1,1,2,1,1,4,1,0,69,0,1,0,1,0
26,65,1,1,10,84,1,1,0,2,2,4,2,0,68,1,1,1,1,0
19,61,1,1,6,66,1,0,2,1,1,1,0,0,61,1,1,1,0,0
20,66,1,2,6,91,0,0,1,2,0,5,0,2,65,1,1,1,1,0
19,85,2,2,7,92,1,3,1,1,1,2,1,0,71,0,1,1,0,0
27,63,1,2,6,98,0,0,1,1,0,3,0,0,66,0,0,1,0,0
15,68,1,2,6,55,1,0,2,1,2,3,0,0,62,0,0,0,0,0
15,74,0,0,10,71,1,0,0,2,0,2,2,0,61,1,1,1,0,0
26,63,2,2,7,79,1,1,0,2,0,2,0,0,67,1,1,1,1,0
20,68,1,2,6,96,1,0,0,2,1,3,0,0,66,0,1,1,1,0
28,96,0,2,6,63,2,1,2,1,2,2,0,1,71,0,1,0,0,0
16,61,1,2,8,54,2,0,0,2,2,3,1,1,62,1,0,1,1,0
20,86,1,1,8,60,0,1,2,1,1,3,2,0,67,1,1,1,1,1
14,75,1,1,6,75,1,0,0,2,1,2,0,0,64,1,1,1,1,0
20,87,1,0,5,84,1,2,1,1,1,3,0,0,68,1,0,1,0,0
11,84,1,1,7,85,2,3,1,1,1,4,1,1,67,0,1,1,1,0
17,69,1,1,7,54,2,1,2,0,1,2,0,0,63,1,1,1,1,0
11,94,2,2,6,88,1,2,1,1,2,4,0,0,70,1,1,1,0,0
24,80,0,2,9,83,1,1,0,0,0,1,0,0,67,1,1,1,1,0
24,93,1,2,8,70,0,1,1,2,1,3,0,1,71,0,0,1,1,0
10,76,1,0,7,79,0,3,1,1,1,4,0,2,62,0,0,1,1,0
28,99,1,1,6,88,1,3,0,1,2,4,0,0,75,0,1,1,1,0
35,91,0,1,10,63,0,1,1,1,1,5,0,0,72,1,1,1,1,0
20,99,1,0,5,97,0,4,2,1,1,3,1,0,73,0,1,1,1,0
16,81,0,1,6,57,2,3,0,0,2,3,0,0,64,1,0,1,0,0
37,79,1,2,6,95,2,1,2,1,0,1,0,0,73,1,1,1,0,0
12,90,1,0,7,87,0,2,0,2,1,2,2,2,66,1,1,1,1,0
20,95,0,0,8,83,2,1,1,1,2,3,0,0,69,0,0,1,0,0
21,99,1,1,5,54,2,1,0,1,1,4,1,1,70,1,1,1,1,0
28,73,1,2,6,96,1,1,1,1,0,0,2,0,70,0,1,1,1,0
22,92,2,2,8,65,1,0,1,2,2,2,0,1,71,1,0,1,0,0
17,68,0,2,6,87,2,0,0,1,2,4,1,0,64,1,0,1,1,1
14,82,1,2,6,94,0,7,1,2,0,4,2,0,71,1,0,1,0,0
18,67,2,1,7,62,2,1,0,0,2,2,0,2,63,1,0,1,1,0
14,74,2,2,6,96,0,2,0,2,1,4,1,0,68,1,1,1,1,0
20,97,1,1,7,81,1,3,1,2,1,3,1,0,71,1,1,1,0,1
17,66,1,1,8,83,1,4,1,2,0,5,0,1,65,1,0,1,1,0
11,85,2,1,7,96,1,1,0,1,1,3,0,0,66,1,1,0,1,0
28,84,2,2,9,76,2,0,2,1,0,3,0,0,72,1,0,1,1,0
17,65,2,2,8,72,0,1,0,1,2,4,1,1,65,1,1,1,1,0
12,73,0,1,7,82,1,1,0,1,2,3,0,2,60,1,1,0,0,0
19,83,0,1,7,78,2,2,0,2,2,4,2,1,67,1,1,0,0,0
20,67,1,2,10,53,2,1,0,1,2,2,2,0,65,1,0,1,0,0
10,92,2,0,6,59,2,0,0,1,0,2,0,1,64,0,1,1,1,0
22,99,2,2,7,51,1,2,2,2,0,4,0,1,72,1,1,1,1,1
14,69,2,1,6,55,1,3,0,0,2,2,0,1,62,1,0,1,0,0
30,67,1,1,8,86,1,0,0,1,1,4,0,1,67,0,1,1,1,0
23,78,1,1,10,50,1,1,1,1,2,3,2,0,67,0,0,1,1,1
18,90,1,1,7,65,0,4,1,1,2,3,1,0,69,0,1,1,0,0
16,71,2,2,7,72,0,1,1,0,1,4,1,1,65,0,0,1,1,0
19,61,1,2,7,97,0,0,1,2,0,3,1,2,62,1,1,1,0,1
24,82,2,1,5,66,1,0,1,1,1,3,2,0,69,1,0,1,1,0
20,98,1,2,7,89,1,1,2,1,2,3,1,2,72,0,1,1,0,0
19,76,0,2,10,70,0,1,0,1,0,3,1,2,63,0,1,1,1,0
20,77,2,1,8,55,0,1,1,1,0,3,1,2,64,0,1,1,0,0
16,99,0,1,9,55,1,1,2,1,1,3,1,2,67,0,1,1,1,1
18,88,1,1,9,72,2,2,2,2,1,4,2,1,70,1,1,1,0,0
7,89,2,0,6,53,1,3,0,2,1,2,0,1,64,1,0,1,1,0
26,83,1,1,10,79,1,1,2,1,1,2,0,1,69,0,1,1,0,0
22,99,2,2,4,75,0,2,1,1,0,4,0,0,72,0,0,1,0,0
15,88,1,1,7,85,1,4,1,1,0,2,2,0,69,0,0,1,1,0
31,96,2,1,4,59,1,3,0,1,1,5,0,0,75,0,0,1,1,0
21,88,0,1,4,80,0,1,1,1,2,2,2,0,67,1,1,1,0,1
14,89,1,1,8,59,2,1,0,1,1,3,1,0,67,1,0,1,1,0
25,72,1,1,6,86,2,0,1,1,1,2,0,2,66,0,1,1,0,0
22,72,1,0,9,65,2,0,1,1,1,3,0,1,64,1,1,1,1,0
22,91,1,0,4,81,1,2,0,2,0,3,0,0,68,1,0,1,0,0
17,72,2,1,7,94,2,1,0,1,1,5,0,1,66,1,1,1,1,0
23,83,2,1,5,74,1,3,0,1,0,2,2,0,69,1,1,1,0,0
18,70,2,0,7,60,1,1,1,2,2,3,1,0,65,1,1,1,1,0
23,93,1,0,9,94,2,2,1,0,0,3,0,1,70,0,0,1,1,0
9,64,1,0,10,68,0,0,1,1,0,3,0,0,57,1,0,1,1,0
17,93,1,1,8,87,0,2,2,2,0,3,1,1,69,1,0,1,0,0
30,84,2,0,5,66,0,0,1,0,2,2,2,0,70,0,1,1,1,0
15,67,0,1,5,65,1,4,1,1,0,2,1,0,63,1,0,1,1,0
16,82,1,1,7,82,1,1,1,0,1,3,2,1,66,0,1,1,0,0
17,71,1,1,6,58,1,3,1,1,2,3,0,0,64,1,0,1,1,1
13,73,1,2,8,93,1,0,2,2,1,3,2,0,65,0,1,1,0,0
7,74,2,1,10,69,2,1,2,1,2,4,0,0,64,1,1,1,0,0
19,63,1,0,6,51,2,2,1,1,1,4,0,0,62,1,1,1,1,0
21,99,2,1,6,65,0,1,1,1,2,2,1,2,71,0,0,1,1,0
20,61,1,2,5,89,1,1,1,1,1,2,2,2,64,0,1,1,0,0
19,86,2,2,7,93,2,1,1,2,1,2,0,0,72,1,1,1,1,0
20,75,1,1,7,78,1,0,0,1,0,2,1,0,64,0,1,1,0,0
26,86,1,0,7,65,1,2,2,2,1,4,2,1,71,1,0,1,1,0
19,74,1,1,8,76,2,5,1,2,1,4,1,0,68,0,1,1,1,1
17,87,1,1,8,92,1,3,2,0,0,2,1,0,68,1,1,0,1,0
18,89,1,1,7,66,1,2,1,1,2,3,1,1,68,1,1,1,0,0
23,88,1,1,7,69,1,3,0,2,0,3,0,0,69,1,1,1,0,0
28,65,0,1,7,77,2,1,0,2,2,3,1,0,67,1,1,1,1,0
16,86,1,0,7,94,0,0,0,1,2,4,0,0,66,1,0,1,0,0
21,71,1,1,6,79,1,1,0,1,1,4,2,2,65,1,0,1,1,0
22,61,1,2,5,60,2,0,2,0,1,2,0,1,63,1,0,1,0,0
14,77,2,0,7,54,1,1,1,2,0,2,0,1,62,1,1,1,0,0
20,77,2,2,6,55,1,1,2,0,1,1,1,0,67,1,0,1,0,0
11,79,1,1,8,98,1,2,0,1,1,4,0,0,65,0,1,1,1,0
9,88,1,1,7,91,1,1,0,1,0,3,1,0,66,0,1,1,1,0
22,72,0,2,7,88,1,2,1,1,2,4,0,0,66,0,1,0,0,0
18,73,1,1,8,75,1,0,2,1,1,1,1,0,64,0,1,1,1,1
21,62,2,1,5,84,1,5,0,1,2,4,0,0,67,0,1,1,1,0
20,87,1,1,10,56,1,2,1,1,1,2,1,1,67,0,1,1,0,0
14,83,0,0,4,81,0,1,0,1,0,4,0,1,61,1,1,1,0,1
20,74,1,1,9,91,1,1,0,1,1,5,0,0,66,1,1,1,1,0
13,88,2,1,7,53,1,2,1,1,0,4,1,1,66,1,0,1,1,0
28,81,1,0,6,65,1,1,0,1,2,2,0,1,67,1,1,1,1,0
12,79,2,1,5,56,2,1,0,0,2,5,0,0,64,0,1,1,0,0
19,80,2,0,6,63,0,1,0,1,1,3,0,0,64,1,1,1,0,0
14,85,0,1,7,89,1,2,1,2,2,2,1,1,67,1,1,1,0,0
23,86,0,2,7,67,0,2,1,2,1,3,1,0,68,0,0,1,0,1
18,72,1,0,9,84,1,2,1,1,1,4,0,0,64,1,1,1,0,0
17,66,1,1,7,89,1,0,1,1,0,3,1,0,63,1,0,1,1,0
25,66,1,2,7,91,1,2,0,2,1,3,1,0,68,1,1,1,1,0
20,86,0,0,8,94,0,2,0,1,0,2,0,2,64,0,0,1,0,0
23,95,0,1,7,80,2,2,0,1,1,4,0,1,70,0,1,1,1,0
14,76,0,1,7,64,1,3,1,1,2,3,1,0,64,1,0,1,0,0
12,67,2,1,7,58,1,0,2,1,1,2,0,2,59,1,1,1,0,1
21,90,2,1,8,75,1,4,0,2,1,2,0,1,71,1,1,1,1,0
18,93,0,1,6,55,1,3,0,1,0,5,0,1,67,1,1,1,1,0
24,95,1,0,6,96,2,3,0,1,1,3,2,0,73,0,0,1,1,0
20,84,0,0,8,72,1,3,2,1,1,3,0,0,66,1,1,1,0,0
21,94,2,2,5,94,1,2,0,2,1,2,1,0,73,1,0,1,0,0
10,61,2,1,7,85,2,1,1,1,1,4,0,0,62,0,1,1,1,0
31,64,1,2,6,93,1,1,0,2,1,3,0,0,69,0,1,1,0,0
19,64,1,2,8,94,1,3,1,2,1,3,2,0,66,0,0,1,0,1
24,89,1,0,9,53,1,1,0,2,1,3,0,0,68,1,0,1,1,0
15,63,1,1,6,86,0,4,2,1,2,5,0,0,65,1,1,1,1,0
22,80,1,1,8,61,2,1,0,1,2,2,1,1,67,1,1,1,1,0
12,79,1,1,7,99,0,2,1,1,0,2,0,0,64,0,1,1,1,1
23,72,2,2,6,89,1,0,1,2,0,3,0,1,67,1,0,0,1,0
18,95,0,0,7,50,0,3,1,1,1,3,0,1,66,0,0,1,1,0
20,67,2,1,9,96,2,1,2,2,2,3,0,0,68,0,1,1,0,0
24,74,1,1,7,65,0,3,1,2,1,2,1,0,68,1,1,1,1,0
13,91,1,0,9,71,0,1,0,1,2,2,1,2,64,1,1,1,1,0
16,61,2,1,7,81,0,2,1,1,1,1,0,0,63,0,1,1,1,0
23,87,2,1,5,96,1,2,1,1,2,3,1,1,72,0,1,1,0,0
33,93,2,1,7,96,1,1,0,2,2,1,2,1,75,0,1,1,0,0
19,97,2,1,5,78,0,2,0,1,2,3,0,0,71,1,1,1,0,0
24,95,2,1,7,66,0,2,2,2,0,3,0,0,71,1,1,1,0,0
19,73,1,1,6,64,0,4,1,1,2,5,1,0,66,0,1,1,1,1
32,83,2,1,10,68,1,3,0,1,2,4,0,1,71,0,0,0,1,0
10,63,2,1,9,59,0,0,1,2,2,5,2,1,61,1,1,1,0,0
21,70,1,1,7,83,1,1,1,1,1,3,0,2,65,1,1,1,1,0
10,64,1,0,9,76,0,1,0,1,2,1,0,0,58,0,0,1,0,0
5,73,2,0,6,89,2,1,1,1,1,2,0,0,62,1,1,1,1,0
22,95,2,0,5,55,1,2,2,2,1,0,1,0,69,0,1,1,0,1
21,74,1,0,8,70,1,1,1,1,1,3,2,2,65,1,1,1,1,0
18,82,2,1,8,62,2,3,0,1,1,4,0,0,69,0,0,1,1,0
19,77,2,1,6,77,2,1,0,2,1,3,1,0,68,0,0,1,1,0
39,78,1,1,6,73,1,0,0,1,2,2,1,2,70,1,1,1,0,0
18,99,2,1,8,72,1,4,0,1,1,4,0,0,72,0,1,1,1,0
23,72,0,1,4,66,0,3,0,1,2,4,2,0,66,0,0,0,1,0
16,85,0,2,8,86,0,2,2,1,1,4,0,0,68,0,0,1,1,0
22,77,1,1,7,74,2,2,0,0,0,4,1,0,67,1,0,1,1,0
19,62,2,0,8,60,1,1,0,1,2,2,1,2,61,0,1,1,1,0
18,80,0,0,8,77,1,1,0,2,0,2,1,0,64,0,1,1,1,0
31,93,2,1,6,80,1,3,1,1,1,2,0,0,74,1,1,1,0,0
27,64,1,1,5,51,2,1,0,2,0,3,0,0,64,0,1,1,0,0
21,63,2,0,9,60,1,2,1,1,0,2,2,0,64,1,1,1,1,0
6,66,2,1,7,62,0,2,0,1,1,4,2,0,61,1,1,1,1,0
18,91,2,2,7,62,1,3,0,1,2,3,0,0,71,1,0,1,1,0
36,89,2,0,8,62,0,2,0,2,0,3,1,1,72,1,0,1,1,0
19,83,2,2,6,64,1,0,1,1,0,5,2,0,68,0,0,1,0,0
27,79,0,2,8,63,2,2,0,1,0,5,1,1,69,0,1,1,1,0
29,96,1,2,8,94,2,2,0,2,0,4,0,0,74,1,1,0,0,0
21,91,1,2,9,66,0,3,0,1,1,4,1,1,70,0,1,1,1,0
15,92,2,0,9,67,0,1,2,2,2,2,2,0,69,1,1,1,1,0
5,93,0,0,7,63,1,2,1,2,1,3,2,0,64,1,1,1,0,0
24,86,0,0,8,98,1,2,2,1,2,5,2,2,71,1,1,1,1,0
15,78,2,0,7,77,0,0,2,1,1,3,1,0,65,1,1,1,1,0
21,95,2,1,7,81,1,0,1,1,1,3,0,0,71,1,1,1,1,0
13,97,2,2,5,87,0,1,1,2,1,2,2,0,71,0,1,1,1,0
18,61,0,1,7,67,1,5,2,2,2,2,2,0,66,1,1,1,1,0
20,62,1,1,4,98,2,1,2,0,0,4,0,0,64,1,1,1,0,0
22,98,1,1,7,58,1,0,1,1,1,3,0,0,70,1,0,1,0,0
13,71,0,0,9,73,0,1,2,2,1,3,0,1,61,1,0,1,0,0
27,95,1,1,8,57,2,1,1,0,2,3,0,1,71,0,0,1,1,0
16,76,1,1,7,90,1,0,0,1,1,3,2,1,65,1,1,1,0,0
10,65,0,2,7,55,1,0,0,2,1,3,0,0,59,0,1,1,0,0
19,63,1,1,6,78,0,3,1,1,1,2,1,0,63,1,1,1,1,1
20,66,1,1,6,55,0,1,2,2,0,3,2,1,64,0,1,1,1,0
21,70,0,0,8,73,0,0,2,1,1,4,1,0,63,1,1,1,0,0
28,80,2,2,5,64,1,1,0,1,1,2,2,1,70,0,0,1,0,0
19,88,2,1,5,95,1,1,1,2,1,3,0,0,70,1,1,1,1,0
19,99,2,2,8,53,1,1,1,1,1,4,1,0,72,1,0,1,1,0
13,78,1,2,7,82,2,0,0,2,1,2,1,1,65,0,1,1,0,0
25,81,2,1,7,85,2,3,1,1,0,1,2,1,71,0,1,1,1,0
21,81,2,1,7,94,1,3,1,1,1,1,2,1,70,1,1,1,1,0
17,82,1,0,10,94,1,1,2,2,1,3,0,1,66,0,0,1,0,0
9,81,1,1,7,99,1,2,0,1,1,3,0,1,64,0,1,1,1,0
29,60,0,2,7,63,1,0,0,1,0,4,2,0,64,1,1,1,0,0
13,60,2,0,10,64,0,1,1,1,1,4,1,2,59,1,1,1,0,0
16,64,1,2,7,70,1,5,0,0,2,4,0,1,65,1,1,1,1,0
22,64,2,1,10,77,1,1,0,2,2,3,0,1,66,1,1,1,1,0
13,88,1,1,4,68,2,1,2,1,2,2,0,0,67,0,1,1,1,0
11,68,2,1,5,87,1,1,0,1,2,4,0,2,62,1,1,1,1,1
7,96,2,0,6,50,1,1,2,1,0,3,1,0,65,1,0,1,0,0
24,97,2,1,8,51,1,3,0,1,1,2,2,0,73,0,1,1,1,0
17,99,1,1,10,86,0,1,1,1,2,2,1,0,70,1,0,1,0,0
38,98,0,1,6,94,1,2,0,0,0,4,2,0,75,0,1,1,0,0
14,71,2,2,8,89,1,0,1,1,1,3,2,0,66,0,1,1,1,0
14,80,2,1,10,56,0,1,0,1,2,3,2,1,65,0,1,1,0,0
17,67,1,1,9,97,1,1,1,0,1,3,2,1,64,0,1,1,0,0
21,92,2,0,6,76,0,2,0,1,2,5,1,0,70,1,1,1,0,0
17,96,1,2,8,87,1,0,1,1,2,5,0,1,71,1,0,1,1,0
24,94,0,1,8,60,0,0,1,1,1,3,0,0,68,1,1,1,0,0
14,77,1,1,6,77,0,1,0,2,1,2,1,0,64,1,0,1,1,0
12,90,2,2,8,67,0,2,0,0,1,3,0,0,67,0,1,1,0,0
9,64,1,2,6,99,1,6,0,2,2,6,0,1,65,1,1,1,1,1
7,62,2,1,7,74,1,3,1,1,1,3,2,0,62,0,1,1,1,0
17,90,0,2,5,88,0,1,1,1,0,1,1,0,68,0,1,1,1,0
18,77,2,1,4,80,1,1,1,0,0,2,1,0,66,1,0,1,1,0
16,100,2,2,7,55,2,1,0,1,0,2,1,1,69,1,1,1,1,1
27,64,1,1,7,77,2,3,2,1,1,4,0,1,68,1,1,1,1,0
27,94,1,0,5,77,1,0,1,2,2,2,1,0,71,0,1,1,0,0
18,79,1,2,8,86,1,3,0,0,1,4,1,0,68,0,1,1,1,0
9,93,2,0,7,66,1,0,0,0,1,2,1,1,64,1,0,1,1,0
17,93,0,1,8,93,0,0,0,1,0,3,1,1,66,1,1,1,0,0
16,97,1,0,8,81,2,0,2,2,2,2,0,0,70,1,0,1,1,0
16,72,0,1,9,52,1,1,1,2,0,1,1,1,60,0,1,1,0,1
16,98,1,1,8,85,0,0,0,2,2,2,1,2,69,1,1,1,1,0
16,66,1,1,7,95,0,1,1,1,2,4,1,0,65,1,1,1,1,0
18,63,2,2,7,84,1,1,1,2,1,2,0,0,66,0,1,1,1,0
16,77,1,0,10,69,1,1,1,1,1,3,0,0,64,0,0,1,0,0
21,93,1,2,8,80,1,0,2,2,2,1,1,1,71,0,1,1,0,0
22,79,2,0,7,59,1,0,1,1,2,3,1,0,66,1,1,1,0,0
15,93,1,0,7,80,0,0,0,1,2,3,0,0,66,0,1,1,1,0
28,89,1,1,6,75,1,1,0,0,0,3,0,1,68,1,0,1,0,0
14,68,2,2,5,51,2,1,2,1,1,5,0,1,63,1,1,1,0,1
10,98,1,0,10,66,0,1,0,2,0,2,1,0,66,0,1,1,1,0
22,62,0,1,8,60,0,0,1,2,2,2,1,0,61,1,1,0,0,0
15,96,1,0,5,70,2,4,0,2,2,3,1,0,70,1,0,1,0,0
22,72,1,2,7,62,0,5,2,1,1,2,1,1,68,0,0,1,1,0
6,80,1,1,9,92,0,5,0,1,1,2,2,1,65,1,1,1,1,0
28,77,2,1,6,85,2,0,0,1,0,1,2,0,69,0,1,1,0,0
24,67,1,2,6,87,0,0,1,1,2,4,1,0,67,1,1,1,1,0
11,74,2,1,8,68,0,0,1,1,2,3,0,1,62,1,1,1,0,0
11,68,0,2,8,50,0,2,0,2,2,4,0,0,61,0,0,1,1,0
30,68,2,2,6,61,2,1,1,1,2,3,2,0,70,0,1,1,1,0
16,67,2,1,6,88,1,0,2,0,1,3,1,0,65,1,1,1,1,0
15,80,2,1,8,80,1,1,0,1,1,4,0,1,65,0,1,1,0,0
6,92,1,1,5,77,1,1,0,2,2,4,0,0,66,1,1,1,1,0
18,83,1,2,6,64,0,1,1,2,0,3,0,0,66,0,0,0,1,0
19,96,1,1,7,54,2,1,0,1,1,3,1,0,69,1,1,1,1,0
24,85,2,2,8,89,1,1,0,1,1,3,0,1,70,0,1,1,0,0
12,88,2,1,6,52,0,1,1,2,0,1,0,0,63,1,1,0,0,0
11,87,0,1,8,53,2,1,1,1,2,3,0,0,64,0,1,1,0,0
23,78,2,0,9,65,2,1,0,2,1,2,1,2,65,0,1,1,0,1
26,88,2,1,6,79,1,1,0,2,1,4,0,2,71,1,1,1,1,0
11,63,1,1,10,100,2,0,1,1,1,3,0,2,61,0,1,1,1,0
26,94,0,0,9,55,0,2,2,1,1,3,0,0,69,1,1,1,1,0
20,91,2,1,7,74,1,1,1,1,1,4,0,1,69,1,1,1,0,0
27,70,1,1,7,80,0,1,0,1,1,3,0,0,66,0,1,1,0,0
20,91,2,1,6,91,1,3,2,2,1,2,0,0,72,1,1,1,0,0
5,61,2,1,9,84,2,1,1,1,1,3,1,0,60,1,1,1,0,0
19,69,0,0,7,90,1,0,0,1,1,1,1,0,62,1,1,1,0,0
26,63,1,1,5,76,1,3,1,2,1,5,0,0,66,0,1,1,1,1
15,91,1,2,4,72,0,1,2,2,1,2,0,0,69,1,0,1,1,0
18,90,2,1,7,81,1,2,1,0,0,3,2,1,69,1,1,1,0,0
19,93,1,2,7,95,0,3,1,1,0,3,0,0,71,0,0,1,0,0
3,60,1,0,6,78,0,1,0,1,2,1,2,0,57,0,1,1,1,0
30,80,2,2,5,80,1,0,0,1,2,4,2,0,72,0,0,1,0,0
15,88,0,1,4,67,1,1,1,2,2,4,0,2,66,0,0,1,1,0
23,66,1,1,6,80,1,1,1,1,2,3,1,0,66,0,1,1,1,0
19,86,1,1,6,81,1,3,1,2,1,3,1,0,70,1,1,1,0,0
28,63,1,1,8,88,1,2,0,2,2,2,0,0,67,1,1,1,0,0
22,67,1,1,7,79,1,1,1,0,1,3,1,1,65,0,0,1,1,0
19,79,1,1,9,60,0,1,0,1,1,3,0,0,63,0,1,1,1,1
15,86,2,0,8,79,1,3,0,1,2,3,1,0,68,0,1,1,0,0
25,66,0,1,8,65,1,0,1,1,2,3,0,0,63,1,1,1,1,1
9,67,1,2,8,54,1,3,1,2,2,5,1,1,63,1,0,1,1,0
24,68,1,1,5,91,2,1,2,1,0,4,1,0,68,0,1,1,1,0
13,70,1,1,6,53,1,2,0,1,0,0,1,1,60,0,1,1,1,1
28,69,1,1,10,82,2,0,1,1,1,2,0,0,67,0,0,1,0,0
21,76,0,0,4,99,2,0,0,0,2,3,1,2,65,1,1,1,1,0
24,86,2,0,7,54,1,0,0,2,1,2,1,0,68,1,1,1,1,0
20,78,1,0,8,61,1,0,1,1,1,2,0,1,62,0,1,1,0,1
9,91,1,0,4,88,0,2,1,1,1,4,2,0,65,0,1,1,0,1
15,89,1,1,6,55,2,1,0,1,2,3,0,0,66,1,0,1,1,0
24,65,1,1,10,92,0,3,1,2,1,4,0,0,67,1,1,1,1,0
21,62,0,2,7,50,0,1,2,1,0,2,0,1,60,0,1,0,1,0
27,95,0,2,6,94,2,2,1,1,1,4,2,2,74,0,1,1,1,0
22,63,0,0,7,53,1,1,2,1,1,4,0,0,62,1,1,1,1,0
14,66,0,1,6,96,0,0,2,1,0,3,1,1,61,1,1,1,1,0
15,61,1,1,10,93,2,0,1,2,1,4,0,0,63,1,1,1,0,0
21,85,1,0,6,77,1,2,0,1,1,3,1,2,66,1,1,1,0,0
6,83,1,1,6,89,1,1,0,1,2,4,2,0,65,0,1,1,0,0
30,99,0,1,5,54,1,0,1,1,2,3,2,0,72,1,0,1,0,0
23,95,2,1,7,57,1,1,0,1,1,2,0,0,70,0,0,1,0,0
27,76,2,2,7,68,1,1,1,1,1,3,2,1,71,0,1,1,1,0
11,75,2,2,9,77,1,1,2,2,1,2,1,1,64,1,0,0,1,1
27,72,1,2,5,93,0,1,2,1,2,2,1,0,70,1,1,1,0,0
33,66,1,1,8,77,1,2,1,0,1,3,0,0,68,1,1,1,0,0
12,66,0,2,7,83,1,1,1,1,1,3,0,0,61,1,1,0,1,0
25,65,2,1,4,84,2,1,2,1,2,2,0,0,68,1,1,1,1,0
20,65,0,1,6,94,1,1,0,2,2,2,2,0,64,0,1,1,0,0
11,70,1,2,6,89,0,2,1,1,2,4,0,0,64,0,1,1,1,0
23,72,1,2,10,99,1,2,1,2,1,4,2,0,71,0,0,1,1,0
25,98,1,2,8,51,1,0,1,1,2,2,1,1,72,0,0,1,1,0
16,83,1,1,7,60,1,0,2,1,2,1,1,1,66,0,1,1,1,0
27,100,0,1,4,97,0,4,0,2,2,3,0,0,74,0,1,1,1,0
10,75,1,1,4,90,1,3,1,2,2,3,2,1,65,1,1,1,1,1
11,78,2,2,8,63,0,1,0,1,1,3,0,0,64,0,1,1,0,0
21,73,2,1,8,99,1,1,1,2,2,4,1,1,69,1,1,1,1,0
20,67,1,1,6,93,0,1,0,1,0,3,1,0,62,1,1,0,0,1
16,66,1,1,7,53,2,2,1,1,0,2,2,1,62,1,1,1,1,0
25,98,0,0,7,91,1,2,0,0,2,3,2,0,72,0,1,1,1,0
23,99,1,2,7,89,2,1,1,1,1,3,0,0,73,0,1,1,0,0
25,62,1,0,6,61,2,1,1,1,2,4,2,1,64,0,1,1,0,0
19,66,1,1,8,83,1,2,1,2,1,3,0,0,65,0,1,1,0,0
24,77,2,2,9,99,1,1,0,1,2,1,0,0,70,1,1,1,1,0
17,67,1,1,6,84,2,1,2,2,1,3,2,1,66,0,1,1,1,0
32,75,0,2,5,91,0,1,2,1,2,2,1,1,70,0,1,1,0,0
15,65,1,2,6,55,0,2,1,1,2,3,0,0,63,0,0,1,1,0
33,78,0,0,7,86,1,1,0,2,2,4,0,0,69,1,1,1,0,0
20,71,2,1,8,60,0,0,1,1,1,2,0,0,64,1,1,1,1,0
12,74,0,1,8,54,1,2,1,1,2,5,2,1,63,0,0,1,0,0
28,64,1,1,8,78,0,2,1,1,0,3,2,0,66,1,0,1,0,0
21,77,1,1,8,88,0,2,2,1,2,1,1,1,68,0,0,1,1,0
25,99,1,1,7,77,1,0,2,2,1,3,0,0,97,1,1,1,1,0
27,73,0,0,9,97,1,2,1,2,1,1,0,0,67,0,1,1,0,0
22,95,1,1,7,85,1,0,1,1,2,4,1,0,71,1,0,1,0,0
16,94,0,0,8,56,0,2,0,2,2,2,1,0,66,0,1,1,1,0
26,98,1,0,7,97,1,2,0,1,1,2,2,1,72,1,1,1,1,1
20,92,2,1,7,58,0,2,0,0,1,4,2,0,70,0,1,1,1,0
24,86,1,1,7,88,1,1,0,1,1,3,0,2,69,1,1,1,1,0
7,94,1,0,9,57,2,2,1,1,0,3,2,0,66,0,1,1,1,0
23,63,2,2,7,100,0,2,1,2,2,3,2,0,69,0,0,1,0,0
16,79,1,1,6,67,0,2,1,2,2,3,1,0,65,1,0,0,1,0
30,100,2,2,6,75,1,0,0,1,1,4,1,1,75,0,1,1,0,0
24,91,0,1,8,73,1,2,0,2,2,2,2,1,70,1,0,1,0,0
21,98,2,0,6,55,0,1,1,1,2,3,0,0,70,1,1,1,1,0
23,91,1,2,7,75,0,2,0,2,0,2,0,2,69,1,1,1,1,0
14,95,2,1,7,57,1,2,0,0,1,2,1,0,68,0,1,1,0,0
30,88,0,1,6,90,2,4,2,1,0,2,1,1,73,1,0,1,1,0
32,90,1,1,5,98,2,0,1,2,1,3,1,1,74,1,1,1,1,0
22,81,0,0,5,90,1,0,2,1,2,2,1,1,66,0,1,1,0,0
30,97,2,1,6,72,2,1,0,2,2,2,0,2,74,0,1,1,1,0
17,93,1,0,5,50,0,3,2,1,2,2,0,1,67,1,1,1,1,0
15,94,2,1,8,52,0,1,1,1,2,2,1,2,67,0,0,1,1,0
20,87,1,2,10,75,0,3,1,1,1,2,1,0,70,0,0,1,0,0
23,72,0,2,6,84,1,1,2,2,1,2,0,0,67,1,1,1,1,0
18,61,1,0,6,91,2,3,1,2,2,3,1,1,80,0,1,1,1,0
23,97,1,2,6,80,0,1,0,0,0,2,1,1,70,1,1,1,1,0
22,83,2,1,8,99,0,4,2,2,0,4,0,0,71,0,1,1,0,1
14,72,1,0,8,75,2,4,2,1,2,2,1,0,64,1,0,1,0,1
23,66,2,2,7,80,1,1,1,1,2,3,1,1,68,0,1,1,1,0
25,93,1,1,5,62,1,0,0,1,1,3,0,2,68,1,1,1,0,0
21,93,1,1,6,67,1,1,2,1,2,3,0,0,69,0,1,0,1,0
27,93,2,0,7,84,0,1,1,1,1,2,2,0,72,1,0,1,1,0
13,86,1,1,7,80,1,0,0,1,0,5,1,0,65,1,0,1,0,0
23,75,0,0,7,68,1,1,2,0,1,4,0,0,64,1,0,1,1,1
13,72,1,2,8,56,0,1,0,2,2,4,2,1,64,0,1,1,0,0
13,60,0,1,5,67,2,1,0,1,2,4,0,2,58,1,1,1,0,1
16,93,2,1,7,52,0,2,1,2,1,3,0,0,69,1,1,1,1,0
14,63,2,0,7,79,1,1,0,1,1,3,0,0,61,1,1,1,0,0
17,85,2,2,6,66,1,0,1,2,1,2,1,1,68,0,1,1,1,0
19,80,2,1,6,69,0,1,0,0,1,4,1,0,66,1,0,1,1,1
25,81,1,1,8,79,0,1,1,1,1,4,1,0,68,0,1,1,0,0
18,97,0,2,5,79,0,2,0,2,2,3,1,1,70,1,1,1,0,0
10,61,2,0,10,79,1,4,2,2,2,2,1,1,62,1,1,1,1,1
27,91,1,1,8,75,0,2,1,2,1,3,0,0,71,1,0,1,0,0
15,62,1,1,7,74,2,0,0,2,0,3,2,1,61,0,1,1,0,0
20,62,2,1,7,91,0,1,1,0,0,3,1,0,64,1,1,1,1,0
23,77,1,0,8,73,1,1,0,0,2,2,1,0,65,1,1,1,0,0
21,63,0,1,6,77,0,3,1,2,0,1,0,0,63,1,1,1,1,0
27,92,2,1,6,99,0,4,0,0,2,3,0,0,74,0,0,1,1,0
23,81,1,2,9,59,0,2,1,2,1,2,1,0,68,1,1,1,0,0
15,61,2,1,6,86,2,2,2,2,1,3,0,0,65,0,1,1,1,0
33,62,1,1,7,74,0,2,1,1,1,2,1,1,66,1,1,1,0,0
21,85,1,2,6,92,1,1,1,2,1,2,0,1,69,1,1,1,1,1
19,92,0,1,7,70,0,2,2,1,2,2,1,0,69,1,0,1,1,0
26,78,2,1,8,65,1,3,1,1,2,3,1,0,70,0,1,1,0,0
21,82,1,1,10,60,2,3,2,2,2,4,0,0,70,0,1,1,1,0
22,92,1,1,6,94,1,1,1,1,2,3,0,0,71,1,1,1,1,0
35,84,1,1,5,86,1,1,1,1,1,3,0,0,72,0,1,1,0,0
18,69,1,0,7,54,1,1,0,2,1,4,0,1,61,1,1,1,0,0
18,85,1,2,6,86,2,1,1,1,1,3,0,0,68,0,0,0,1,0
21,85,1,0,7,52,1,3,0,1,1,3,0,0,66,1,0,1,1,0
26,89,1,1,8,59,0,1,0,2,1,4,0,0,70,1,1,1,1,0
11,85,1,0,10,80,0,0,0,2,2,3,1,0,63,0,1,0,0,0
8,99,1,2,6,73,1,1,1,1,2,3,0,2,68,0,1,1,1,0
16,68,0,1,4,92,1,1,1,1,0,4,1,0,62,1,1,0,1,0
10,98,1,2,7,80,0,3,1,1,1,3,1,0,69,1,0,1,0,0
17,82,1,1,8,98,1,3,1,2,2,4,0,1,69,1,1,1,1,0
23,87,1,0,6,93,1,1,2,2,2,4,2,0,72,0,0,1,1,0
15,64,2,1,7,67,1,2,0,2,2,3,0,0,64,1,1,1,1,0
11,75,0,1,7,92,1,2,0,2,2,4,1,1,63,0,1,0,0,0
20,91,1,1,7,93,2,1,0,1,0,3,2,1,70,1,1,1,1,0
25,88,0,1,8,98,0,1,0,0,1,4,2,0,69,1,0,0,1,0
10,62,2,2,7,51,1,1,1,2,2,2,0,0,61,1,0,1,0,0
25,82,2,2,8,94,0,2,0,1,1,3,0,1,70,1,1,1,0,0
25,64,1,1,4,53,0,1,1,1,1,2,1,0,64,1,1,1,1,0
26,100,2,2,6,76,2,0,1,2,0,4,2,0,76,1,1,1,1,0
27,96,1,1,6,71,1,2,1,1,1,2,1,0,73,0,1,1,1,0
33,61,0,0,5,96,1,2,1,1,0,3,0,0,67,1,1,1,1,0
18,94,1,1,7,70,1,2,1,2,0,3,1,0,69,0,1,0,1,0
21,97,1,1,6,80,0,2,1,1,2,4,1,0,72,1,0,1,1,0
18,74,1,1,6,85,1,4,1,1,0,3,1,1,66,0,0,1,0,0
20,89,1,1,8,51,1,3,1,2,2,3,2,0,70,0,1,1,1,0
29,78,1,2,7,80,1,2,1,1,2,4,2,0,73,0,1,1,1,0
12,86,2,1,5,76,0,2,2,1,2,3,2,0,68,0,1,0,1,0
15,74,1,2,6,80,1,2,2,1,0,3,2,1,66,1,1,1,0,0
28,73,0,1,8,54,1,4,1,1,1,1,0,0,67,0,0,1,1,0
26,77,1,0,7,53,2,3,1,2,2,3,0,0,67,0,0,0,0,0
18,66,1,2,9,59,1,0,0,1,2,3,0,0,62,1,0,0,1,0
25,93,0,1,8,93,1,2,1,1,2,3,1,0,72,1,1,1,0,0
22,74,0,2,6,68,1,0,1,0,2,4,0,2,65,1,1,1,1,0
29,76,1,0,9,72,1,1,2,1,2,3,0,0,69,1,1,1,1,0
20,96,1,2,9,70,1,2,0,0,2,2,0,0,69,1,1,1,0,1
26,80,2,1,4,86,1,0,0,1,2,4,1,1,69,1,1,0,1,0
36,82,0,0,7,63,1,0,1,1,2,3,0,0,69,1,0,1,1,0
24,98,0,1,6,53,1,1,1,0,1,2,0,0,69,0,1,1,1,0
20,95,1,2,7,69,0,0,1,2,1,3,0,0,70,1,1,1,1,0
24,67,2,0,6,86,1,6,0,1,2,3,2,1,67,0,0,1,0,1
18,79,1,2,6,96,1,3,1,0,2,3,2,0,69,1,1,1,1,1
34,99,1,1,8,53,1,0,1,2,1,5,1,0,75,1,1,1,1,0
21,75,0,1,5,91,1,2,0,0,1,3,0,0,66,1,1,1,1,0
18,75,1,0,7,53,1,0,2,2,1,2,0,0,63,1,1,1,1,0
15,68,1,1,5,67,1,3,1,2,0,4,2,1,64,1,0,1,1,0
27,65,1,1,9,51,1,2,2,1,2,2,2,1,66,0,0,1,1,0
25,90,1,1,7,96,1,1,1,1,2,4,1,1,72,1,1,1,1,0
17,91,1,2,8,85,2,3,1,2,1,4,1,1,71,0,1,1,0,0
23,99,0,1,7,68,1,0,2,2,2,2,0,2,70,1,0,1,1,0
11,91,2,1,7,69,1,2,0,1,2,2,1,0,67,1,0,1,0,0
21,70,1,0,7,82,2,0,2,2,2,3,0,0,65,0,1,1,0,0
23,62,2,2,9,54,0,3,0,1,1,4,0,0,65,1,0,1,1,0
30,99,1,1,6,57,1,0,0,1,1,4,2,0,73,1,1,1,1,0
15,74,1,1,4,92,0,1,1,1,2,3,2,0,66,1,0,1,1,0
12,72,0,1,6,60,2,0,0,1,1,4,2,0,62,1,1,1,1,0
15,96,1,2,5,86,1,2,2,1,2,2,0,0,71,1,0,1,0,0
12,83,1,2,8,61,1,3,2,1,1,5,0,0,66,1,1,1,0,1
28,69,2,2,7,54,0,1,0,1,1,2,1,2,65,1,1,0,1,0
29,96,1,2,8,95,1,0,2,1,2,2,0,0,75,0,0,1,1,0
22,100,2,1,7,95,1,2,0,1,2,4,1,0,74,1,1,1,0,0
27,63,1,0,7,80,2,1,1,2,1,3,0,1,65,1,0,1,1,0
21,94,1,1,7,73,0,2,0,1,2,3,2,0,71,0,0,1,0,0
19,76,2,0,9,78,0,1,0,1,0,1,2,0,65,0,1,1,1,0
18,81,1,0,7,70,2,0,0,1,1,2,1,0,65,1,0,1,1,0
18,97,1,0,9,88,1,0,0,1,1,4,0,1,67,0,1,1,0,0
11,99,1,0,9,88,1,2,0,1,1,2,0,1,67,1,1,1,1,0
22,70,1,1,7,91,1,2,1,1,2,1,0,0,66,1,1,1,0,0
20,69,2,1,7,76,2,1,1,1,2,3,0,0,67,0,1,1,1,0
24,63,1,1,6,90,1,2,0,1,1,5,2,0,66,0,0,0,0,0
21,82,0,2,9,58,1,0,1,1,0,2,0,0,65,1,1,1,0,0
19,61,2,1,6,52,0,1,0,1,1,3,0,2,59,0,1,0,1,0
15,76,2,2,6,82,1,4,0,2,2,4,0,1,69,0,0,1,1,0
20,63,1,1,7,55,2,2,0,2,0,3,0,0,63,1,1,1,0,0
24,76,0,1,5,78,2,1,1,1,1,4,0,1,65,1,0,1,0,1
13,62,1,0,6,86,2,2,0,1,1,4,0,0,61,1,1,1,0,0
21,93,0,1,9,70,1,0,1,2,1,1,2,2,68,0,1,1,0,0
21,68,1,2,8,52,1,3,0,1,1,2,1,1,65,1,1,1,1,0
16,73,0,0,6,94,1,1,0,1,0,2,1,0,61,0,0,0,0,0
16,95,1,2,8,52,1,0,0,1,2,3,2,1,69,1,0,1,1,0
21,90,0,1,10,95,2,2,2,2,1,4,1,0,72,1,0,1,1,0
13,69,1,0,7,53,2,2,1,1,0,3,0,0,59,0,0,0,1,1
22,63,1,1,9,87,0,0,2,2,0,2,1,1,63,0,1,1,0,0
15,89,1,1,8,96,2,3,0,2,0,3,0,0,69,1,1,1,1,0
26,76,0,0,7,95,2,1,0,2,1,1,2,0,67,1,1,1,0,0
34,91,0,1,7,95,1,1,1,1,0,3,1,1,70,1,1,0,0,1
15,78,1,2,8,94,2,0,0,1,2,4,2,1,67,1,0,1,0,0
23,74,1,1,6,76,1,1,0,1,2,2,1,0,66,1,1,0,1,0
16,78,1,1,4,78,1,5,2,1,2,3,0,0,68,0,1,1,1,0
26,90,0,2,6,81,1,1,0,1,1,3,2,0,71,1,0,1,1,0
12,96,2,1,4,95,1,3,1,1,1,0,0,0,69,1,0,1,0,1
23,62,2,1,6,92,0,0,2,1,1,2,0,1,65,1,1,1,1,0
15,81,1,1,4,89,2,0,0,1,0,3,2,0,66,0,0,1,0,0
19,61,1,2,8,84,2,2,1,2,2,4,0,0,66,1,1,1,1,0
14,79,2,1,5,81,2,3,2,1,0,3,0,0,67,0,1,1,0,0
25,95,2,1,8,96,0,1,1,1,1,4,2,0,74,1,1,1,1,0
15,74,2,2,8,60,0,3,0,1,2,5,0,1,66,1,1,1,0,0
23,97,1,2,8,60,1,1,1,2,1,3,1,0,72,1,1,1,1,0
18,85,2,0,4,99,2,0,0,1,1,4,1,0,69,1,0,1,1,0
19,97,0,2,9,78,1,0,1,1,0,4,0,1,68,0,0,1,0,0
21,90,1,2,8,74,1,4,0,1,1,3,0,0,71,1,0,1,1,0
15,64,1,1,8,93,1,0,0,1,0,2,0,0,61,0,1,1,0,0
21,69,1,1,10,92,0,2,0,1,1,3,0,0,65,1,0,1,1,0
29,76,1,2,8,59,1,4,0,2,1,2,2,0,71,1,1,1,1,0
15,67,0,1,5,59,0,0,0,1,1,3,0,0,59,1,0,1,1,0
27,80,2,1,8,90,0,1,1,2,1,3,2,0,71,0,1,1,0,0
29,79,1,2,5,89,1,0,2,2,1,3,2,0,72,0,1,1,0,0
15,98,2,2,7,61,1,1,0,2,2,3,1,1,71,0,0,1,1,0
11,77,0,0,6,92,0,0,0,1,1,5,0,0,61,1,1,1,1,0
22,91,1,1,7,74,1,1,1,1,0,2,1,1,67,0,0,1,0,1
17,98,1,1,5,73,0,0,0,2,0,2,1,1,67,1,1,1,0,0
31,95,1,1,5,99,1,1,1,1,1,4,0,0,74,0,0,1,0,0
20,68,2,2,6,76,0,2,1,1,1,3,0,0,66,0,1,1,0,0
15,80,1,1,7,57,0,1,0,1,0,4,0,0,63,1,0,1,1,0
13,74,1,1,6,64,0,4,2,2,1,3,0,0,63,1,0,1,0,1
27,76,2,2,9,67,1,1,0,1,2,4,0,2,68,0,1,1,0,0
17,74,1,0,8,98,0,1,2,2,1,3,0,0,65,0,1,1,1,0
20,93,1,0,8,63,1,0,0,2,0,3,0,1,66,1,1,1,0,0
26,78,1,1,6,72,1,1,0,1,1,3,0,1,67,0,0,1,0,0
17,81,1,1,5,87,2,0,0,2,1,2,1,0,67,0,0,1,0,0
20,99,1,0,7,64,2,0,1,1,2,4,0,0,70,1,1,1,1,0
20,62,0,1,10,85,2,5,0,1,1,4,0,0,65,1,0,1,1,0
24,80,1,1,7,60,1,1,2,2,2,3,0,1,68,0,1,1,1,0
24,91,1,2,9,62,0,3,0,1,0,4,1,1,70,1,1,1,1,0
19,66,2,0,9,99,1,1,1,1,2,3,1,0,66,1,1,1,0,0
20,84,2,1,8,68,1,0,0,1,2,4,2,0,69,1,0,1,1,0
18,70,1,1,7,86,1,1,2,1,2,2,0,0,65,0,1,1,0,0
11,95,1,1,6,92,1,2,1,0,1,3,2,1,68,0,1,0,1,0
22,73,0,1,7,67,1,3,2,1,2,2,0,2,65,1,0,1,1,0
31,73,1,2,6,68,2,1,1,1,2,3,0,0,70,0,1,1,1,0
15,84,0,0,7,89,2,1,0,2,1,3,0,0,65,0,1,1,1,0
15,67,2,1,5,80,2,3,1,2,1,4,1,0,67,1,1,1,1,0
15,71,2,0,6,68,0,5,0,1,2,4,1,0,64,0,1,0,0,0
24,77,1,1,8,87,2,2,0,1,2,1,2,1,68,0,1,1,0,1
23,74,1,2,6,93,1,4,2,1,1,3,0,0,70,0,0,1,1,0
19,81,0,2,6,62,1,1,1,0,0,3,0,1,64,0,1,0,1,0
14,84,2,1,6,51,0,4,2,1,1,3,0,0,67,1,1,1,0,0
21,83,2,2,7,64,1,2,1,0,1,2,0,0,68,1,0,1,0,0
11,86,1,1,4,84,1,5,0,2,1,4,0,0,67,1,1,1,1,1
21,72,1,0,6,96,0,4,2,1,2,2,1,1,66,0,1,1,1,1
25,65,1,2,8,93,0,2,1,1,0,3,1,1,66,0,1,0,1,0
12,90,1,0,7,61,1,2,0,2,2,2,0,0,66,1,0,1,1,0
11,94,0,0,8,94,1,2,0,1,2,2,1,0,67,1,1,1,1,0
29,70,1,1,4,91,0,2,0,1,2,3,1,0,69,1,1,1,1,0
16,76,0,1,6,87,1,3,0,1,1,4,1,0,65,0,0,1,0,0
27,80,0,0,7,84,0,4,0,1,2,3,1,1,68,1,1,1,1,0
19,81,0,2,8,90,1,2,0,1,1,3,0,0,67,0,0,1,0,0
19,86,1,1,9,93,0,1,0,2,2,3,1,0,69,1,1,1,1,0
23,62,1,1,8,91,2,3,2,0,1,3,0,1,64,1,1,0,0,0
15,89,1,1,6,56,0,2,1,1,2,4,1,0,67,1,1,1,0,0
21,62,2,1,6,86,1,2,1,2,2,4,0,0,67,0,0,1,0,0
18,79,1,2,9,92,0,1,0,1,1,3,1,0,67,1,0,1,0,0
12,93,1,2,6,59,1,2,0,1,2,3,0,1,67,0,0,1,0,0
22,78,1,2,5,61,0,2,0,1,1,4,1,0,68,1,1,1,1,0
18,66,1,1,7,89,2,4,0,1,2,3,0,0,65,1,1,1,1,1
19,99,0,2,9,67,0,3,2,1,1,1,1,1,70,1,1,1,0,0
13,96,1,1,6,70,1,1,0,2,1,3,1,0,68,0,1,1,0,0
30,91,2,0,6,69,1,2,1,2,0,4,0,1,72,0,1,1,1,0
25,76,1,2,6,61,1,1,1,1,1,3,2,2,67,1,1,1,0,0
26,67,2,0,8,97,1,2,1,1,1,0,0,1,66,0,1,1,1,0
18,98,0,0,7,90,0,0,2,2,2,1,0,1,68,1,0,1,1,0
10,81,1,2,8,63,1,1,0,0,1,2,0,0,64,1,1,1,0,0
32,94,1,2,9,55,2,4,1,1,2,2,0,0,75,1,0,1,1,1
20,74,2,0,5,69,2,1,1,1,2,4,1,1,66,0,1,1,1,0
16,73,2,2,6,71,1,0,0,1,2,4,2,0,67,1,1,1,1,0
23,99,2,2,6,50,1,1,2,1,1,5,0,0,71,1,0,0,0,1
27,81,0,2,7,94,0,0,0,1,1,4,1,1,68,1,1,1,0,0
20,66,1,1,8,93,1,2,0,2,1,3,0,0,65,1,1,1,1,0
28,69,0,2,6,93,0,0,2,0,0,3,1,0,67,1,1,1,1,0
26,79,0,2,6,90,0,0,2,1,0,2,1,1,66,1,0,0,1,1
14,62,0,1,8,87,1,1,1,1,2,1,0,1,60,1,1,1,0,0
16,79,1,1,8,82,0,2,0,1,1,3,2,1,64,0,0,1,0,1
26,77,1,1,7,98,0,0,2,1,1,1,2,0,69,1,1,1,1,0
4,91,1,1,4,86,0,3,0,1,1,4,1,1,64,1,0,1,0,1
19,74,1,2,9,82,2,2,0,1,1,3,0,1,66,1,0,1,0,0
11,99,2,1,7,89,2,3,0,1,2,3,1,0,72,1,1,1,1,0
17,67,0,0,7,62,1,0,0,1,2,4,0,1,60,0,1,1,1,0
18,84,0,2,6,98,0,3,1,1,2,3,0,0,69,1,1,1,1,0
18,64,1,1,6,51,1,2,0,1,2,1,0,0,62,0,1,1,1,0
17,89,1,1,6,82,1,3,1,1,2,3,1,0,70,0,0,1,1,0
13,100,0,0,4,54,0,3,0,0,2,2,0,0,65,0,1,1,1,0
34,93,2,1,6,93,2,2,0,2,1,4,0,0,77,1,1,1,1,0
31,82,1,2,5,98,1,0,0,0,1,3,0,0,71,1,1,1,1,0
13,79,1,2,7,70,2,4,0,1,2,3,0,0,66,0,1,1,0,1
29,93,1,1,5,93,1,2,0,1,2,3,2,0,74,0,1,1,0,0
18,97,1,2,8,67,1,1,1,2,1,3,0,0,70,1,1,1,0,0
21,100,1,1,5,58,1,2,1,1,1,2,0,1,69,1,0,1,0,0
20,76,1,1,9,64,0,2,0,1,0,2,1,1,64,1,1,1,0,0
16,100,1,1,8,65,2,1,2,1,2,2,1,1,69,0,1,1,1,1
26,66,2,2,5,82,1,1,0,1,1,3,0,0,68,0,1,1,1,0
21,70,1,0,7,90,1,1,0,1,1,4,0,1,63,1,1,0,1,0
17,64,1,1,6,60,1,1,1,1,2,2,0,0,61,1,0,1,1,1
12,71,1,1,8,54,1,0,0,0,2,5,1,0,61,1,1,1,0,0
15,91,1,0,10,61,1,0,0,2,1,4,0,1,65,1,1,1,1,0
10,94,1,2,9,65,1,3,0,0,0,2,0,1,65,0,0,1,0,0
20,91,2,1,6,64,2,0,2,1,2,3,0,1,69,0,0,1,1,1
13,85,2,2,7,61,2,3,1,2,2,2,0,1,69,0,1,1,1,0
18,81,0,1,9,73,1,1,2,1,0,2,0,0,65,1,1,1,0,0
28,88,0,2,8,93,1,3,0,1,0,1,2,1,72,0,1,1,1,0
27,76,2,2,9,55,1,3,0,1,1,0,0,1,69,0,0,1,1,0
20,94,2,1,8,93,0,1,1,1,1,3,1,1,71,0,1,1,1,0
19,87,1,1,7,75,1,2,0,0,0,3,0,1,67,0,1,1,1,0
31,88,1,2,7,83,1,0,0,1,1,2,0,0,72,1,0,1,0,0
23,81,2,2,5,91,0,0,2,2,2,3,0,0,70,0,1,1,0,1
18,95,0,1,6,65,2,1,0,2,0,3,0,0,68,0,1,1,1,0
11,70,1,1,6,98,1,3,2,1,1,4,2,0,66,0,0,1,0,0
22,75,1,2,6,54,0,4,0,2,2,4,0,0,68,1,1,1,0,0
25,91,2,0,7,76,0,1,0,2,2,3,1,0,71,0,0,1,1,0
16,80,0,1,7,63,2,2,0,1,1,3,0,2,63,1,0,1,1,0
22,96,1,2,7,70,1,2,1,1,0,4,1,1,70,1,0,0,0,0
18,74,1,2,8,72,2,1,0,2,0,2,1,1,65,1,1,1,0,0
19,75,2,2,6,96,1,2,1,1,2,4,0,0,70,0,1,1,1,0
5,96,1,0,8,72,0,3,1,1,0,5,0,0,65,1,1,1,1,0
19,79,2,2,9,85,1,0,1,1,2,2,0,1,68,1,1,1,1,0
26,81,2,1,8,98,0,1,1,0,1,2,0,0,69,0,0,1,1,1
16,73,1,1,6,75,2,3,1,1,2,3,0,1,66,0,1,1,1,0
20,71,0,1,8,70,1,0,1,2,1,3,0,2,62,0,0,1,0,0
15,86,1,2,8,99,2,2,1,1,1,5,0,0,70,1,1,1,0,0
22,65,2,0,8,91,1,2,2,1,0,2,1,1,65,0,1,1,0,0
19,95,0,2,9,97,0,0,1,1,1,2,2,0,71,1,1,1,1,0
14,91,1,2,8,70,1,2,0,1,1,0,2,1,68,1,0,1,1,0
28,68,0,0,9,85,1,0,1,1,0,3,2,0,65,1,1,1,1,0
26,88,0,2,7,62,2,1,2,2,2,2,0,0,70,0,0,0,1,0
16,84,1,2,6,93,1,0,2,1,2,3,0,1,69,1,1,1,1,0
23,67,1,0,9,97,1,1,1,1,2,3,1,1,66,1,0,1,1,0
23,71,1,1,6,63,0,1,0,2,2,5,0,1,66,1,1,1,1,0
24,76,2,1,10,55,0,2,0,1,2,4,0,0,67,1,1,1,0,0
10,88,0,1,9,60,1,1,0,1,2,3,0,1,63,0,1,1,0,0
26,86,0,2,7,82,1,2,0,1,2,3,0,1,70,0,0,1,1,0
17,81,2,1,9,64,1,0,2,1,2,3,0,2,65,1,1,1,0,1
18,91,1,2,8,82,1,3,1,1,2,2,0,1,70,1,0,1,0,0
36,90,1,2,5,68,0,1,0,2,2,2,0,1,74,1,1,1,1,0
22,85,2,1,6,96,1,0,0,1,1,3,0,1,69,0,1,1,1,0
18,91,2,1,7,73,0,0,0,1,0,4,1,0,68,1,1,1,0,0
7,73,1,1,7,75,1,1,2,2,2,3,1,0,64,1,0,1,1,0
28,95,2,1,9,67,0,2,1,1,1,3,0,0,73,1,1,1,0,0
12,85,1,1,7,54,1,4,0,2,2,3,1,1,66,1,1,1,1,0
14,93,1,0,5,75,0,0,1,2,0,3,0,1,65,1,1,1,1,0
18,82,2,0,6,89,2,0,1,1,2,1,1,1,66,1,0,1,1,1
28,69,1,0,8,98,1,0,1,1,2,5,0,0,67,1,1,1,0,0
25,82,1,2,4,54,1,0,1,1,1,3,0,0,67,1,1,1,0,0
19,75,1,1,5,90,2,0,1,1,0,3,2,0,66,0,0,1,1,0
22,88,1,0,6,63,0,3,0,1,2,3,2,0,69,1,1,1,1,0
16,79,1,1,8,91,1,4,2,1,2,1,2,0,69,1,0,1,1,0
21,93,1,0,7,67,2,2,0,1,1,3,1,2,68,0,1,1,0,0
20,87,0,0,8,56,1,1,2,1,0,1,1,0,64,0,1,0,0,0
26,87,1,1,7,81,1,1,2,1,0,2,0,0,70,1,1,1,1,0
26,69,1,1,7,95,1,1,0,1,0,4,2,0,67,0,1,1,0,0
23,99,0,0,6,59,1,1,1,1,2,3,0,2,68,1,1,1,0,0
18,94,1,1,8,51,1,0,2,1,2,3,1,1,67,0,1,1,1,1
24,92,2,1,5,94,0,1,1,1,1,2,2,0,73,0,1,1,1,0
19,73,1,1,7,85,1,1,1,1,1,3,0,2,65,1,1,1,1,0
14,81,1,2,9,90,1,3,2,2,1,3,2,0,69,1,1,1,0,0
18,65,1,1,6,53,1,1,1,1,2,3,2,0,63,1,0,1,1,1
21,82,1,1,5,95,1,3,0,0,2,4,0,0,68,0,1,1,0,0
25,66,1,2,4,71,2,0,1,1,0,3,0,0,64,0,1,1,0,1
19,82,0,2,8,95,1,2,0,2,1,4,2,1,68,0,1,1,0,1
13,86,1,2,8,53,1,2,0,2,2,4,0,2,66,1,1,1,1,0
20,76,1,1,6,94,0,2,0,2,1,3,0,1,65,1,1,1,0,1
21,80,1,1,5,84,0,4,0,1,1,2,2,0,69,0,0,1,1,0
21,95,0,1,7,78,2,2,0,2,1,2,0,0,69,1,1,1,0,1
26,64,0,2,9,53,1,2,0,2,0,4,1,0,64,1,1,0,1,0
26,92,2,2,5,84,2,0,1,2,1,2,2,0,74,1,1,1,0,0
16,67,2,1,9,80,1,1,0,2,1,3,0,0,64,0,1,1,0,0
16,61,1,0,4,86,1,3,1,2,2,4,0,0,63,0,1,1,0,0
14,67,2,1,5,86,1,0,2,1,2,4,1,1,64,0,1,0,1,0
24,91,1,1,7,72,1,3,1,2,1,3,0,1,71,1,1,1,1,0
29,76,0,2,8,60,1,2,1,1,0,3,0,0,68,0,1,1,1,0
18,95,1,1,9,96,0,4,1,1,0,4,1,0,72,0,1,1,1,0
19,81,1,0,8,96,2,1,0,1,0,4,2,0,67,1,0,1,1,0
29,61,1,2,9,61,1,0,0,1,0,3,0,0,64,1,0,1,0,0
23,89,1,0,7,82,1,2,2,2,2,1,1,0,70,1,1,1,0,0
23,64,2,1,6,60,0,2,1,1,0,3,1,0,65,0,1,1,1,0
13,92,2,1,9,93,2,2,2,1,0,2,1,1,69,1,1,1,0,0
24,67,2,1,9,55,2,2,0,0,2,2,1,1,65,1,1,1,0,0
14,74,2,1,8,100,1,1,0,1,1,3,1,0,66,1,1,1,0,0
13,90,2,1,8,81,1,0,1,1,2,3,0,1,67,0,1,1,0,0
18,98,1,0,9,51,1,1,2,1,1,4,1,0,68,1,1,1,0,0
16,75,1,1,8,94,1,0,1,1,2,3,0,1,65,1,0,1,1,0
19,93,1,1,7,84,2,0,1,0,1,2,1,0,68,1,1,0,0,0
11,68,1,2,8,85,2,2,1,1,0,2,1,0,63,1,1,0,1,0
26,92,1,1,8,64,1,1,1,1,2,5,0,0,71,1,0,1,0,0
27,86,2,1,8,67,1,1,0,1,2,4,1,0,71,1,1,1,0,0
8,68,2,1,7,96,1,2,0,2,2,3,2,0,65,0,1,1,1,0
26,72,1,0,8,82,1,2,1,0,0,2,2,2,65,0,1,1,0,0
15,65,1,0,8,51,1,1,2,1,2,3,0,1,61,0,1,1,1,0
25,75,2,2,7,66,0,0,0,2,0,4,0,0,68,1,1,1,1,0
20,68,0,1,6,80,0,4,0,1,1,4,1,0,65,0,0,1,1,0
20,86,0,1,9,57,1,0,1,2,2,4,0,1,66,1,1,1,0,0
19,100,2,0,5,55,0,2,0,1,2,4,0,1,69,1,1,1,1,0
27,60,2,2,6,53,0,3,0,0,2,2,0,1,65,0,0,1,0,0
13,82,1,2,7,82,1,1,0,0,2,3,0,0,65,0,1,1,0,0
24,83,2,1,4,66,2,2,1,2,2,4,2,1,70,1,0,1,0,1
27,97,1,1,9,69,1,1,0,1,1,2,0,1,70,0,0,1,0,0
24,80,1,1,7,53,1,2,0,1,2,4,0,0,67,0,1,1,1,1
34,82,1,2,9,87,2,3,0,1,2,4,0,0,75,0,1,1,1,0
17,79,0,0,10,88,0,3,1,2,1,3,0,1,65,0,0,1,1,0
26,71,1,1,7,91,1,2,0,1,1,3,0,1,66,0,0,0,1,0
19,62,2,1,9,83,2,2,1,1,2,3,1,0,67,1,1,1,1,0
27,76,0,1,5,89,0,0,0,1,2,4,2,2,67,1,0,1,1,0
20,62,0,1,8,79,2,2,0,1,2,1,0,0,62,0,1,1,0,0
18,82,1,1,6,75,1,0,0,1,0,4,1,0,66,1,0,1,1,0
28,72,0,2,8,63,0,1,0,2,1,2,0,0,66,1,1,1,0,0
17,81,2,0,8,53,2,0,1,1,1,2,0,2,64,1,1,1,1,0
12,65,0,1,7,65,1,2,1,1,1,2,0,0,60,1,1,1,0,0
17,97,1,1,8,84,1,3,0,0,1,3,2,0,70,0,0,0,1,0
24,96,1,1,8,96,1,2,0,0,2,3,1,0,72,0,1,1,0,0
28,68,2,1,7,63,1,0,0,2,0,2,1,0,67,1,1,1,1,0
21,74,1,2,10,83,0,1,2,1,1,3,0,1,67,0,1,1,1,0
28,85,1,1,7,74,1,1,1,2,2,3,2,0,72,0,1,1,1,0
12,64,2,2,9,81,1,1,2,2,1,3,0,1,63,1,1,0,1,0
17,74,0,1,9,50,1,0,0,2,0,2,0,2,60,0,1,1,0,0
18,70,1,1,4,56,1,1,2,2,1,4,0,0,65,1,1,1,1,0
19,97,2,1,9,61,2,2,1,2,1,1,2,1,72,1,1,1,1,0
21,94,1,2,9,95,0,0,1,2,0,3,0,0,70,1,0,1,0,0
24,83,2,1,7,52,2,1,1,2,2,4,1,0,71,0,1,1,1,0
17,81,0,1,8,78,0,1,0,2,2,4,1,1,66,1,0,1,1,0
21,97,0,1,8,96,2,2,0,2,2,4,1,1,72,0,1,1,1,0
20,97,0,1,9,83,2,3,1,2,2,3,2,0,73,0,1,1,1,0
14,99,2,1,6,74,1,2,1,1,1,3,1,0,71,1,1,1,1,0
19,65,2,0,9,69,1,4,0,2,1,2,1,2,64,1,1,1,0,0
19,66,1,2,5,81,1,1,2,1,2,3,1,1,66,1,0,1,1,0
19,87,1,1,4,74,2,1,2,1,2,3,1,0,69,1,1,1,0,0
20,82,0,1,8,85,0,1,1,2,1,3,2,0,66,0,0,1,0,1
20,61,1,2,9,81,1,0,2,2,1,2,0,0,63,1,1,1,0,1
17,62,1,1,7,78,1,0,1,2,0,3,0,0,62,1,1,1,1,0
28,96,2,0,4,98,2,1,2,2,2,3,0,0,98,1,1,1,1,0
13,95,2,2,5,92,0,1,1,1,2,2,1,0,71,0,0,1,1,0
16,74,2,1,8,80,1,0,0,1,2,4,2,0,66,0,1,1,0,0
37,96,1,1,7,77,1,2,1,1,2,3,0,1,75,0,1,1,0,0
14,84,2,1,9,86,2,1,0,1,2,4,0,0,68,0,0,1,1,0
12,92,2,1,7,90,1,2,1,2,0,5,0,0,69,1,1,1,0,0
24,77,1,0,6,65,2,2,1,2,2,3,0,0,68,1,0,1,1,0
8,65,1,1,7,83,0,3,1,1,0,4,0,0,60,0,1,1,0,0
19,77,1,0,9,57,0,4,1,1,1,3,0,0,64,0,1,1,0,1
33,78,1,1,9,72,1,4,1,1,2,3,0,1,71,1,1,1,0,0
11,82,2,2,7,97,0,2,2,1,2,3,1,0,69,1,1,1,0,0
8,64,1,1,7,66,1,1,0,1,2,3,1,0,60,1,0,1,1,0
11,100,2,2,8,58,2,1,0,1,2,3,1,0,70,0,0,1,1,0
25,70,0,1,6,57,1,4,1,1,1,3,0,0,66,1,0,1,1,0
27,68,2,1,8,70,2,0,1,1,2,3,2,0,68,1,0,1,0,0
17,81,2,0,7,61,1,2,2,1,2,2,1,0,67,0,1,1,0,0
24,81,1,1,7,71,2,1,1,2,1,3,1,0,70,1,1,1,1,0
28,78,2,1,7,86,0,0,0,2,1,2,1,1,69,1,1,1,1,0
31,91,1,2,7,94,2,2,2,2,0,3,0,2,75,1,1,1,1,0
19,81,1,0,10,56,0,1,1,2,2,3,0,0,65,1,1,1,1,0
6,84,1,1,6,88,1,1,0,1,2,5,2,1,65,1,0,1,1,0
15,89,1,0,6,55,1,1,1,1,2,4,2,1,66,1,1,1,0,0
17,61,2,1,9,69,2,1,1,2,2,3,0,2,64,1,1,1,1,0
18,83,0,1,8,100,1,1,0,2,0,2,0,0,66,0,0,1,0,0
19,95,1,2,8,53,1,3,0,1,2,1,0,1,70,0,1,1,1,0
27,61,2,0,5,51,2,1,0,1,2,1,1,2,63,1,0,1,0,0
28,76,0,0,7,67,2,1,2,0,0,4,1,0,66,1,1,1,0,0
19,97,0,1,8,98,0,1,1,1,2,3,1,0,71,0,1,1,1,0
27,74,1,2,6,51,2,2,1,1,2,4,0,2,68,1,0,1,0,0
22,78,1,1,8,61,1,2,2,1,2,5,0,1,68,1,1,1,1,0
20,99,0,1,7,80,2,0,1,2,0,3,2,0,71,1,1,1,0,0
25,68,0,1,6,62,0,1,0,2,0,4,1,1,63,0,0,1,0,0
20,63,0,0,9,53,0,1,1,1,2,4,0,0,60,1,1,1,0,0
32,94,1,2,9,53,1,1,1,1,1,3,0,0,73,0,1,1,1,0
11,95,1,1,7,78,0,4,1,1,0,4,0,0,68,0,0,1,1,0
17,79,2,2,8,78,1,2,2,1,2,5,0,0,70,0,1,1,1,0
19,81,1,1,9,85,1,1,0,1,1,1,0,1,66,1,1,1,1,0
23,93,2,1,6,57,1,1,2,1,2,2,2,0,72,0,1,1,0,0
28,90,2,0,8,75,1,1,0,2,1,3,0,1,70,1,1,1,1,1
20,71,2,2,6,80,1,2,2,0,2,3,0,0,68,1,1,1,1,0
11,61,1,1,5,61,1,3,1,2,1,0,2,0,60,1,1,1,1,1
25,79,2,1,6,77,0,2,0,2,1,3,0,0,68,1,1,0,0,0
25,94,2,2,5,85,2,1,1,1,1,2,1,0,74,0,1,1,0,0
8,96,1,1,8,100,2,1,2,1,0,4,0,1,68,1,1,1,1,0
20,98,0,1,6,80,0,4,1,1,2,4,1,0,72,1,1,1,1,0
10,95,1,2,5,93,2,0,0,2,2,3,0,1,69,1,1,1,1,0
16,83,0,1,8,92,0,2,2,2,2,4,2,0,98,0,1,1,1,0
15,78,1,2,8,97,1,1,1,1,1,4,2,0,68,1,1,1,0,0
25,91,1,0,7,86,1,0,1,1,1,5,0,0,70,0,1,1,0,0
21,90,1,1,8,61,1,1,2,1,2,4,2,1,69,0,1,1,0,0
12,82,2,0,6,65,0,3,1,1,0,3,0,0,64,0,0,1,0,0
25,63,1,0,6,89,2,1,1,2,1,4,0,1,65,1,0,1,0,0
11,97,1,1,8,76,2,2,1,2,2,2,0,1,69,0,1,1,0,0
22,78,1,0,9,63,2,2,1,2,1,4,0,0,67,1,1,1,0,0
15,75,1,2,6,83,0,1,2,1,0,2,0,0,65,0,0,1,0,0
18,85,1,2,6,95,2,2,0,0,2,4,1,0,70,0,0,1,1,0
23,87,2,0,8,68,1,0,2,2,1,3,1,2,68,1,0,1,0,0
23,68,1,1,8,80,1,1,1,0,1,1,0,0,65,0,1,1,1,0
28,93,1,1,7,79,2,0,1,1,2,4,2,0,74,1,1,1,0,0
20,72,1,1,9,56,1,4,2,1,0,2,0,0,65,1,1,1,1,0
22,67,2,2,10,55,1,1,0,1,2,2,0,1,65,1,1,1,1,0
17,76,2,1,8,94,1,3,1,1,1,4,0,1,68,0,1,1,1,0
21,89,1,1,6,97,1,1,0,1,0,3,2,2,68,0,0,0,0,0
23,99,1,1,8,95,2,5,1,1,1,4,0,1,74,0,1,1,0,0
19,92,2,1,6,70,2,2,1,1,0,3,0,0,71,0,0,1,0,0
9,98,2,1,9,64,1,1,0,1,0,3,0,0,67,1,0,1,1,0
22,66,1,1,6,97,0,0,2,0,1,3,0,1,64,0,1,1,1,0
22,63,0,0,7,94,1,0,1,1,0,3,0,2,61,1,1,1,1,1
16,82,1,1,6,91,1,0,0,1,2,3,0,0,66,0,1,1,0,0
12,72,1,1,7,67,0,0,0,1,2,2,0,0,61,0,1,1,0,0
29,93,1,2,7,82,1,5,0,1,0,3,0,1,73,1,1,1,0,0
23,87,0,1,8,88,2,2,1,2,1,3,0,0,70,1,1,1,0,0
19,99,0,1,7,79,1,2,0,1,1,2,2,0,70,1,0,1,0,0
13,70,1,0,7,80,2,1,2,1,2,4,1,2,63,0,1,1,1,0
15,79,2,1,6,88,1,3,2,1,1,3,2,1,69,1,1,1,1,0
28,80,2,2,7,88,1,2,2,1,0,2,0,0,72,1,1,1,0,0
21,70,1,2,5,62,1,2,0,2,1,2,0,0,66,0,1,1,1,0
17,84,2,2,9,70,1,1,2,1,0,4,0,0,68,1,1,1,0,0
23,78,1,2,7,89,1,1,1,0,1,3,0,2,67,1,1,1,0,0
15,78,1,2,9,63,1,2,1,1,2,3,2,2,65,0,0,0,1,0
29,75,0,1,7,96,0,2,0,1,2,3,0,1,68,1,1,1,1,0
28,61,2,1,4,92,0,1,1,2,1,4,1,0,68,0,0,1,1,0
17,81,2,1,6,95,2,2,1,1,2,3,0,0,69,1,0,1,0,0
16,73,2,2,7,65,0,1,1,1,2,4,1,1,66,1,0,1,1,0
4,60,1,1,7,55,1,2,0,1,1,2,2,0,58,1,0,1,1,0
11,72,2,0,8,55,2,0,1,0,1,3,1,0,60,1,1,1,0,1
12,71,2,2,7,78,2,3,0,1,2,4,1,1,67,0,1,1,1,0
21,76,1,1,6,65,0,2,0,2,0,2,0,0,65,0,1,1,1,0
18,65,2,1,6,63,2,1,0,1,0,2,0,2,62,1,1,1,1,0
12,80,1,2,6,61,1,0,2,2,1,2,0,0,65,1,0,1,1,0
18,88,2,2,8,78,1,0,1,1,1,2,1,1,69,1,1,1,0,0
23,85,0,2,8,77,1,0,2,1,2,4,1,0,70,1,1,1,0,0
23,92,0,2,6,71,2,2,0,1,2,2,0,1,70,1,1,1,1,0
9,78,2,1,9,57,0,1,0,2,2,5,0,1,63,0,1,1,0,0
19,81,0,1,8,96,2,0,1,2,1,4,2,0,69,1,1,1,1,0
12,92,0,1,6,71,0,0,1,2,0,4,0,0,64,1,0,1,0,0
25,77,1,2,7,56,1,1,0,1,2,3,2,0,69,1,1,1,0,0
25,88,2,1,8,52,0,1,1,1,2,2,0,0,70,1,1,1,1,0
15,77,1,1,5,58,1,1,0,1,2,3,1,1,64,0,1,1,1,0
15,77,2,1,5,65,0,2,0,1,2,4,2,0,65,1,1,0,1,1
17,90,2,1,8,82,1,0,1,2,1,4,1,0,70,1,1,1,0,0
6,67,1,0,6,99,0,0,1,1,1,2,1,0,60,1,0,1,1,0
22,74,1,2,9,64,2,3,1,1,1,3,0,0,68,0,1,1,1,0
18,69,0,0,10,89,0,2,0,2,1,1,0,1,61,1,1,1,1,1
26,74,1,0,8,96,1,2,1,2,1,3,0,0,68,0,0,1,1,0
13,69,1,0,8,70,1,1,2,2,1,3,0,1,61,1,0,1,0,0
16,83,0,1,5,63,0,2,2,1,2,3,0,1,64,0,0,1,0,1
11,92,1,1,5,75,1,2,1,1,0,3,0,0,66,0,1,1,0,0
14,91,1,1,7,95,1,2,2,2,2,2,0,1,70,1,1,1,1,0
13,75,2,2,5,51,1,3,1,1,0,3,0,0,65,0,0,1,1,0
26,100,1,2,7,74,2,1,1,1,1,2,0,0,74,0,1,1,1,0
16,84,2,2,6,88,0,1,1,1,0,1,0,0,66,1,0,1,0,1
21,76,0,1,7,80,2,3,0,1,0,2,1,0,65,1,1,1,1,1
18,93,0,2,7,75,2,1,2,1,2,1,1,1,69,0,0,1,0,0
12,89,1,2,8,78,0,4,0,1,1,5,2,0,69,0,1,1,1,0
19,90,0,2,7,81,1,2,1,1,2,2,0,0,69,0,0,1,0,0
24,68,2,0,6,84,1,1,0,2,2,4,0,0,66,0,1,1,0,0
13,79,1,0,5,68,1,2,2,1,2,3,0,0,63,0,0,0,0,0
25,94,1,0,7,76,1,1,0,2,1,2,0,1,69,0,0,1,1,1
15,80,1,2,4,64,1,1,1,1,1,1,0,0,65,1,1,1,1,0
17,87,1,1,9,99,1,1,1,0,1,3,0,1,67,1,0,1,0,0
23,84,1,1,8,59,0,1,0,2,2,4,2,2,66,0,1,1,0,1
16,94,0,1,8,58,1,2,0,1,2,3,1,0,67,1,1,1,1,1
20,71,0,2,6,63,2,1,0,1,2,2,1,1,65,1,1,1,1,0
18,83,1,2,8,96,0,0,1,2,2,4,2,0,69,0,1,1,0,1
21,65,0,2,6,83,1,3,0,2,1,5,0,0,65,1,1,1,0,0
6,88,2,2,7,73,1,3,0,1,1,3,1,0,67,1,0,1,1,0
9,89,1,1,6,96,1,0,2,0,0,4,0,0,66,1,1,1,1,0
24,62,0,1,7,95,1,1,2,0,2,3,1,2,64,0,1,1,0,0
26,87,1,2,5,70,0,1,0,1,2,2,0,0,70,0,0,1,0,0
15,77,1,2,7,78,1,0,0,2,1,3,0,1,65,1,1,1,1,0
19,65,0,1,5,95,1,2,1,2,1,4,1,0,65,1,0,1,1,0
22,77,0,0,10,66,1,2,0,1,2,3,1,1,64,1,1,1,0,0
24,68,1,0,7,70,0,1,0,0,1,3,1,0,64,1,1,1,1,0
8,77,1,0,7,90,0,1,1,1,1,0,0,1,61,1,1,1,1,0
15,75,2,1,8,85,1,1,0,2,1,3,0,0,65,1,1,1,0,0
18,90,2,1,5,52,0,5,1,1,2,3,0,1,68,1,0,1,1,1
24,91,0,2,6,56,1,1,0,2,2,2,1,1,70,1,1,1,1,0
35,84,0,1,8,92,2,6,0,2,0,4,0,1,74,1,1,1,1,0
19,61,1,1,7,51,0,1,0,2,1,1,0,0,60,0,1,1,0,0
12,97,2,0,6,96,1,2,0,2,2,2,2,0,71,0,1,1,1,0
22,87,2,2,8,64,1,2,1,2,0,3,0,1,70,0,1,0,1,0
28,61,0,1,7,80,0,2,1,1,2,4,2,0,67,0,1,1,1,0
21,93,1,1,8,78,1,0,0,1,1,3,0,0,68,1,0,0,1,0
15,68,2,1,8,70,1,3,1,2,0,3,0,0,64,0,1,1,0,0
26,83,2,0,6,52,1,0,0,2,0,3,0,0,67,1,1,1,0,0
24,79,0,0,7,60,0,0,0,2,1,3,2,0,65,0,1,1,0,0
14,77,1,1,4,81,0,3,1,1,1,3,1,0,66,0,0,1,1,0
22,96,1,1,6,72,0,1,2,1,2,4,1,0,72,0,1,1,1,0
26,77,0,1,7,71,2,3,2,1,1,3,0,0,69,0,1,1,1,0
27,63,1,1,8,55,0,1,1,1,1,3,2,0,65,0,0,1,1,0
20,98,0,2,8,67,1,0,2,1,2,3,0,0,71,0,1,1,1,0
18,97,2,2,6,76,1,0,1,2,1,5,0,1,72,1,1,1,1,0
27,87,2,1,6,54,1,0,1,1,2,2,0,0,70,0,0,1,0,0
13,79,2,1,9,53,1,1,1,1,2,2,1,1,63,1,0,0,0,0
23,64,1,1,7,75,1,2,1,2,2,2,0,0,66,0,1,1,0,0
12,92,0,0,7,78,2,3,1,2,0,2,1,0,67,1,1,1,1,0
26,63,1,2,8,63,0,1,2,2,1,3,2,0,67,1,1,1,0,0
18,63,1,1,7,66,0,2,1,1,0,2,1,0,62,0,0,1,1,0
28,81,1,2,7,90,2,3,1,1,0,3,0,1,72,1,0,1,1,0
23,66,1,2,7,93,2,1,2,2,2,1,0,0,69,0,1,1,1,0
13,60,1,1,6,66,1,1,1,2,2,5,1,1,61,1,1,1,1,1
29,77,1,0,7,68,2,1,1,1,2,3,0,2,67,0,1,1,1,0
29,65,0,1,4,92,1,0,1,1,2,4,0,0,66,0,0,0,1,0
25,66,1,1,6,99,1,2,1,1,2,3,1,0,68,0,1,1,1,0
15,63,1,2,8,66,2,1,0,1,0,4,1,0,62,1,0,1,0,0
18,68,2,0,8,89,1,0,1,0,0,3,1,2,63,1,1,1,1,0
21,89,1,1,9,74,2,3,0,1,2,4,0,1,70,0,0,1,1,0
16,92,0,2,8,63,1,2,0,1,1,4,1,1,68,1,1,1,1,0
30,78,1,2,8,84,1,1,2,0,0,1,1,0,71,1,0,1,1,0
21,80,2,0,7,73,1,0,1,0,1,2,0,1,65,0,0,1,0,0
4,61,0,2,6,63,1,4,1,1,1,3,0,1,59,1,1,1,1,0
22,63,2,0,8,55,1,2,1,1,1,4,0,0,64,1,0,1,1,0
18,70,1,2,7,93,1,0,1,2,2,3,1,0,67,1,1,1,0,0
20,82,1,1,6,94,1,3,0,1,2,2,0,0,68,1,0,1,0,0
18,90,2,2,6,54,0,1,1,2,0,3,0,0,95,0,1,1,1,0
25,84,1,1,7,83,2,1,0,1,2,3,0,1,70,1,1,1,1,0
27,76,1,1,9,58,1,1,1,1,2,3,1,0,68,0,1,1,0,0
22,65,0,1,7,82,1,2,1,2,2,4,1,0,65,1,1,1,0,1
18,91,0,1,7,95,1,2,0,2,2,2,2,0,70,1,1,1,0,0
20,75,1,1,8,63,1,4,1,0,1,3,2,0,67,1,1,1,0,0
20,89,1,2,8,67,1,2,0,2,1,2,1,0,69,1,1,1,0,1
15,81,1,2,7,90,2,1,0,1,2,2,2,2,68,0,0,1,1,0
23,90,2,2,7,87,2,1,0,1,1,2,0,0,72,0,1,1,0,0
23,96,1,2,6,70,1,1,1,1,1,2,0,0,71,1,1,1,0,0
29,97,1,2,9,92,1,2,0,1,2,4,0,1,75,0,1,1,1,0
28,81,1,2,6,96,1,0,1,1,1,2,0,0,70,1,1,1,0,0
16,80,1,1,9,73,1,2,1,1,0,4,1,0,66,1,0,1,0,0
25,71,1,2,7,52,2,3,0,1,1,3,0,0,67,1,0,1,1,0
14,97,1,1,7,75,2,1,1,1,2,4,1,0,70,0,1,1,1,0
24,78,2,2,8,87,1,2,1,1,1,3,0,0,71,1,1,1,1,0
17,65,1,1,6,61,1,5,0,1,2,4,0,0,64,0,1,1,0,0
14,77,1,1,8,55,2,2,2,2,1,4,0,0,65,1,0,1,0,0
22,65,1,1,7,64,2,1,1,2,0,2,0,1,64,1,0,1,1,0
4,80,0,1,8,51,1,4,1,2,0,5,0,0,62,1,1,1,1,0
9,82,2,0,6,86,1,2,0,2,0,2,1,2,64,0,0,1,1,0
19,74,1,2,6,57,2,1,1,1,2,2,0,0,66,0,0,1,1,0
20,63,1,1,4,86,0,0,2,1,1,3,1,0,64,1,1,1,1,0
18,98,2,1,6,62,0,3,1,2,2,3,0,2,71,0,1,1,1,0
11,91,2,0,6,100,0,4,0,1,0,2,2,0,68,1,1,1,1,0
15,94,1,1,6,77,0,3,2,2,1,4,1,0,70,0,0,1,1,0
22,75,2,1,7,52,2,0,0,1,1,3,1,0,66,0,0,1,0,0
23,90,1,1,7,89,0,2,2,1,2,4,1,1,71,0,1,1,0,0
20,79,1,1,8,71,1,1,1,2,1,3,1,0,68,0,1,1,1,0
27,68,0,0,8,80,2,3,1,1,2,4,0,0,66,1,1,1,1,1
22,65,0,1,8,98,2,4,1,1,1,3,0,0,66,0,0,1,0,0
16,74,0,2,8,76,1,5,0,1,0,3,1,1,65,1,1,1,0,0
18,66,1,1,7,90,1,0,1,1,0,4,2,0,64,1,1,1,1,0
12,100,0,1,7,65,1,1,0,1,2,2,0,0,67,1,0,1,1,0
19,62,1,1,8,86,0,1,2,1,2,3,1,0,65,1,1,1,1,0
27,78,1,1,8,55,0,3,2,1,1,2,2,1,69,1,1,1,1,0
24,78,2,1,5,95,0,1,0,1,2,2,1,0,69,1,0,1,1,0
28,72,0,1,7,60,1,4,2,1,1,3,2,0,69,1,1,1,1,0
18,83,1,2,4,65,0,3,0,1,2,4,1,1,68,1,1,1,0,0
28,66,1,0,4,98,1,0,1,2,2,3,0,0,67,0,1,1,1,0
19,91,1,0,6,58,2,2,0,2,2,3,1,1,68,1,1,1,0,0
29,73,0,0,7,63,1,1,0,1,0,4,2,2,65,0,1,1,1,0
20,84,2,1,6,79,1,3,1,1,0,3,1,1,69,1,1,1,1,0
24,89,1,0,4,99,2,1,2,2,2,3,2,0,73,1,0,1,0,0
29,96,2,1,8,85,0,3,2,1,1,3,2,0,76,1,1,1,0,0
19,93,1,2,6,56,1,0,0,2,0,3,1,0,69,1,0,1,1,0
21,84,2,0,8,87,0,2,2,1,2,1,2,2,69,0,1,1,1,0
28,76,1,1,6,71,1,3,0,1,2,2,0,2,68,0,0,1,1,0
19,80,2,2,6,100,1,1,1,1,2,3,0,0,70,1,1,1,1,0
12,91,1,0,8,81,0,0,0,0,2,4,0,1,64,1,1,1,1,0
33,95,0,0,6,77,0,2,2,2,2,3,0,1,73,0,0,1,1,0
17,64,1,1,7,78,2,1,1,1,2,3,0,0,64,1,1,1,1,0
21,75,1,0,7,82,1,1,1,1,0,4,0,0,65,1,1,1,1,0
27,91,0,2,5,87,1,0,1,1,0,3,0,0,69,0,1,0,0,0
16,77,1,0,8,54,1,0,1,1,0,3,2,0,62,1,1,0,1,0
14,73,2,1,6,57,2,2,1,1,1,4,0,1,64,0,1,1,1,0
22,76,0,2,5,65,0,0,1,2,1,3,0,2,64,0,1,1,0,0
9,84,1,1,6,74,1,5,2,1,1,2,0,0,67,1,1,1,0,0
18,100,1,0,8,66,2,3,0,1,0,3,1,0,69,1,1,0,1,0
21,80,1,0,5,61,1,2,2,1,2,3,0,0,67,1,1,1,1,0
18,68,0,2,8,96,1,1,2,1,1,3,0,1,65,1,1,1,0,0
11,67,1,2,8,52,2,3,2,2,0,3,1,1,63,0,1,1,0,0
30,62,0,0,7,97,1,0,2,1,1,5,1,0,66,0,0,1,1,0
21,82,1,2,7,95,2,1,2,1,0,3,0,0,70,1,1,1,0,0
29,82,1,2,7,84,0,1,0,1,2,2,0,0,70,1,0,1,0,0
18,68,2,2,8,52,2,0,2,2,2,3,1,0,67,1,1,1,1,0
15,88,0,1,6,61,1,0,2,1,1,4,2,2,65,1,1,1,1,1
22,90,0,2,5,99,1,1,0,0,2,2,1,0,70,0,0,1,0,0
19,70,1,1,7,95,2,0,1,2,2,3,1,0,66,0,0,0,1,0
13,74,1,2,8,98,2,1,2,2,0,2,0,0,66,1,1,1,1,0
29,100,1,0,8,100,0,0,0,1,1,5,0,0,72,1,0,1,1,1
16,75,2,0,10,53,2,0,0,0,2,4,1,0,64,0,1,1,1,0
9,90,2,2,7,79,0,4,2,2,2,4,0,0,70,1,1,1,1,0
28,78,1,2,7,92,0,1,1,2,2,3,2,1,71,0,1,1,0,0
17,92,1,1,7,66,0,2,0,1,0,3,0,0,66,1,1,1,0,0
16,91,2,1,6,72,2,0,2,2,0,2,2,0,70,0,1,1,1,0
9,87,0,1,6,64,1,1,2,1,1,2,0,0,64,0,1,1,1,0
30,94,1,0,5,52,0,3,2,1,1,2,2,1,70,0,0,0,0,0
12,98,1,0,4,54,1,2,1,2,1,3,0,0,67,0,0,1,1,0
20,83,1,0,6,51,0,2,1,1,1,4,0,1,65,0,1,1,0,0
25,69,2,1,7,76,1,1,2,1,2,2,0,0,68,0,1,1,0,0
23,76,2,1,8,81,1,3,0,2,2,2,0,0,69,0,1,1,0,0
20,90,1,0,6,65,0,3,0,1,0,2,2,0,68,0,1,1,1,0
10,86,2,2,6,91,2,2,0,1,2,3,0,2,68,0,0,1,1,0
15,67,1,0,9,94,1,0,1,1,2,4,2,0,64,1,1,1,1,0
